[2026-09-22T16:13:50-04:00] ARMED on …719
[2026-09-23T12:00:19-04:00] 2026-09-23-MEIC-12:00-PUT OPEN submitted 1.72 cr (order 1008034441295)
[2026-09-23T12:00:20-04:00] 2026-09-23-MEIC-12:00-CALL OPEN submitted 2.20 cr (order 1008034441297)
[2026-09-23T12:00:50-04:00] 2026-09-23-MEIC-12:00-PUT open REJECTED
[2026-09-23T12:00:51-04:00] 2026-09-23-MEIC-12:00-CALL FILLED @ 2.20 (theo limit 2.20)
[2026-09-23T12:30:22-04:00] 2026-09-23-MEIC-12:30-PUT OPEN submitted 1.80 cr (order 1008035575538)
[2026-09-23T12:30:23-04:00] 2026-09-23-MEIC-12:30-CALL OPEN submitted 1.70 cr (order 1008035575542)
[2026-09-23T12:30:54-04:00] 2026-09-23-MEIC-12:30-CALL FILLED @ 1.85 (theo limit 1.70)
[2026-09-23T12:34:30-04:00] 2026-09-23-MEIC-12:30-PUT repriced to 1.70
[2026-09-23T12:35:01-04:00] 2026-09-23-MEIC-12:30-PUT FILLED @ 1.70 (theo limit 1.70)
[2026-09-23T12:50:33-04:00] 2026-09-23-MEIC-12:30-PUT CLOSE (STOPPED) submitted @ 4.48
[2026-09-23T12:51:04-04:00] 2026-09-23-MEIC-12:30-PUT CLOSE (STOPPED) submitted @ 4.48
[2026-09-23T12:51:35-04:00] 2026-09-23-MEIC-12:30-PUT CLOSE (STOPPED) submitted @ 4.48
[2026-09-23T12:52:07-04:00] 2026-09-23-MEIC-12:30-PUT CLOSE (STOPPED) submitted @ 4.48
[2026-09-23T12:52:39-04:00] 2026-09-23-MEIC-12:30-PUT CLOSE (STOPPED) submitted @ 4.48
[2026-09-23T12:53:10-04:00] 2026-09-23-MEIC-12:30-PUT CLOSE (STOPPED) submitted @ 4.48
[2026-09-23T12:53:41-04:00] 2026-09-23-MEIC-12:30-PUT CLOSE (STOPPED) submitted @ 4.48
[2026-09-23T12:54:13-04:00] 2026-09-23-MEIC-12:30-PUT CLOSE (STOPPED) submitted @ 4.48
[2026-09-23T12:54:44-04:00] 2026-09-23-MEIC-12:30-PUT CLOSE (STOPPED) submitted @ 4.48
[2026-09-23T12:55:15-04:00] 2026-09-23-MEIC-12:30-PUT CLOSE (STOPPED) submitted @ 4.48
[2026-09-23T12:55:47-04:00] 2026-09-23-MEIC-12:30-PUT CLOSE (STOPPED) submitted @ 4.48
[2026-09-23T12:56:18-04:00] 2026-09-23-MEIC-12:30-PUT CLOSE (STOPPED) submitted @ 4.48
[2026-09-23T12:56:49-04:00] 2026-09-23-MEIC-12:30-PUT CLOSE (STOPPED) submitted @ 4.48
[2026-09-23T12:57:21-04:00] 2026-09-23-MEIC-12:30-PUT CLOSE (STOPPED) submitted @ 4.48
[2026-09-23T12:57:52-04:00] 2026-09-23-MEIC-12:30-PUT CLOSE (STOPPED) submitted @ 4.48
[2026-09-23T12:58:23-04:00] 2026-09-23-MEIC-12:30-PUT CLOSE (STOPPED) submitted @ 4.48
[2026-09-23T12:58:54-04:00] 2026-09-23-MEIC-12:30-PUT CLOSE (STOPPED) submitted @ 4.48
[2026-09-23T12:59:26-04:00] 2026-09-23-MEIC-12:30-PUT CLOSE (STOPPED) submitted @ 4.48
[2026-09-23T12:59:57-04:00] 2026-09-23-MEIC-12:30-PUT CLOSE (STOPPED) submitted @ 4.48
[2026-09-23T13:00:28-04:00] 2026-09-23-MEIC-12:30-PUT CLOSE (STOPPED) submitted @ 4.48
[2026-09-23T13:00:29-04:00] 2026-09-23-MEIC-13:00-PUT OPEN submitted 1.97 cr (order 1008037184162)
[2026-09-23T13:00:29-04:00] 2026-09-23-MEIC-13:00-CALL OPEN submitted 1.88 cr (order 1008037184166)
[2026-09-23T13:01:01-04:00] 2026-09-23-MEIC-13:00-PUT open REJECTED
[2026-09-23T13:01:01-04:00] 2026-09-23-MEIC-13:00-CALL open REJECTED
[2026-09-23T13:01:02-04:00] 2026-09-23-MEIC-12:30-PUT CLOSE (STOPPED) submitted @ 4.48
[2026-09-23T13:01:33-04:00] 2026-09-23-MEIC-12:30-PUT CLOSE (STOPPED) submitted @ 4.48
[2026-09-23T13:02:04-04:00] 2026-09-23-MEIC-12:30-PUT CLOSE (STOPPED) submitted @ 4.48
[2026-09-23T13:02:36-04:00] 2026-09-23-MEIC-12:30-PUT CLOSE (STOPPED) submitted @ 4.48
[2026-09-23T13:03:07-04:00] 2026-09-23-MEIC-12:30-PUT CLOSE (STOPPED) submitted @ 4.48
[2026-09-23T13:03:38-04:00] 2026-09-23-MEIC-12:30-PUT CLOSE (STOPPED) submitted @ 4.48
[2026-09-23T13:04:09-04:00] 2026-09-23-MEIC-12:30-PUT CLOSE (STOPPED) submitted @ 4.48
[2026-09-23T13:04:41-04:00] 2026-09-23-MEIC-12:30-PUT CLOSE (STOPPED) submitted @ 4.48
[2026-09-23T13:05:12-04:00] 2026-09-23-MEIC-12:30-PUT CLOSE (STOPPED) submitted @ 4.48
[2026-09-23T13:05:43-04:00] 2026-09-23-MEIC-12:30-PUT CLOSE (STOPPED) submitted @ 4.48
[2026-09-23T13:06:14-04:00] 2026-09-23-MEIC-12:30-PUT CLOSE (STOPPED) submitted @ 4.48
[2026-09-23T13:06:46-04:00] 2026-09-23-MEIC-12:30-PUT CLOSE (STOPPED) submitted @ 4.48
[2026-09-23T13:07:17-04:00] 2026-09-23-MEIC-12:30-PUT CLOSE (STOPPED) submitted @ 4.48
[2026-09-23T13:07:49-04:00] 2026-09-23-MEIC-12:30-PUT CLOSE (STOPPED) submitted @ 4.48
[2026-09-23T13:08:20-04:00] 2026-09-23-MEIC-12:30-PUT CLOSE (STOPPED) submitted @ 4.48
[2026-09-23T13:08:52-04:00] 2026-09-23-MEIC-12:30-PUT CLOSE (STOPPED) submitted @ 4.48
[2026-09-23T13:09:23-04:00] 2026-09-23-MEIC-12:30-PUT CLOSE (STOPPED) submitted @ 4.48
[2026-09-23T13:09:54-04:00] 2026-09-23-MEIC-12:30-PUT CLOSE (STOPPED) submitted @ 4.48
[2026-09-23T13:10:26-04:00] 2026-09-23-MEIC-12:30-PUT CLOSE (STOPPED) submitted @ 4.48
[2026-09-23T13:10:57-04:00] 2026-09-23-MEIC-12:30-PUT CLOSE (STOPPED) submitted @ 4.48
[2026-09-23T13:11:28-04:00] 2026-09-23-MEIC-12:30-PUT CLOSE (STOPPED) submitted @ 4.48
[2026-09-23T13:11:59-04:00] 2026-09-23-MEIC-12:30-PUT CLOSE (STOPPED) submitted @ 4.48
[2026-09-23T13:12:31-04:00] 2026-09-23-MEIC-12:30-PUT CLOSE (STOPPED) submitted @ 4.48
[2026-09-23T13:13:02-04:00] 2026-09-23-MEIC-12:30-PUT CLOSE (STOPPED) submitted @ 4.48
[2026-09-23T13:13:33-04:00] 2026-09-23-MEIC-12:30-PUT CLOSE (STOPPED) submitted @ 4.48
[2026-09-23T13:14:04-04:00] 2026-09-23-MEIC-12:30-PUT CLOSE (STOPPED) submitted @ 4.48
[2026-09-23T13:14:36-04:00] 2026-09-23-MEIC-12:30-PUT CLOSE (STOPPED) submitted @ 4.48
[2026-09-23T13:15:07-04:00] 2026-09-23-MEIC-12:30-PUT CLOSE (STOPPED) submitted @ 4.48
[2026-09-23T13:15:38-04:00] 2026-09-23-MEIC-12:30-PUT CLOSE (STOPPED) submitted @ 4.48
[2026-09-23T13:16:09-04:00] 2026-09-23-MEIC-12:30-PUT CLOSE (STOPPED) submitted @ 4.48
[2026-09-23T13:16:41-04:00] 2026-09-23-MEIC-12:30-PUT CLOSE (STOPPED) submitted @ 4.48
[2026-09-23T13:17:12-04:00] 2026-09-23-MEIC-12:30-PUT CLOSE (STOPPED) submitted @ 4.48
[2026-09-23T13:17:43-04:00] 2026-09-23-MEIC-12:30-PUT CLOSE (STOPPED) submitted @ 4.48
[2026-09-23T13:18:14-04:00] 2026-09-23-MEIC-12:30-PUT CLOSE (STOPPED) submitted @ 4.48
[2026-09-23T13:18:46-04:00] 2026-09-23-MEIC-12:30-PUT CLOSE (STOPPED) submitted @ 4.48
[2026-09-23T13:19:17-04:00] 2026-09-23-MEIC-12:30-PUT CLOSE (STOPPED) submitted @ 4.48
[2026-09-23T13:19:48-04:00] 2026-09-23-MEIC-12:30-PUT CLOSE (STOPPED) submitted @ 4.48
[2026-09-23T13:20:20-04:00] 2026-09-23-MEIC-12:30-PUT CLOSE (STOPPED) submitted @ 4.48
[2026-09-23T13:20:51-04:00] 2026-09-23-MEIC-12:30-PUT CLOSE (STOPPED) submitted @ 4.48
[2026-09-23T13:21:23-04:00] 2026-09-23-MEIC-12:30-PUT CLOSE (STOPPED) submitted @ 4.48
[2026-09-23T13:21:54-04:00] 2026-09-23-MEIC-12:30-PUT CLOSE (STOPPED) submitted @ 4.48
[2026-09-23T13:22:26-04:00] 2026-09-23-MEIC-12:30-PUT CLOSE (STOPPED) submitted @ 4.48
[2026-09-23T13:22:57-04:00] 2026-09-23-MEIC-12:30-PUT CLOSE (STOPPED) submitted @ 4.48
[2026-09-23T13:23:28-04:00] 2026-09-23-MEIC-12:30-PUT CLOSE (STOPPED) submitted @ 4.48
[2026-09-23T13:23:59-04:00] 2026-09-23-MEIC-12:30-PUT CLOSE (STOPPED) submitted @ 4.48
[2026-09-23T13:24:31-04:00] 2026-09-23-MEIC-12:30-PUT CLOSE (STOPPED) submitted @ 4.48
[2026-09-23T13:25:02-04:00] 2026-09-23-MEIC-12:30-PUT CLOSE (STOPPED) submitted @ 4.48
[2026-09-23T13:25:33-04:00] 2026-09-23-MEIC-12:30-PUT CLOSE (STOPPED) submitted @ 4.48
[2026-09-23T13:26:05-04:00] 2026-09-23-MEIC-12:30-PUT CLOSE (STOPPED) submitted @ 4.48
[2026-09-23T13:26:36-04:00] 2026-09-23-MEIC-12:30-PUT CLOSE (STOPPED) submitted @ 4.48
[2026-09-23T13:27:07-04:00] 2026-09-23-MEIC-12:30-PUT CLOSE (STOPPED) submitted @ 4.48
[2026-09-23T13:27:38-04:00] 2026-09-23-MEIC-12:30-PUT CLOSE (STOPPED) submitted @ 4.48
[2026-09-23T13:28:09-04:00] 2026-09-23-MEIC-12:30-PUT CLOSE (STOPPED) submitted @ 4.48
[2026-09-23T13:28:41-04:00] 2026-09-23-MEIC-12:30-PUT CLOSE (STOPPED) submitted @ 4.48
[2026-09-23T13:29:12-04:00] 2026-09-23-MEIC-12:30-PUT CLOSE (STOPPED) submitted @ 4.48
[2026-09-23T13:29:44-04:00] 2026-09-23-MEIC-12:30-PUT CLOSE (STOPPED) submitted @ 4.48
[2026-09-23T13:30:15-04:00] 2026-09-23-MEIC-12:30-PUT CLOSE (STOPPED) submitted @ 4.48
[2026-09-23T13:30:16-04:00] 2026-09-23-MEIC-13:30-PUT OPEN submitted 1.57 cr (order 1008037185860)
[2026-09-23T13:30:17-04:00] 2026-09-23-MEIC-13:30-CALL OPEN submitted 2.25 cr (order 1008037185862)
[2026-09-23T13:30:48-04:00] 2026-09-23-MEIC-13:30-PUT open REJECTED
[2026-09-23T13:30:48-04:00] 2026-09-23-MEIC-13:30-CALL FILLED @ 2.25 (theo limit 2.25)
[2026-09-23T13:30:49-04:00] 2026-09-23-MEIC-12:30-PUT CLOSE (STOPPED) submitted @ 4.48
[2026-09-23T13:31:20-04:00] 2026-09-23-MEIC-12:30-PUT CLOSE (STOPPED) submitted @ 4.48
[2026-09-23T13:31:51-04:00] 2026-09-23-MEIC-12:30-PUT CLOSE (STOPPED) submitted @ 4.48
[2026-09-23T13:32:22-04:00] 2026-09-23-MEIC-12:30-PUT CLOSE (STOPPED) submitted @ 4.48
[2026-09-23T13:32:54-04:00] 2026-09-23-MEIC-12:30-PUT CLOSE (STOPPED) submitted @ 4.48
[2026-09-23T13:33:25-04:00] 2026-09-23-MEIC-12:30-PUT CLOSE (STOPPED) submitted @ 4.48
[2026-09-23T13:33:56-04:00] 2026-09-23-MEIC-12:30-PUT CLOSE (STOPPED) submitted @ 4.48
[2026-09-23T13:34:28-04:00] 2026-09-23-MEIC-12:30-PUT CLOSE (STOPPED) submitted @ 4.48
[2026-09-23T13:34:59-04:00] 2026-09-23-MEIC-12:30-PUT CLOSE (STOPPED) submitted @ 4.48
[2026-09-23T13:35:30-04:00] 2026-09-23-MEIC-12:30-PUT CLOSE (STOPPED) submitted @ 4.48
[2026-09-23T13:36:02-04:00] 2026-09-23-MEIC-12:30-PUT CLOSE (STOPPED) submitted @ 4.48
[2026-09-23T13:36:33-04:00] 2026-09-23-MEIC-12:30-PUT CLOSE (STOPPED) submitted @ 4.48
[2026-09-23T13:37:04-04:00] 2026-09-23-MEIC-12:30-PUT CLOSE (STOPPED) submitted @ 4.48
[2026-09-23T13:37:36-04:00] 2026-09-23-MEIC-12:30-PUT CLOSE (STOPPED) submitted @ 4.48
[2026-09-23T13:38:07-04:00] 2026-09-23-MEIC-12:30-PUT CLOSE (STOPPED) submitted @ 4.48
[2026-09-23T13:38:39-04:00] 2026-09-23-MEIC-12:30-PUT CLOSE (STOPPED) submitted @ 4.48
[2026-09-23T13:39:10-04:00] 2026-09-23-MEIC-12:30-PUT CLOSE (STOPPED) submitted @ 4.48
[2026-09-23T13:39:41-04:00] 2026-09-23-MEIC-12:30-PUT CLOSE (STOPPED) submitted @ 4.48
[2026-09-23T13:40:13-04:00] 2026-09-23-MEIC-12:30-PUT CLOSE (STOPPED) submitted @ 4.48
[2026-09-23T13:40:44-04:00] 2026-09-23-MEIC-12:30-PUT CLOSE (STOPPED) submitted @ 4.48
[2026-09-23T13:41:16-04:00] 2026-09-23-MEIC-12:30-PUT CLOSE (STOPPED) submitted @ 4.48
[2026-09-23T13:41:47-04:00] 2026-09-23-MEIC-12:30-PUT CLOSE (STOPPED) submitted @ 4.48
[2026-09-23T13:42:19-04:00] 2026-09-23-MEIC-12:30-PUT CLOSE (STOPPED) submitted @ 4.48
[2026-09-23T13:42:19-04:00] 2026-09-23-MEIC-13:30-CALL CLOSE (STOPPED) submitted @ 4.52
[2026-09-23T13:42:51-04:00] 2026-09-23-MEIC-12:30-PUT CLOSE (STOPPED) submitted @ 4.48
[2026-09-23T13:42:51-04:00] 2026-09-23-MEIC-13:30-CALL CLOSE (STOPPED) submitted @ 4.52
[2026-09-23T13:43:23-04:00] 2026-09-23-MEIC-12:30-PUT CLOSE (STOPPED) submitted @ 4.48
[2026-09-23T13:43:23-04:00] 2026-09-23-MEIC-13:30-CALL CLOSE (STOPPED) submitted @ 4.52
[2026-09-23T13:43:56-04:00] 2026-09-23-MEIC-12:30-PUT CLOSE (STOPPED) submitted @ 4.48
[2026-09-23T13:43:56-04:00] 2026-09-23-MEIC-13:30-CALL CLOSE (STOPPED) submitted @ 4.52
[2026-09-23T13:44:28-04:00] 2026-09-23-MEIC-12:30-PUT CLOSE (STOPPED) submitted @ 4.48
[2026-09-23T13:44:28-04:00] 2026-09-23-MEIC-13:30-CALL CLOSE (STOPPED) submitted @ 4.52
[2026-09-23T13:45:00-04:00] 2026-09-23-MEIC-12:30-PUT CLOSE (STOPPED) submitted @ 4.48
[2026-09-23T13:45:01-04:00] 2026-09-23-MEIC-13:30-CALL CLOSE (STOPPED) submitted @ 4.52
[2026-09-23T13:45:32-04:00] 2026-09-23-MEIC-12:30-PUT CLOSE (STOPPED) submitted @ 4.48
[2026-09-23T13:45:33-04:00] 2026-09-23-MEIC-13:30-CALL CLOSE (STOPPED) submitted @ 4.52
[2026-09-23T13:46:05-04:00] 2026-09-23-MEIC-12:30-PUT CLOSE (STOPPED) submitted @ 4.48
[2026-09-23T13:46:05-04:00] 2026-09-23-MEIC-13:30-CALL CLOSE (STOPPED) submitted @ 4.52
[2026-09-23T13:46:37-04:00] 2026-09-23-MEIC-12:30-PUT CLOSE (STOPPED) submitted @ 4.48
[2026-09-23T13:46:37-04:00] 2026-09-23-MEIC-13:30-CALL CLOSE (STOPPED) submitted @ 4.52
[2026-09-23T13:47:09-04:00] 2026-09-23-MEIC-12:30-PUT CLOSE (STOPPED) submitted @ 4.48
[2026-09-23T13:47:09-04:00] 2026-09-23-MEIC-13:30-CALL CLOSE (STOPPED) submitted @ 4.52
[2026-09-23T13:47:41-04:00] 2026-09-23-MEIC-12:30-PUT CLOSE (STOPPED) submitted @ 4.48
[2026-09-23T13:47:42-04:00] 2026-09-23-MEIC-13:30-CALL CLOSE (STOPPED) submitted @ 4.52
[2026-09-23T13:48:15-04:00] 2026-09-23-MEIC-12:30-PUT CLOSE (STOPPED) submitted @ 4.48
[2026-09-23T13:48:16-04:00] 2026-09-23-MEIC-13:30-CALL CLOSE (STOPPED) submitted @ 4.52
[2026-09-23T13:48:48-04:00] 2026-09-23-MEIC-12:30-PUT CLOSE (STOPPED) submitted @ 4.48
[2026-09-23T13:48:48-04:00] 2026-09-23-MEIC-13:30-CALL CLOSE (STOPPED) submitted @ 4.52
[2026-09-23T13:49:20-04:00] 2026-09-23-MEIC-12:30-PUT CLOSE (STOPPED) submitted @ 4.48
[2026-09-23T13:49:21-04:00] 2026-09-23-MEIC-13:30-CALL CLOSE (STOPPED) submitted @ 4.52
[2026-09-23T13:49:53-04:00] 2026-09-23-MEIC-12:30-PUT CLOSE (STOPPED) submitted @ 4.48
[2026-09-23T13:49:53-04:00] 2026-09-23-MEIC-13:30-CALL CLOSE (STOPPED) submitted @ 4.52
[2026-09-23T13:50:25-04:00] 2026-09-23-MEIC-12:30-PUT CLOSE (STOPPED) submitted @ 4.48
[2026-09-23T13:50:26-04:00] 2026-09-23-MEIC-13:30-CALL CLOSE (STOPPED) submitted @ 4.52
[2026-09-23T13:50:58-04:00] 2026-09-23-MEIC-12:30-PUT CLOSE (STOPPED) submitted @ 4.48
[2026-09-23T13:50:58-04:00] 2026-09-23-MEIC-13:30-CALL CLOSE (STOPPED) submitted @ 4.52
[2026-09-23T13:51:30-04:00] 2026-09-23-MEIC-12:30-PUT CLOSE (STOPPED) submitted @ 4.48
[2026-09-23T13:51:30-04:00] 2026-09-23-MEIC-13:30-CALL CLOSE (STOPPED) submitted @ 4.52
[2026-09-23T13:52:02-04:00] 2026-09-23-MEIC-12:30-PUT CLOSE (STOPPED) submitted @ 4.48
[2026-09-23T13:52:03-04:00] 2026-09-23-MEIC-13:30-CALL CLOSE (STOPPED) submitted @ 4.52
[2026-09-23T13:52:34-04:00] 2026-09-23-MEIC-12:30-PUT CLOSE (STOPPED) submitted @ 4.48
[2026-09-23T13:52:35-04:00] 2026-09-23-MEIC-13:30-CALL CLOSE (STOPPED) submitted @ 4.52
[2026-09-23T13:53:06-04:00] 2026-09-23-MEIC-12:30-PUT CLOSE (STOPPED) submitted @ 4.48
[2026-09-23T13:53:07-04:00] 2026-09-23-MEIC-13:30-CALL CLOSE (STOPPED) submitted @ 4.52
[2026-09-23T13:53:38-04:00] 2026-09-23-MEIC-12:30-PUT CLOSE (STOPPED) submitted @ 4.48
[2026-09-23T13:53:39-04:00] 2026-09-23-MEIC-13:30-CALL CLOSE (STOPPED) submitted @ 4.52
[2026-09-23T13:54:10-04:00] 2026-09-23-MEIC-12:30-PUT CLOSE (STOPPED) submitted @ 4.48
[2026-09-23T13:54:11-04:00] 2026-09-23-MEIC-13:30-CALL CLOSE (STOPPED) submitted @ 4.52
[2026-09-23T13:54:42-04:00] 2026-09-23-MEIC-12:30-PUT CLOSE (STOPPED) submitted @ 4.48
[2026-09-23T13:54:43-04:00] 2026-09-23-MEIC-13:30-CALL CLOSE (STOPPED) submitted @ 4.52
[2026-09-23T13:55:15-04:00] 2026-09-23-MEIC-12:30-PUT CLOSE (STOPPED) submitted @ 4.48
[2026-09-23T13:55:15-04:00] 2026-09-23-MEIC-13:30-CALL CLOSE (STOPPED) submitted @ 4.52
[2026-09-23T13:55:47-04:00] 2026-09-23-MEIC-12:30-PUT CLOSE (STOPPED) submitted @ 4.48
[2026-09-23T13:55:47-04:00] 2026-09-23-MEIC-13:30-CALL CLOSE (STOPPED) submitted @ 4.52
[2026-09-23T13:56:19-04:00] 2026-09-23-MEIC-12:30-PUT CLOSE (STOPPED) submitted @ 4.48
[2026-09-23T13:56:20-04:00] 2026-09-23-MEIC-13:30-CALL CLOSE (STOPPED) submitted @ 4.52
[2026-09-23T13:56:52-04:00] 2026-09-23-MEIC-12:30-PUT CLOSE (STOPPED) submitted @ 4.48
[2026-09-23T13:56:52-04:00] 2026-09-23-MEIC-13:30-CALL CLOSE (STOPPED) submitted @ 4.52
[2026-09-23T13:57:24-04:00] 2026-09-23-MEIC-12:30-PUT CLOSE (STOPPED) submitted @ 4.48
[2026-09-23T13:57:24-04:00] 2026-09-23-MEIC-13:30-CALL CLOSE (STOPPED) submitted @ 4.52
[2026-09-23T13:57:56-04:00] 2026-09-23-MEIC-12:30-PUT CLOSE (STOPPED) submitted @ 4.48
[2026-09-23T13:57:57-04:00] 2026-09-23-MEIC-13:30-CALL CLOSE (STOPPED) submitted @ 4.52
[2026-09-23T13:58:29-04:00] 2026-09-23-MEIC-12:30-PUT CLOSE (STOPPED) submitted @ 4.48
[2026-09-23T13:58:29-04:00] 2026-09-23-MEIC-13:30-CALL CLOSE (STOPPED) submitted @ 4.52
[2026-09-23T13:59:01-04:00] 2026-09-23-MEIC-12:30-PUT CLOSE (STOPPED) submitted @ 4.48
[2026-09-23T13:59:01-04:00] 2026-09-23-MEIC-13:30-CALL CLOSE (STOPPED) submitted @ 4.52
[2026-09-23T13:59:33-04:00] 2026-09-23-MEIC-12:30-PUT CLOSE (STOPPED) submitted @ 4.48
[2026-09-23T13:59:33-04:00] 2026-09-23-MEIC-13:30-CALL CLOSE (STOPPED) submitted @ 4.52
[2026-09-23T14:00:05-04:00] 2026-09-23-MEIC-12:30-PUT CLOSE (STOPPED) submitted @ 4.48
[2026-09-23T14:00:06-04:00] 2026-09-23-MEIC-13:30-CALL CLOSE (STOPPED) submitted @ 4.52
[2026-09-23T14:00:06-04:00] 2026-09-23-MEIC-14:00-PUT OPEN submitted 1.95 cr (order 1008039041426)
[2026-09-23T14:00:07-04:00] 2026-09-23-MEIC-14:00-CALL OPEN submitted 1.60 cr (order 1008039041429)
[2026-09-23T14:00:38-04:00] 2026-09-23-MEIC-14:00-PUT FILLED @ 1.95 (theo limit 1.95)
[2026-09-23T14:00:39-04:00] 2026-09-23-MEIC-14:00-CALL FILLED @ 1.60 (theo limit 1.60)
[2026-09-23T14:00:39-04:00] 2026-09-23-MEIC-12:30-PUT CLOSE (STOPPED) submitted @ 4.48
[2026-09-23T14:00:40-04:00] 2026-09-23-MEIC-13:30-CALL CLOSE (STOPPED) submitted @ 4.52
[2026-09-23T14:01:12-04:00] 2026-09-23-MEIC-12:30-PUT CLOSE (STOPPED) submitted @ 4.48
[2026-09-23T14:01:12-04:00] 2026-09-23-MEIC-13:30-CALL CLOSE (STOPPED) submitted @ 4.52
[2026-09-23T14:01:44-04:00] 2026-09-23-MEIC-12:30-PUT CLOSE (STOPPED) submitted @ 4.48
[2026-09-23T14:01:45-04:00] 2026-09-23-MEIC-13:30-CALL CLOSE (STOPPED) submitted @ 4.52
[2026-09-23T14:02:16-04:00] 2026-09-23-MEIC-12:30-PUT CLOSE (STOPPED) submitted @ 4.48
[2026-09-23T14:02:17-04:00] 2026-09-23-MEIC-13:30-CALL CLOSE (STOPPED) submitted @ 4.52
[2026-09-23T14:02:49-04:00] 2026-09-23-MEIC-12:30-PUT CLOSE (STOPPED) submitted @ 4.48
[2026-09-23T14:02:49-04:00] 2026-09-23-MEIC-13:30-CALL CLOSE (STOPPED) submitted @ 4.52
[2026-09-23T14:03:21-04:00] 2026-09-23-MEIC-12:30-PUT CLOSE (STOPPED) submitted @ 4.48
[2026-09-23T14:03:22-04:00] 2026-09-23-MEIC-13:30-CALL CLOSE (STOPPED) submitted @ 4.52
[2026-09-23T14:03:53-04:00] 2026-09-23-MEIC-12:30-PUT CLOSE (STOPPED) submitted @ 4.48
[2026-09-23T14:03:54-04:00] 2026-09-23-MEIC-13:30-CALL CLOSE (STOPPED) submitted @ 4.52
[2026-09-23T14:04:26-04:00] 2026-09-23-MEIC-12:30-PUT CLOSE (STOPPED) submitted @ 4.48
[2026-09-23T14:04:26-04:00] 2026-09-23-MEIC-13:30-CALL CLOSE (STOPPED) submitted @ 4.52
[2026-09-23T14:04:58-04:00] 2026-09-23-MEIC-12:30-PUT CLOSE (STOPPED) submitted @ 4.48
[2026-09-23T14:04:58-04:00] 2026-09-23-MEIC-13:30-CALL CLOSE (STOPPED) submitted @ 4.52
[2026-09-23T14:05:30-04:00] 2026-09-23-MEIC-12:30-PUT CLOSE (STOPPED) submitted @ 4.48
[2026-09-23T14:05:30-04:00] 2026-09-23-MEIC-13:30-CALL CLOSE (STOPPED) submitted @ 4.52
[2026-09-23T14:05:31-04:00] 2026-09-23-MEIC-14:00-PUT CLOSE (STOPPED) submitted @ 4.18
[2026-09-23T14:06:03-04:00] 2026-09-23-MEIC-12:30-PUT CLOSE (STOPPED) submitted @ 4.48
[2026-09-23T14:06:04-04:00] 2026-09-23-MEIC-13:30-CALL CLOSE (STOPPED) submitted @ 4.52
[2026-09-23T14:06:04-04:00] 2026-09-23-MEIC-14:00-PUT CLOSE (STOPPED) submitted @ 4.18
[2026-09-23T14:06:36-04:00] 2026-09-23-MEIC-12:30-PUT CLOSE (STOPPED) submitted @ 4.48
[2026-09-23T14:06:37-04:00] 2026-09-23-MEIC-13:30-CALL CLOSE (STOPPED) submitted @ 4.52
[2026-09-23T14:06:37-04:00] 2026-09-23-MEIC-14:00-PUT CLOSE (STOPPED) submitted @ 4.18
[2026-09-23T14:07:09-04:00] 2026-09-23-MEIC-12:30-PUT CLOSE (STOPPED) submitted @ 4.48
[2026-09-23T14:07:10-04:00] 2026-09-23-MEIC-13:30-CALL CLOSE (STOPPED) submitted @ 4.52
[2026-09-23T14:07:10-04:00] 2026-09-23-MEIC-14:00-PUT CLOSE (STOPPED) submitted @ 4.18
[2026-09-23T14:07:42-04:00] 2026-09-23-MEIC-12:30-PUT CLOSE (STOPPED) submitted @ 4.48
[2026-09-23T14:07:42-04:00] 2026-09-23-MEIC-13:30-CALL CLOSE (STOPPED) submitted @ 4.52
[2026-09-23T14:07:43-04:00] 2026-09-23-MEIC-14:00-PUT CLOSE (STOPPED) submitted @ 4.18
[2026-09-23T14:08:15-04:00] 2026-09-23-MEIC-12:30-PUT CLOSE (STOPPED) submitted @ 4.48
[2026-09-23T14:08:15-04:00] 2026-09-23-MEIC-13:30-CALL CLOSE (STOPPED) submitted @ 4.52
[2026-09-23T14:08:16-04:00] 2026-09-23-MEIC-14:00-PUT CLOSE (STOPPED) submitted @ 4.18
[2026-09-23T14:08:48-04:00] 2026-09-23-MEIC-12:30-PUT CLOSE (STOPPED) submitted @ 4.48
[2026-09-23T14:08:48-04:00] 2026-09-23-MEIC-13:30-CALL CLOSE (STOPPED) submitted @ 4.52
[2026-09-23T14:08:49-04:00] 2026-09-23-MEIC-14:00-PUT CLOSE (STOPPED) submitted @ 4.18
[2026-09-23T14:09:21-04:00] 2026-09-23-MEIC-12:30-PUT CLOSE (STOPPED) submitted @ 4.48
[2026-09-23T14:09:21-04:00] 2026-09-23-MEIC-13:30-CALL CLOSE (STOPPED) submitted @ 4.52
[2026-09-23T14:09:22-04:00] 2026-09-23-MEIC-14:00-PUT CLOSE (STOPPED) submitted @ 4.18
[2026-09-23T14:09:54-04:00] 2026-09-23-MEIC-12:30-PUT CLOSE (STOPPED) submitted @ 4.48
[2026-09-23T14:09:54-04:00] 2026-09-23-MEIC-13:30-CALL CLOSE (STOPPED) submitted @ 4.52
[2026-09-23T14:09:55-04:00] 2026-09-23-MEIC-14:00-PUT CLOSE (STOPPED) submitted @ 4.18
[2026-09-23T14:10:27-04:00] 2026-09-23-MEIC-12:30-PUT CLOSE (STOPPED) submitted @ 4.48
[2026-09-23T14:10:28-04:00] 2026-09-23-MEIC-13:30-CALL CLOSE (STOPPED) submitted @ 4.52
[2026-09-23T14:10:28-04:00] 2026-09-23-MEIC-14:00-PUT CLOSE (STOPPED) submitted @ 4.18
[2026-09-23T14:11:00-04:00] 2026-09-23-MEIC-12:30-PUT CLOSE (STOPPED) submitted @ 4.48
[2026-09-23T14:11:01-04:00] 2026-09-23-MEIC-13:30-CALL CLOSE (STOPPED) submitted @ 4.52
[2026-09-23T14:11:01-04:00] 2026-09-23-MEIC-14:00-PUT CLOSE (STOPPED) submitted @ 4.18
[2026-09-23T14:11:33-04:00] 2026-09-23-MEIC-12:30-PUT CLOSE (STOPPED) submitted @ 4.48
[2026-09-23T14:11:34-04:00] 2026-09-23-MEIC-13:30-CALL CLOSE (STOPPED) submitted @ 4.52
[2026-09-23T14:11:34-04:00] 2026-09-23-MEIC-14:00-PUT CLOSE (STOPPED) submitted @ 4.18
[2026-09-23T14:12:06-04:00] 2026-09-23-MEIC-12:30-PUT CLOSE (STOPPED) submitted @ 4.48
[2026-09-23T14:12:07-04:00] 2026-09-23-MEIC-13:30-CALL CLOSE (STOPPED) submitted @ 4.52
[2026-09-23T14:12:07-04:00] 2026-09-23-MEIC-14:00-PUT CLOSE (STOPPED) submitted @ 4.18
[2026-09-23T14:12:40-04:00] 2026-09-23-MEIC-12:30-PUT CLOSE (STOPPED) submitted @ 4.48
[2026-09-23T14:12:41-04:00] 2026-09-23-MEIC-13:30-CALL CLOSE (STOPPED) submitted @ 4.52
[2026-09-23T14:12:41-04:00] 2026-09-23-MEIC-14:00-PUT CLOSE (STOPPED) submitted @ 4.18
[2026-09-23T14:13:13-04:00] 2026-09-23-MEIC-12:30-PUT CLOSE (STOPPED) submitted @ 4.48
[2026-09-23T14:13:14-04:00] 2026-09-23-MEIC-13:30-CALL CLOSE (STOPPED) submitted @ 4.52
[2026-09-23T14:13:14-04:00] 2026-09-23-MEIC-14:00-PUT CLOSE (STOPPED) submitted @ 4.18
[2026-09-23T14:13:46-04:00] 2026-09-23-MEIC-12:30-PUT CLOSE (STOPPED) submitted @ 4.48
[2026-09-23T14:13:47-04:00] 2026-09-23-MEIC-13:30-CALL CLOSE (STOPPED) submitted @ 4.52
[2026-09-23T14:13:47-04:00] 2026-09-23-MEIC-14:00-PUT CLOSE (STOPPED) submitted @ 4.18
[2026-09-23T14:14:19-04:00] 2026-09-23-MEIC-12:30-PUT CLOSE (STOPPED) submitted @ 4.48
[2026-09-23T14:14:20-04:00] 2026-09-23-MEIC-13:30-CALL CLOSE (STOPPED) submitted @ 4.52
[2026-09-23T14:14:20-04:00] 2026-09-23-MEIC-14:00-PUT CLOSE (STOPPED) submitted @ 4.18
[2026-09-23T14:14:52-04:00] 2026-09-23-MEIC-12:30-PUT CLOSE (STOPPED) submitted @ 4.48
[2026-09-23T14:14:53-04:00] 2026-09-23-MEIC-13:30-CALL CLOSE (STOPPED) submitted @ 4.52
[2026-09-23T14:14:53-04:00] 2026-09-23-MEIC-14:00-PUT CLOSE (STOPPED) submitted @ 4.18
[2026-09-23T14:15:25-04:00] 2026-09-23-MEIC-12:30-PUT CLOSE (STOPPED) submitted @ 4.48
[2026-09-23T14:15:26-04:00] 2026-09-23-MEIC-13:30-CALL CLOSE (STOPPED) submitted @ 4.52
[2026-09-23T14:15:26-04:00] 2026-09-23-MEIC-14:00-PUT CLOSE (STOPPED) submitted @ 4.18
[2026-09-23T14:15:58-04:00] 2026-09-23-MEIC-12:30-PUT CLOSE (STOPPED) submitted @ 4.48
[2026-09-23T14:15:59-04:00] 2026-09-23-MEIC-13:30-CALL CLOSE (STOPPED) submitted @ 4.52
[2026-09-23T14:15:59-04:00] 2026-09-23-MEIC-14:00-PUT CLOSE (STOPPED) submitted @ 4.18
[2026-09-23T14:16:32-04:00] 2026-09-23-MEIC-12:30-PUT CLOSE (STOPPED) submitted @ 4.48
[2026-09-23T14:16:32-04:00] 2026-09-23-MEIC-13:30-CALL CLOSE (STOPPED) submitted @ 4.52
[2026-09-23T14:16:33-04:00] 2026-09-23-MEIC-14:00-PUT CLOSE (STOPPED) submitted @ 4.18
[2026-09-23T14:17:05-04:00] 2026-09-23-MEIC-12:30-PUT CLOSE (STOPPED) submitted @ 4.48
[2026-09-23T14:17:05-04:00] 2026-09-23-MEIC-13:30-CALL CLOSE (STOPPED) submitted @ 4.52
[2026-09-23T14:17:06-04:00] 2026-09-23-MEIC-14:00-PUT CLOSE (STOPPED) submitted @ 4.18
[2026-09-23T14:17:38-04:00] 2026-09-23-MEIC-12:30-PUT CLOSE (STOPPED) submitted @ 4.48
[2026-09-23T14:17:38-04:00] 2026-09-23-MEIC-13:30-CALL CLOSE (STOPPED) submitted @ 4.52
[2026-09-23T14:17:39-04:00] 2026-09-23-MEIC-14:00-PUT CLOSE (STOPPED) submitted @ 4.18
[2026-09-23T14:18:11-04:00] 2026-09-23-MEIC-12:30-PUT CLOSE (STOPPED) submitted @ 4.48
[2026-09-23T14:18:12-04:00] 2026-09-23-MEIC-13:30-CALL CLOSE (STOPPED) submitted @ 4.52
[2026-09-23T14:18:12-04:00] 2026-09-23-MEIC-14:00-PUT CLOSE (STOPPED) submitted @ 4.18
[2026-09-23T14:18:44-04:00] 2026-09-23-MEIC-12:30-PUT CLOSE (STOPPED) submitted @ 4.48
[2026-09-23T14:18:45-04:00] 2026-09-23-MEIC-13:30-CALL CLOSE (STOPPED) submitted @ 4.52
[2026-09-23T14:18:45-04:00] 2026-09-23-MEIC-14:00-PUT CLOSE (STOPPED) submitted @ 4.18
[2026-09-23T14:19:17-04:00] 2026-09-23-MEIC-12:30-PUT CLOSE (STOPPED) submitted @ 4.48
[2026-09-23T14:19:17-04:00] 2026-09-23-MEIC-13:30-CALL CLOSE (STOPPED) submitted @ 4.52
[2026-09-23T14:19:18-04:00] 2026-09-23-MEIC-14:00-PUT CLOSE (STOPPED) submitted @ 4.18
[2026-09-23T14:19:50-04:00] 2026-09-23-MEIC-12:30-PUT CLOSE (STOPPED) submitted @ 4.48
[2026-09-23T14:19:51-04:00] 2026-09-23-MEIC-13:30-CALL CLOSE (STOPPED) submitted @ 4.52
[2026-09-23T14:19:51-04:00] 2026-09-23-MEIC-14:00-PUT CLOSE (STOPPED) submitted @ 4.18
[2026-09-23T14:20:24-04:00] 2026-09-23-MEIC-12:30-PUT CLOSE (STOPPED) submitted @ 4.48
[2026-09-23T14:20:24-04:00] 2026-09-23-MEIC-13:30-CALL CLOSE (STOPPED) submitted @ 4.52
[2026-09-23T14:20:24-04:00] 2026-09-23-MEIC-14:00-PUT CLOSE (STOPPED) submitted @ 4.18
[2026-09-23T14:20:57-04:00] 2026-09-23-MEIC-12:30-PUT CLOSE (STOPPED) submitted @ 4.48
[2026-09-23T14:20:58-04:00] 2026-09-23-MEIC-13:30-CALL CLOSE (STOPPED) submitted @ 4.52
[2026-09-23T14:20:58-04:00] 2026-09-23-MEIC-14:00-PUT CLOSE (STOPPED) submitted @ 4.18
[2026-09-23T14:21:30-04:00] 2026-09-23-MEIC-12:30-PUT CLOSE (STOPPED) submitted @ 4.48
[2026-09-23T14:21:31-04:00] 2026-09-23-MEIC-13:30-CALL CLOSE (STOPPED) submitted @ 4.52
[2026-09-23T14:21:31-04:00] 2026-09-23-MEIC-14:00-PUT CLOSE (STOPPED) submitted @ 4.18
[2026-09-23T14:22:03-04:00] 2026-09-23-MEIC-12:30-PUT CLOSE (STOPPED) submitted @ 4.48
[2026-09-23T14:22:04-04:00] 2026-09-23-MEIC-13:30-CALL CLOSE (STOPPED) submitted @ 4.52
[2026-09-23T14:22:04-04:00] 2026-09-23-MEIC-14:00-PUT CLOSE (STOPPED) submitted @ 4.18
[2026-09-23T14:22:36-04:00] 2026-09-23-MEIC-12:30-PUT CLOSE (STOPPED) submitted @ 4.48
[2026-09-23T14:22:37-04:00] 2026-09-23-MEIC-13:30-CALL CLOSE (STOPPED) submitted @ 4.52
[2026-09-23T14:22:38-04:00] 2026-09-23-MEIC-14:00-PUT CLOSE (STOPPED) submitted @ 4.18
[2026-09-23T14:23:10-04:00] 2026-09-23-MEIC-12:30-PUT CLOSE (STOPPED) submitted @ 4.48
[2026-09-23T14:23:10-04:00] 2026-09-23-MEIC-13:30-CALL CLOSE (STOPPED) submitted @ 4.52
[2026-09-23T14:23:11-04:00] 2026-09-23-MEIC-14:00-PUT CLOSE (STOPPED) submitted @ 4.18
[2026-09-23T14:23:43-04:00] 2026-09-23-MEIC-12:30-PUT CLOSE (STOPPED) submitted @ 4.48
[2026-09-23T14:23:43-04:00] 2026-09-23-MEIC-13:30-CALL CLOSE (STOPPED) submitted @ 4.52
[2026-09-23T14:23:44-04:00] 2026-09-23-MEIC-14:00-PUT CLOSE (STOPPED) submitted @ 4.18
[2026-09-23T14:24:16-04:00] 2026-09-23-MEIC-12:30-PUT CLOSE (STOPPED) submitted @ 4.48
[2026-09-23T14:24:17-04:00] 2026-09-23-MEIC-13:30-CALL CLOSE (STOPPED) submitted @ 4.52
[2026-09-23T14:24:17-04:00] 2026-09-23-MEIC-14:00-PUT CLOSE (STOPPED) submitted @ 4.18
[2026-09-23T14:24:50-04:00] 2026-09-23-MEIC-12:30-PUT CLOSE (STOPPED) submitted @ 4.48
[2026-09-23T14:24:51-04:00] 2026-09-23-MEIC-13:30-CALL CLOSE (STOPPED) submitted @ 4.52
[2026-09-23T14:24:52-04:00] 2026-09-23-MEIC-14:00-PUT CLOSE (STOPPED) submitted @ 4.18
[2026-09-23T14:25:24-04:00] 2026-09-23-MEIC-12:30-PUT CLOSE (STOPPED) submitted @ 4.48
[2026-09-23T14:25:24-04:00] 2026-09-23-MEIC-13:30-CALL CLOSE (STOPPED) submitted @ 4.52
[2026-09-23T14:25:25-04:00] 2026-09-23-MEIC-14:00-PUT CLOSE (STOPPED) submitted @ 4.18
[2026-09-23T14:25:57-04:00] 2026-09-23-MEIC-12:30-PUT CLOSE (STOPPED) submitted @ 4.48
[2026-09-23T14:25:57-04:00] 2026-09-23-MEIC-13:30-CALL CLOSE (STOPPED) submitted @ 4.52
[2026-09-23T14:25:58-04:00] 2026-09-23-MEIC-14:00-PUT CLOSE (STOPPED) submitted @ 4.18
[2026-09-23T14:26:30-04:00] 2026-09-23-MEIC-12:30-PUT CLOSE (STOPPED) submitted @ 4.48
[2026-09-23T14:26:30-04:00] 2026-09-23-MEIC-13:30-CALL CLOSE (STOPPED) submitted @ 4.52
[2026-09-23T14:26:31-04:00] 2026-09-23-MEIC-14:00-PUT CLOSE (STOPPED) submitted @ 4.18
[2026-09-23T14:27:04-04:00] 2026-09-23-MEIC-12:30-PUT CLOSE (STOPPED) submitted @ 4.48
[2026-09-23T14:27:04-04:00] 2026-09-23-MEIC-13:30-CALL CLOSE (STOPPED) submitted @ 4.52
[2026-09-23T14:27:05-04:00] 2026-09-23-MEIC-14:00-PUT CLOSE (STOPPED) submitted @ 4.18
[2026-09-23T14:27:37-04:00] 2026-09-23-MEIC-12:30-PUT CLOSE (STOPPED) submitted @ 4.48
[2026-09-23T14:27:38-04:00] 2026-09-23-MEIC-13:30-CALL CLOSE (STOPPED) submitted @ 4.52
[2026-09-23T14:27:38-04:00] 2026-09-23-MEIC-14:00-PUT CLOSE (STOPPED) submitted @ 4.18
[2026-09-23T14:28:10-04:00] 2026-09-23-MEIC-12:30-PUT CLOSE (STOPPED) submitted @ 4.48
[2026-09-23T14:28:11-04:00] 2026-09-23-MEIC-13:30-CALL CLOSE (STOPPED) submitted @ 4.52
[2026-09-23T14:28:11-04:00] 2026-09-23-MEIC-14:00-PUT CLOSE (STOPPED) submitted @ 4.18
[2026-09-23T14:28:43-04:00] 2026-09-23-MEIC-12:30-PUT CLOSE (STOPPED) submitted @ 4.48
[2026-09-23T14:28:44-04:00] 2026-09-23-MEIC-13:30-CALL CLOSE (STOPPED) submitted @ 4.52
[2026-09-23T14:28:44-04:00] 2026-09-23-MEIC-14:00-PUT CLOSE (STOPPED) submitted @ 4.18
[2026-09-23T14:29:17-04:00] 2026-09-23-MEIC-12:30-PUT CLOSE (STOPPED) submitted @ 4.48
[2026-09-23T14:29:17-04:00] 2026-09-23-MEIC-13:30-CALL CLOSE (STOPPED) submitted @ 4.52
[2026-09-23T14:29:18-04:00] 2026-09-23-MEIC-14:00-PUT CLOSE (STOPPED) submitted @ 4.18
[2026-09-23T14:29:49-04:00] 2026-09-23-MEIC-12:30-PUT CLOSE (STOPPED) submitted @ 4.48
[2026-09-23T14:29:50-04:00] 2026-09-23-MEIC-13:30-CALL CLOSE (STOPPED) submitted @ 4.52
[2026-09-23T14:29:50-04:00] 2026-09-23-MEIC-14:00-PUT CLOSE (STOPPED) submitted @ 4.18
[2026-09-23T14:30:23-04:00] 2026-09-23-MEIC-12:30-PUT CLOSE (STOPPED) submitted @ 4.48
[2026-09-23T14:30:24-04:00] 2026-09-23-MEIC-13:30-CALL CLOSE (STOPPED) submitted @ 4.52
[2026-09-23T14:30:24-04:00] 2026-09-23-MEIC-14:00-PUT CLOSE (STOPPED) submitted @ 4.18
[2026-09-23T14:30:25-04:00] 2026-09-23-MEIC-14:30-PUT OPEN submitted 2.42 cr (order 1008039903831)
[2026-09-23T14:30:25-04:00] 2026-09-23-MEIC-14:30-CALL OPEN submitted 2.30 cr (order 1008039903837)
[2026-09-23T14:30:58-04:00] 2026-09-23-MEIC-14:30-PUT open REJECTED
[2026-09-23T14:30:58-04:00] 2026-09-23-MEIC-12:30-PUT CLOSE (STOPPED) submitted @ 4.48
[2026-09-23T14:30:59-04:00] 2026-09-23-MEIC-13:30-CALL CLOSE (STOPPED) submitted @ 4.52
[2026-09-23T14:30:59-04:00] 2026-09-23-MEIC-14:00-PUT CLOSE (STOPPED) submitted @ 4.18
[2026-09-23T14:31:32-04:00] 2026-09-23-MEIC-12:30-PUT CLOSE (STOPPED) submitted @ 4.48
[2026-09-23T14:31:33-04:00] 2026-09-23-MEIC-13:30-CALL CLOSE (STOPPED) submitted @ 4.52
[2026-09-23T14:31:33-04:00] 2026-09-23-MEIC-14:00-PUT CLOSE (STOPPED) submitted @ 4.18
[2026-09-23T14:32:06-04:00] 2026-09-23-MEIC-12:30-PUT CLOSE (STOPPED) submitted @ 4.48
[2026-09-23T14:32:06-04:00] 2026-09-23-MEIC-13:30-CALL CLOSE (STOPPED) submitted @ 4.52
[2026-09-23T14:32:07-04:00] 2026-09-23-MEIC-14:00-PUT CLOSE (STOPPED) submitted @ 4.18
[2026-09-23T14:32:39-04:00] 2026-09-23-MEIC-12:30-PUT CLOSE (STOPPED) submitted @ 4.48
[2026-09-23T14:32:40-04:00] 2026-09-23-MEIC-13:30-CALL CLOSE (STOPPED) submitted @ 4.52
[2026-09-23T14:32:40-04:00] 2026-09-23-MEIC-14:00-PUT CLOSE (STOPPED) submitted @ 4.18
[2026-09-23T14:33:13-04:00] 2026-09-23-MEIC-12:30-PUT CLOSE (STOPPED) submitted @ 4.48
[2026-09-23T14:33:13-04:00] 2026-09-23-MEIC-13:30-CALL CLOSE (STOPPED) submitted @ 4.52
[2026-09-23T14:33:14-04:00] 2026-09-23-MEIC-14:00-PUT CLOSE (STOPPED) submitted @ 4.18
[2026-09-23T14:33:46-04:00] 2026-09-23-MEIC-12:30-PUT CLOSE (STOPPED) submitted @ 4.48
[2026-09-23T14:33:47-04:00] 2026-09-23-MEIC-13:30-CALL CLOSE (STOPPED) submitted @ 4.52
[2026-09-23T14:33:47-04:00] 2026-09-23-MEIC-14:00-PUT CLOSE (STOPPED) submitted @ 4.18
[2026-09-23T14:34:20-04:00] 2026-09-23-MEIC-12:30-PUT CLOSE (STOPPED) submitted @ 4.48
[2026-09-23T14:34:20-04:00] 2026-09-23-MEIC-13:30-CALL CLOSE (STOPPED) submitted @ 4.52
[2026-09-23T14:34:21-04:00] 2026-09-23-MEIC-14:00-PUT CLOSE (STOPPED) submitted @ 4.18
[2026-09-23T14:34:55-04:00] 2026-09-23-MEIC-14:30-CALL repriced to 2.20
[2026-09-23T14:34:55-04:00] 2026-09-23-MEIC-12:30-PUT CLOSE (STOPPED) submitted @ 4.48
[2026-09-23T14:34:56-04:00] 2026-09-23-MEIC-13:30-CALL CLOSE (STOPPED) submitted @ 4.52
[2026-09-23T14:34:56-04:00] 2026-09-23-MEIC-14:00-PUT CLOSE (STOPPED) submitted @ 4.18
[2026-09-23T14:35:29-04:00] 2026-09-23-MEIC-12:30-PUT CLOSE (STOPPED) submitted @ 4.48
[2026-09-23T14:35:29-04:00] 2026-09-23-MEIC-13:30-CALL CLOSE (STOPPED) submitted @ 4.52
[2026-09-23T14:35:30-04:00] 2026-09-23-MEIC-14:00-PUT CLOSE (STOPPED) submitted @ 4.18
[2026-09-23T14:36:03-04:00] 2026-09-23-MEIC-12:30-PUT CLOSE (STOPPED) submitted @ 4.48
[2026-09-23T14:36:03-04:00] 2026-09-23-MEIC-13:30-CALL CLOSE (STOPPED) submitted @ 4.52
[2026-09-23T14:36:04-04:00] 2026-09-23-MEIC-14:00-PUT CLOSE (STOPPED) submitted @ 4.18
[2026-09-23T14:36:37-04:00] 2026-09-23-MEIC-12:30-PUT CLOSE (STOPPED) submitted @ 4.48
[2026-09-23T14:36:37-04:00] 2026-09-23-MEIC-13:30-CALL CLOSE (STOPPED) submitted @ 4.52
[2026-09-23T14:36:38-04:00] 2026-09-23-MEIC-14:00-PUT CLOSE (STOPPED) submitted @ 4.18
[2026-09-23T14:37:11-04:00] 2026-09-23-MEIC-12:30-PUT CLOSE (STOPPED) submitted @ 4.48
[2026-09-23T14:37:12-04:00] 2026-09-23-MEIC-13:30-CALL CLOSE (STOPPED) submitted @ 4.52
[2026-09-23T14:37:12-04:00] 2026-09-23-MEIC-14:00-PUT CLOSE (STOPPED) submitted @ 4.18
[2026-09-23T14:37:45-04:00] 2026-09-23-MEIC-12:30-PUT CLOSE (STOPPED) submitted @ 4.48
[2026-09-23T14:37:45-04:00] 2026-09-23-MEIC-13:30-CALL CLOSE (STOPPED) submitted @ 4.52
[2026-09-23T14:37:46-04:00] 2026-09-23-MEIC-14:00-PUT CLOSE (STOPPED) submitted @ 4.18
[2026-09-23T14:38:19-04:00] 2026-09-23-MEIC-12:30-PUT CLOSE (STOPPED) submitted @ 4.48
[2026-09-23T14:38:19-04:00] 2026-09-23-MEIC-13:30-CALL CLOSE (STOPPED) submitted @ 4.52
[2026-09-23T14:38:19-04:00] 2026-09-23-MEIC-14:00-PUT CLOSE (STOPPED) submitted @ 4.18
[2026-09-23T14:38:52-04:00] 2026-09-23-MEIC-14:30-CALL unfilled after reprice — skipped
[2026-09-23T14:38:53-04:00] 2026-09-23-MEIC-12:30-PUT CLOSE (STOPPED) submitted @ 4.48
[2026-09-23T14:38:53-04:00] 2026-09-23-MEIC-13:30-CALL CLOSE (STOPPED) submitted @ 4.52
[2026-09-23T14:38:54-04:00] 2026-09-23-MEIC-14:00-PUT CLOSE (STOPPED) submitted @ 4.18
[2026-09-23T14:39:26-04:00] 2026-09-23-MEIC-12:30-PUT CLOSE (STOPPED) submitted @ 4.48
[2026-09-23T14:39:26-04:00] 2026-09-23-MEIC-13:30-CALL CLOSE (STOPPED) submitted @ 4.52
[2026-09-23T14:39:27-04:00] 2026-09-23-MEIC-14:00-PUT CLOSE (STOPPED) submitted @ 4.18
[2026-09-23T14:39:59-04:00] 2026-09-23-MEIC-12:30-PUT CLOSE (STOPPED) submitted @ 4.48
[2026-09-23T14:39:59-04:00] 2026-09-23-MEIC-13:30-CALL CLOSE (STOPPED) submitted @ 4.52
[2026-09-23T14:40:00-04:00] 2026-09-23-MEIC-14:00-PUT CLOSE (STOPPED) submitted @ 4.18
[2026-09-23T14:40:33-04:00] 2026-09-23-MEIC-12:30-PUT CLOSE (STOPPED) submitted @ 4.48
[2026-09-23T14:40:33-04:00] 2026-09-23-MEIC-13:30-CALL CLOSE (STOPPED) submitted @ 4.52
[2026-09-23T14:40:34-04:00] 2026-09-23-MEIC-14:00-PUT CLOSE (STOPPED) submitted @ 4.18
[2026-09-23T14:41:06-04:00] 2026-09-23-MEIC-12:30-PUT CLOSE (STOPPED) submitted @ 4.48
[2026-09-23T14:41:06-04:00] 2026-09-23-MEIC-13:30-CALL CLOSE (STOPPED) submitted @ 4.52
[2026-09-23T14:41:07-04:00] 2026-09-23-MEIC-14:00-PUT CLOSE (STOPPED) submitted @ 4.18
[2026-09-23T14:41:39-04:00] 2026-09-23-MEIC-12:30-PUT CLOSE (STOPPED) submitted @ 4.48
[2026-09-23T14:41:39-04:00] 2026-09-23-MEIC-13:30-CALL CLOSE (STOPPED) submitted @ 4.52
[2026-09-23T14:41:40-04:00] 2026-09-23-MEIC-14:00-PUT CLOSE (STOPPED) submitted @ 4.18
[2026-09-23T14:42:12-04:00] 2026-09-23-MEIC-12:30-PUT CLOSE (STOPPED) submitted @ 4.48
[2026-09-23T14:42:13-04:00] 2026-09-23-MEIC-13:30-CALL CLOSE (STOPPED) submitted @ 4.52
[2026-09-23T14:42:13-04:00] 2026-09-23-MEIC-14:00-PUT CLOSE (STOPPED) submitted @ 4.18
[2026-09-23T14:42:46-04:00] 2026-09-23-MEIC-12:30-PUT CLOSE (STOPPED) submitted @ 4.48
[2026-09-23T14:42:46-04:00] 2026-09-23-MEIC-13:30-CALL CLOSE (STOPPED) submitted @ 4.52
[2026-09-23T14:42:47-04:00] 2026-09-23-MEIC-14:00-PUT CLOSE (STOPPED) submitted @ 4.18
[2026-09-23T14:43:19-04:00] 2026-09-23-MEIC-12:30-PUT CLOSE (STOPPED) submitted @ 4.48
[2026-09-23T14:43:20-04:00] 2026-09-23-MEIC-13:30-CALL CLOSE (STOPPED) submitted @ 4.52
[2026-09-23T14:43:20-04:00] 2026-09-23-MEIC-14:00-PUT CLOSE (STOPPED) submitted @ 4.18
[2026-09-23T14:43:52-04:00] 2026-09-23-MEIC-12:30-PUT CLOSE (STOPPED) submitted @ 4.48
[2026-09-23T14:43:53-04:00] 2026-09-23-MEIC-13:30-CALL CLOSE (STOPPED) submitted @ 4.52
[2026-09-23T14:43:53-04:00] 2026-09-23-MEIC-14:00-PUT CLOSE (STOPPED) submitted @ 4.18
[2026-09-23T14:44:25-04:00] 2026-09-23-MEIC-12:30-PUT CLOSE (STOPPED) submitted @ 4.48
[2026-09-23T14:44:26-04:00] 2026-09-23-MEIC-13:30-CALL CLOSE (STOPPED) submitted @ 4.52
[2026-09-23T14:44:26-04:00] 2026-09-23-MEIC-14:00-PUT CLOSE (STOPPED) submitted @ 4.18
[2026-09-23T14:44:58-04:00] 2026-09-23-MEIC-12:30-PUT CLOSE (STOPPED) submitted @ 4.48
[2026-09-23T14:44:58-04:00] 2026-09-23-MEIC-13:30-CALL CLOSE (STOPPED) submitted @ 4.52
[2026-09-23T14:44:59-04:00] 2026-09-23-MEIC-14:00-PUT CLOSE (STOPPED) submitted @ 4.18
[2026-09-23T14:45:31-04:00] 2026-09-23-MEIC-12:30-PUT CLOSE (STOPPED) submitted @ 4.48
[2026-09-23T14:45:32-04:00] 2026-09-23-MEIC-13:30-CALL CLOSE (STOPPED) submitted @ 4.52
[2026-09-23T14:45:32-04:00] 2026-09-23-MEIC-14:00-PUT CLOSE (STOPPED) submitted @ 4.18
[2026-09-23T14:46:05-04:00] 2026-09-23-MEIC-12:30-PUT CLOSE (STOPPED) submitted @ 4.48
[2026-09-23T14:46:05-04:00] 2026-09-23-MEIC-13:30-CALL CLOSE (STOPPED) submitted @ 4.52
[2026-09-23T14:46:06-04:00] 2026-09-23-MEIC-14:00-PUT CLOSE (STOPPED) submitted @ 4.18
[2026-09-23T14:46:38-04:00] 2026-09-23-MEIC-12:30-PUT CLOSE (STOPPED) submitted @ 4.48
[2026-09-23T14:46:39-04:00] 2026-09-23-MEIC-13:30-CALL CLOSE (STOPPED) submitted @ 4.52
[2026-09-23T14:46:39-04:00] 2026-09-23-MEIC-14:00-PUT CLOSE (STOPPED) submitted @ 4.18
[2026-09-23T14:47:12-04:00] 2026-09-23-MEIC-12:30-PUT CLOSE (STOPPED) submitted @ 4.48
[2026-09-23T14:47:12-04:00] 2026-09-23-MEIC-13:30-CALL CLOSE (STOPPED) submitted @ 4.52
[2026-09-23T14:47:13-04:00] 2026-09-23-MEIC-14:00-PUT CLOSE (STOPPED) submitted @ 4.18
[2026-09-23T14:47:45-04:00] 2026-09-23-MEIC-12:30-PUT CLOSE (STOPPED) submitted @ 4.48
[2026-09-23T14:47:45-04:00] 2026-09-23-MEIC-13:30-CALL CLOSE (STOPPED) submitted @ 4.52
[2026-09-23T14:47:46-04:00] 2026-09-23-MEIC-14:00-PUT CLOSE (STOPPED) submitted @ 4.18
[2026-09-23T14:48:18-04:00] 2026-09-23-MEIC-12:30-PUT CLOSE (STOPPED) submitted @ 4.48
[2026-09-23T14:48:18-04:00] 2026-09-23-MEIC-13:30-CALL CLOSE (STOPPED) submitted @ 4.52
[2026-09-23T14:48:18-04:00] 2026-09-23-MEIC-14:00-PUT CLOSE (STOPPED) submitted @ 4.18
[2026-09-23T14:48:51-04:00] 2026-09-23-MEIC-12:30-PUT CLOSE (STOPPED) submitted @ 4.48
[2026-09-23T14:48:51-04:00] 2026-09-23-MEIC-13:30-CALL CLOSE (STOPPED) submitted @ 4.52
[2026-09-23T14:48:52-04:00] 2026-09-23-MEIC-14:00-PUT CLOSE (STOPPED) submitted @ 4.18
[2026-09-23T14:49:24-04:00] 2026-09-23-MEIC-12:30-PUT CLOSE (STOPPED) submitted @ 4.48
[2026-09-23T14:49:24-04:00] 2026-09-23-MEIC-13:30-CALL CLOSE (STOPPED) submitted @ 4.52
[2026-09-23T14:49:25-04:00] 2026-09-23-MEIC-14:00-PUT CLOSE (STOPPED) submitted @ 4.18
[2026-09-23T14:49:57-04:00] 2026-09-23-MEIC-12:30-PUT CLOSE (STOPPED) submitted @ 4.48
[2026-09-23T14:49:57-04:00] 2026-09-23-MEIC-13:30-CALL CLOSE (STOPPED) submitted @ 4.52
[2026-09-23T14:49:58-04:00] 2026-09-23-MEIC-14:00-PUT CLOSE (STOPPED) submitted @ 4.18
[2026-09-23T14:50:30-04:00] 2026-09-23-MEIC-12:30-PUT CLOSE (STOPPED) submitted @ 4.48
[2026-09-23T14:50:30-04:00] 2026-09-23-MEIC-13:30-CALL CLOSE (STOPPED) submitted @ 4.52
[2026-09-23T14:50:31-04:00] 2026-09-23-MEIC-14:00-PUT CLOSE (STOPPED) submitted @ 4.18
[2026-09-23T14:51:03-04:00] 2026-09-23-MEIC-12:30-PUT CLOSE (STOPPED) submitted @ 4.48
[2026-09-23T14:51:04-04:00] 2026-09-23-MEIC-13:30-CALL CLOSE (STOPPED) submitted @ 4.52
[2026-09-23T14:51:04-04:00] 2026-09-23-MEIC-14:00-PUT CLOSE (STOPPED) submitted @ 4.18
[2026-09-23T14:51:37-04:00] 2026-09-23-MEIC-12:30-PUT CLOSE (STOPPED) submitted @ 4.48
[2026-09-23T14:51:37-04:00] 2026-09-23-MEIC-13:30-CALL CLOSE (STOPPED) submitted @ 4.52
[2026-09-23T14:51:38-04:00] 2026-09-23-MEIC-14:00-PUT CLOSE (STOPPED) submitted @ 4.18
[2026-09-23T14:52:10-04:00] 2026-09-23-MEIC-12:30-PUT CLOSE (STOPPED) submitted @ 4.48
[2026-09-23T14:52:11-04:00] 2026-09-23-MEIC-13:30-CALL CLOSE (STOPPED) submitted @ 4.52
[2026-09-23T14:52:11-04:00] 2026-09-23-MEIC-14:00-PUT CLOSE (STOPPED) submitted @ 4.18
[2026-09-23T14:52:43-04:00] 2026-09-23-MEIC-12:30-PUT CLOSE (STOPPED) submitted @ 4.48
[2026-09-23T14:52:44-04:00] 2026-09-23-MEIC-13:30-CALL CLOSE (STOPPED) submitted @ 4.52
[2026-09-23T14:52:44-04:00] 2026-09-23-MEIC-14:00-PUT CLOSE (STOPPED) submitted @ 4.18
[2026-09-23T14:53:16-04:00] 2026-09-23-MEIC-12:30-PUT CLOSE (STOPPED) submitted @ 4.48
[2026-09-23T14:53:17-04:00] 2026-09-23-MEIC-13:30-CALL CLOSE (STOPPED) submitted @ 4.52
[2026-09-23T14:53:17-04:00] 2026-09-23-MEIC-14:00-PUT CLOSE (STOPPED) submitted @ 4.18
[2026-09-23T14:53:49-04:00] 2026-09-23-MEIC-12:30-PUT CLOSE (STOPPED) submitted @ 4.48
[2026-09-23T14:53:50-04:00] 2026-09-23-MEIC-13:30-CALL CLOSE (STOPPED) submitted @ 4.52
[2026-09-23T14:53:50-04:00] 2026-09-23-MEIC-14:00-PUT CLOSE (STOPPED) submitted @ 4.18
[2026-09-23T14:54:22-04:00] 2026-09-23-MEIC-12:30-PUT CLOSE (STOPPED) submitted @ 4.48
[2026-09-23T14:54:23-04:00] 2026-09-23-MEIC-13:30-CALL CLOSE (STOPPED) submitted @ 4.52
[2026-09-23T14:54:24-04:00] 2026-09-23-MEIC-14:00-PUT CLOSE (STOPPED) submitted @ 4.18
[2026-09-23T14:54:56-04:00] 2026-09-23-MEIC-12:30-PUT CLOSE (STOPPED) submitted @ 4.48
[2026-09-23T14:54:56-04:00] 2026-09-23-MEIC-13:30-CALL CLOSE (STOPPED) submitted @ 4.52
[2026-09-23T14:54:57-04:00] 2026-09-23-MEIC-14:00-PUT CLOSE (STOPPED) submitted @ 4.18
[2026-09-23T14:55:29-04:00] 2026-09-23-MEIC-12:30-PUT CLOSE (STOPPED) submitted @ 4.48
[2026-09-23T14:55:30-04:00] 2026-09-23-MEIC-13:30-CALL CLOSE (STOPPED) submitted @ 4.52
[2026-09-23T14:55:30-04:00] 2026-09-23-MEIC-14:00-PUT CLOSE (STOPPED) submitted @ 4.18
[2026-09-23T14:56:03-04:00] 2026-09-23-MEIC-12:30-PUT CLOSE (STOPPED) submitted @ 4.48
[2026-09-23T14:56:04-04:00] 2026-09-23-MEIC-13:30-CALL CLOSE (STOPPED) submitted @ 4.52
[2026-09-23T14:56:04-04:00] 2026-09-23-MEIC-14:00-PUT CLOSE (STOPPED) submitted @ 4.18
[2026-09-23T14:56:36-04:00] 2026-09-23-MEIC-12:30-PUT CLOSE (STOPPED) submitted @ 4.48
[2026-09-23T14:56:37-04:00] 2026-09-23-MEIC-13:30-CALL CLOSE (STOPPED) submitted @ 4.52
[2026-09-23T14:56:37-04:00] 2026-09-23-MEIC-14:00-PUT CLOSE (STOPPED) submitted @ 4.18
[2026-09-23T14:57:09-04:00] 2026-09-23-MEIC-12:30-PUT CLOSE (STOPPED) submitted @ 4.48
[2026-09-23T14:57:10-04:00] 2026-09-23-MEIC-13:30-CALL CLOSE (STOPPED) submitted @ 4.52
[2026-09-23T14:57:10-04:00] 2026-09-23-MEIC-14:00-PUT CLOSE (STOPPED) submitted @ 4.18
[2026-09-23T14:57:43-04:00] 2026-09-23-MEIC-12:30-PUT CLOSE (STOPPED) submitted @ 4.48
[2026-09-23T14:57:43-04:00] 2026-09-23-MEIC-13:30-CALL CLOSE (STOPPED) submitted @ 4.52
[2026-09-23T14:57:43-04:00] 2026-09-23-MEIC-14:00-PUT CLOSE (STOPPED) submitted @ 4.18
[2026-09-23T14:58:16-04:00] 2026-09-23-MEIC-12:30-PUT CLOSE (STOPPED) submitted @ 4.48
[2026-09-23T14:58:16-04:00] 2026-09-23-MEIC-13:30-CALL CLOSE (STOPPED) submitted @ 4.52
[2026-09-23T14:58:17-04:00] 2026-09-23-MEIC-14:00-PUT CLOSE (STOPPED) submitted @ 4.18
[2026-09-23T14:58:49-04:00] 2026-09-23-MEIC-12:30-PUT CLOSE (STOPPED) submitted @ 4.48
[2026-09-23T14:58:50-04:00] 2026-09-23-MEIC-13:30-CALL CLOSE (STOPPED) submitted @ 4.52
[2026-09-23T14:58:50-04:00] 2026-09-23-MEIC-14:00-PUT CLOSE (STOPPED) submitted @ 4.18
[2026-09-23T14:59:22-04:00] 2026-09-23-MEIC-12:30-PUT CLOSE (STOPPED) submitted @ 4.48
[2026-09-23T14:59:23-04:00] 2026-09-23-MEIC-13:30-CALL CLOSE (STOPPED) submitted @ 4.52
[2026-09-23T14:59:23-04:00] 2026-09-23-MEIC-14:00-PUT CLOSE (STOPPED) submitted @ 4.18
[2026-09-23T14:59:55-04:00] 2026-09-23-MEIC-12:30-PUT CLOSE (STOPPED) submitted @ 4.48
[2026-09-23T14:59:56-04:00] 2026-09-23-MEIC-13:30-CALL CLOSE (STOPPED) submitted @ 4.52
[2026-09-23T14:59:56-04:00] 2026-09-23-MEIC-14:00-PUT CLOSE (STOPPED) submitted @ 4.18
[2026-09-23T15:00:28-04:00] 2026-09-23-MEIC-12:30-PUT CLOSE (STOPPED) submitted @ 4.48
[2026-09-23T15:00:29-04:00] 2026-09-23-MEIC-13:30-CALL CLOSE (STOPPED) submitted @ 4.52
[2026-09-23T15:00:29-04:00] 2026-09-23-MEIC-14:00-PUT CLOSE (STOPPED) submitted @ 4.18
[2026-09-23T15:01:01-04:00] 2026-09-23-MEIC-12:30-PUT CLOSE (STOPPED) submitted @ 4.48
[2026-09-23T15:01:02-04:00] 2026-09-23-MEIC-13:30-CALL CLOSE (STOPPED) submitted @ 4.52
[2026-09-23T15:01:02-04:00] 2026-09-23-MEIC-14:00-PUT CLOSE (STOPPED) submitted @ 4.18
[2026-09-23T15:01:35-04:00] 2026-09-23-MEIC-12:30-PUT CLOSE (STOPPED) submitted @ 4.48
[2026-09-23T15:01:35-04:00] 2026-09-23-MEIC-13:30-CALL CLOSE (STOPPED) submitted @ 4.52
[2026-09-23T15:01:36-04:00] 2026-09-23-MEIC-14:00-PUT CLOSE (STOPPED) submitted @ 4.18
[2026-09-23T15:02:08-04:00] 2026-09-23-MEIC-12:30-PUT CLOSE (STOPPED) submitted @ 4.48
[2026-09-23T15:02:09-04:00] 2026-09-23-MEIC-13:30-CALL CLOSE (STOPPED) submitted @ 4.52
[2026-09-23T15:02:09-04:00] 2026-09-23-MEIC-14:00-PUT CLOSE (STOPPED) submitted @ 4.18
[2026-09-23T15:02:41-04:00] 2026-09-23-MEIC-12:30-PUT CLOSE (STOPPED) submitted @ 4.48
[2026-09-23T15:02:42-04:00] 2026-09-23-MEIC-13:30-CALL CLOSE (STOPPED) submitted @ 4.52
[2026-09-23T15:02:42-04:00] 2026-09-23-MEIC-14:00-PUT CLOSE (STOPPED) submitted @ 4.18
[2026-09-23T15:03:15-04:00] 2026-09-23-MEIC-12:30-PUT CLOSE (STOPPED) submitted @ 4.48
[2026-09-23T15:03:15-04:00] 2026-09-23-MEIC-13:30-CALL CLOSE (STOPPED) submitted @ 4.52
[2026-09-23T15:03:15-04:00] 2026-09-23-MEIC-14:00-PUT CLOSE (STOPPED) submitted @ 4.18
[2026-09-23T15:03:47-04:00] 2026-09-23-MEIC-12:30-PUT CLOSE (STOPPED) submitted @ 4.48
[2026-09-23T15:03:48-04:00] 2026-09-23-MEIC-13:30-CALL CLOSE (STOPPED) submitted @ 4.52
[2026-09-23T15:03:48-04:00] 2026-09-23-MEIC-14:00-PUT CLOSE (STOPPED) submitted @ 4.18
[2026-09-23T15:04:20-04:00] 2026-09-23-MEIC-12:30-PUT CLOSE (STOPPED) submitted @ 4.48
[2026-09-23T15:04:21-04:00] 2026-09-23-MEIC-13:30-CALL CLOSE (STOPPED) submitted @ 4.52
[2026-09-23T15:04:21-04:00] 2026-09-23-MEIC-14:00-PUT CLOSE (STOPPED) submitted @ 4.18
[2026-09-23T15:04:53-04:00] 2026-09-23-MEIC-12:30-PUT CLOSE (STOPPED) submitted @ 4.48
[2026-09-23T15:04:54-04:00] 2026-09-23-MEIC-13:30-CALL CLOSE (STOPPED) submitted @ 4.52
[2026-09-23T15:04:54-04:00] 2026-09-23-MEIC-14:00-PUT CLOSE (STOPPED) submitted @ 4.18
[2026-09-23T15:05:27-04:00] 2026-09-23-MEIC-12:30-PUT CLOSE (STOPPED) submitted @ 4.48
[2026-09-23T15:05:28-04:00] 2026-09-23-MEIC-13:30-CALL CLOSE (STOPPED) submitted @ 4.52
[2026-09-23T15:05:28-04:00] 2026-09-23-MEIC-14:00-PUT CLOSE (STOPPED) submitted @ 4.18
[2026-09-23T15:06:01-04:00] 2026-09-23-MEIC-12:30-PUT CLOSE (STOPPED) submitted @ 4.48
[2026-09-23T15:06:01-04:00] 2026-09-23-MEIC-13:30-CALL CLOSE (STOPPED) submitted @ 4.52
[2026-09-23T15:06:02-04:00] 2026-09-23-MEIC-14:00-PUT CLOSE (STOPPED) submitted @ 4.18
[2026-09-23T15:06:34-04:00] 2026-09-23-MEIC-12:30-PUT CLOSE (STOPPED) submitted @ 4.48
[2026-09-23T15:06:34-04:00] 2026-09-23-MEIC-13:30-CALL CLOSE (STOPPED) submitted @ 4.52
[2026-09-23T15:06:35-04:00] 2026-09-23-MEIC-14:00-PUT CLOSE (STOPPED) submitted @ 4.18
[2026-09-23T15:07:07-04:00] 2026-09-23-MEIC-12:30-PUT CLOSE (STOPPED) submitted @ 4.48
[2026-09-23T15:07:07-04:00] 2026-09-23-MEIC-13:30-CALL CLOSE (STOPPED) submitted @ 4.52
[2026-09-23T15:07:08-04:00] 2026-09-23-MEIC-14:00-PUT CLOSE (STOPPED) submitted @ 4.18
[2026-09-23T15:07:40-04:00] 2026-09-23-MEIC-12:30-PUT CLOSE (STOPPED) submitted @ 4.48
[2026-09-23T15:07:40-04:00] 2026-09-23-MEIC-13:30-CALL CLOSE (STOPPED) submitted @ 4.52
[2026-09-23T15:07:41-04:00] 2026-09-23-MEIC-14:00-PUT CLOSE (STOPPED) submitted @ 4.18
[2026-09-23T15:08:13-04:00] 2026-09-23-MEIC-12:30-PUT CLOSE (STOPPED) submitted @ 4.48
[2026-09-23T15:08:14-04:00] 2026-09-23-MEIC-13:30-CALL CLOSE (STOPPED) submitted @ 4.52
[2026-09-23T15:08:15-04:00] 2026-09-23-MEIC-14:00-PUT CLOSE (STOPPED) submitted @ 4.18
[2026-09-23T15:08:47-04:00] 2026-09-23-MEIC-12:30-PUT CLOSE (STOPPED) submitted @ 4.48
[2026-09-23T15:08:47-04:00] 2026-09-23-MEIC-13:30-CALL CLOSE (STOPPED) submitted @ 4.52
[2026-09-23T15:08:48-04:00] 2026-09-23-MEIC-14:00-PUT CLOSE (STOPPED) submitted @ 4.18
[2026-09-23T15:09:20-04:00] 2026-09-23-MEIC-12:30-PUT CLOSE (STOPPED) submitted @ 4.48
[2026-09-23T15:09:20-04:00] 2026-09-23-MEIC-13:30-CALL CLOSE (STOPPED) submitted @ 4.52
[2026-09-23T15:09:21-04:00] 2026-09-23-MEIC-14:00-PUT CLOSE (STOPPED) submitted @ 4.18
[2026-09-23T15:09:53-04:00] 2026-09-23-MEIC-12:30-PUT CLOSE (STOPPED) submitted @ 4.48
[2026-09-23T15:09:53-04:00] 2026-09-23-MEIC-13:30-CALL CLOSE (STOPPED) submitted @ 4.52
[2026-09-23T15:09:54-04:00] 2026-09-23-MEIC-14:00-PUT CLOSE (STOPPED) submitted @ 4.18
[2026-09-23T15:10:26-04:00] 2026-09-23-MEIC-12:30-PUT CLOSE (STOPPED) submitted @ 4.48
[2026-09-23T15:10:27-04:00] 2026-09-23-MEIC-13:30-CALL CLOSE (STOPPED) submitted @ 4.52
[2026-09-23T15:10:27-04:00] 2026-09-23-MEIC-14:00-PUT CLOSE (STOPPED) submitted @ 4.18
[2026-09-23T15:10:59-04:00] 2026-09-23-MEIC-12:30-PUT CLOSE (STOPPED) submitted @ 4.48
[2026-09-23T15:11:00-04:00] 2026-09-23-MEIC-13:30-CALL CLOSE (STOPPED) submitted @ 4.52
[2026-09-23T15:11:00-04:00] 2026-09-23-MEIC-14:00-PUT CLOSE (STOPPED) submitted @ 4.18
[2026-09-23T15:11:32-04:00] 2026-09-23-MEIC-12:30-PUT CLOSE (STOPPED) submitted @ 4.48
[2026-09-23T15:11:33-04:00] 2026-09-23-MEIC-13:30-CALL CLOSE (STOPPED) submitted @ 4.52
[2026-09-23T15:11:33-04:00] 2026-09-23-MEIC-14:00-PUT CLOSE (STOPPED) submitted @ 4.18
[2026-09-23T15:12:05-04:00] 2026-09-23-MEIC-12:30-PUT CLOSE (STOPPED) submitted @ 4.48
[2026-09-23T15:12:06-04:00] 2026-09-23-MEIC-13:30-CALL CLOSE (STOPPED) submitted @ 4.52
[2026-09-23T15:12:06-04:00] 2026-09-23-MEIC-14:00-PUT CLOSE (STOPPED) submitted @ 4.18
[2026-09-23T15:12:39-04:00] 2026-09-23-MEIC-12:30-PUT CLOSE (STOPPED) submitted @ 4.48
[2026-09-23T15:12:39-04:00] 2026-09-23-MEIC-13:30-CALL CLOSE (STOPPED) submitted @ 4.52
[2026-09-23T15:12:40-04:00] 2026-09-23-MEIC-14:00-PUT CLOSE (STOPPED) submitted @ 4.18
[2026-09-23T15:13:12-04:00] 2026-09-23-MEIC-12:30-PUT CLOSE (STOPPED) submitted @ 4.48
[2026-09-23T15:13:12-04:00] 2026-09-23-MEIC-13:30-CALL CLOSE (STOPPED) submitted @ 4.52
[2026-09-23T15:13:13-04:00] 2026-09-23-MEIC-14:00-PUT CLOSE (STOPPED) submitted @ 4.18
[2026-09-23T15:13:46-04:00] 2026-09-23-MEIC-12:30-PUT CLOSE (STOPPED) submitted @ 4.48
[2026-09-23T15:13:46-04:00] 2026-09-23-MEIC-13:30-CALL CLOSE (STOPPED) submitted @ 4.52
[2026-09-23T15:13:47-04:00] 2026-09-23-MEIC-14:00-PUT CLOSE (STOPPED) submitted @ 4.18
[2026-09-23T15:14:19-04:00] 2026-09-23-MEIC-12:30-PUT CLOSE (STOPPED) submitted @ 4.48
[2026-09-23T15:14:20-04:00] 2026-09-23-MEIC-13:30-CALL CLOSE (STOPPED) submitted @ 4.52
[2026-09-23T15:14:20-04:00] 2026-09-23-MEIC-14:00-PUT CLOSE (STOPPED) submitted @ 4.18
[2026-09-23T15:14:52-04:00] 2026-09-23-MEIC-12:30-PUT CLOSE (STOPPED) submitted @ 4.48
[2026-09-23T15:14:53-04:00] 2026-09-23-MEIC-13:30-CALL CLOSE (STOPPED) submitted @ 4.52
[2026-09-23T15:14:53-04:00] 2026-09-23-MEIC-14:00-PUT CLOSE (STOPPED) submitted @ 4.18
[2026-09-23T15:15:26-04:00] 2026-09-23-MEIC-12:30-PUT CLOSE (STOPPED) submitted @ 4.48
[2026-09-23T15:15:26-04:00] 2026-09-23-MEIC-13:30-CALL CLOSE (STOPPED) submitted @ 4.52
[2026-09-23T15:15:27-04:00] 2026-09-23-MEIC-14:00-PUT CLOSE (STOPPED) submitted @ 4.18
[2026-09-23T15:15:59-04:00] 2026-09-23-MEIC-12:30-PUT CLOSE (STOPPED) submitted @ 4.48
[2026-09-23T15:15:59-04:00] 2026-09-23-MEIC-13:30-CALL CLOSE (STOPPED) submitted @ 4.52
[2026-09-23T15:16:00-04:00] 2026-09-23-MEIC-14:00-PUT CLOSE (STOPPED) submitted @ 4.18
[2026-09-23T15:16:32-04:00] 2026-09-23-MEIC-12:30-PUT CLOSE (STOPPED) submitted @ 4.48
[2026-09-23T15:16:32-04:00] 2026-09-23-MEIC-13:30-CALL CLOSE (STOPPED) submitted @ 4.52
[2026-09-23T15:16:33-04:00] 2026-09-23-MEIC-14:00-PUT CLOSE (STOPPED) submitted @ 4.18
[2026-09-23T15:17:05-04:00] 2026-09-23-MEIC-12:30-PUT CLOSE (STOPPED) submitted @ 4.48
[2026-09-23T15:17:06-04:00] 2026-09-23-MEIC-13:30-CALL CLOSE (STOPPED) submitted @ 4.52
[2026-09-23T15:17:06-04:00] 2026-09-23-MEIC-14:00-PUT CLOSE (STOPPED) submitted @ 4.18
[2026-09-23T15:17:39-04:00] 2026-09-23-MEIC-12:30-PUT CLOSE (STOPPED) submitted @ 4.48
[2026-09-23T15:17:39-04:00] 2026-09-23-MEIC-13:30-CALL CLOSE (STOPPED) submitted @ 4.52
[2026-09-23T15:17:40-04:00] 2026-09-23-MEIC-14:00-PUT CLOSE (STOPPED) submitted @ 4.18
[2026-09-23T15:18:12-04:00] 2026-09-23-MEIC-12:30-PUT CLOSE (STOPPED) submitted @ 4.48
[2026-09-23T15:18:13-04:00] 2026-09-23-MEIC-13:30-CALL CLOSE (STOPPED) submitted @ 4.52
[2026-09-23T15:18:13-04:00] 2026-09-23-MEIC-14:00-PUT CLOSE (STOPPED) submitted @ 4.18
[2026-09-23T15:18:45-04:00] 2026-09-23-MEIC-12:30-PUT CLOSE (STOPPED) submitted @ 4.48
[2026-09-23T15:18:46-04:00] 2026-09-23-MEIC-13:30-CALL CLOSE (STOPPED) submitted @ 4.52
[2026-09-23T15:18:46-04:00] 2026-09-23-MEIC-14:00-PUT CLOSE (STOPPED) submitted @ 4.18
[2026-09-23T15:19:18-04:00] 2026-09-23-MEIC-12:30-PUT CLOSE (STOPPED) submitted @ 4.48
[2026-09-23T15:19:19-04:00] 2026-09-23-MEIC-13:30-CALL CLOSE (STOPPED) submitted @ 4.52
[2026-09-23T15:19:19-04:00] 2026-09-23-MEIC-14:00-PUT CLOSE (STOPPED) submitted @ 4.18
[2026-09-23T15:19:51-04:00] 2026-09-23-MEIC-12:30-PUT CLOSE (STOPPED) submitted @ 4.48
[2026-09-23T15:19:52-04:00] 2026-09-23-MEIC-13:30-CALL CLOSE (STOPPED) submitted @ 4.52
[2026-09-23T15:19:53-04:00] 2026-09-23-MEIC-14:00-PUT CLOSE (STOPPED) submitted @ 4.18
[2026-09-23T15:20:25-04:00] 2026-09-23-MEIC-12:30-PUT CLOSE (STOPPED) submitted @ 4.48
[2026-09-23T15:20:25-04:00] 2026-09-23-MEIC-13:30-CALL CLOSE (STOPPED) submitted @ 4.52
[2026-09-23T15:20:26-04:00] 2026-09-23-MEIC-14:00-PUT CLOSE (STOPPED) submitted @ 4.18
[2026-09-23T15:20:58-04:00] 2026-09-23-MEIC-12:30-PUT CLOSE (STOPPED) submitted @ 4.48
[2026-09-23T15:20:58-04:00] 2026-09-23-MEIC-13:30-CALL CLOSE (STOPPED) submitted @ 4.52
[2026-09-23T15:20:59-04:00] 2026-09-23-MEIC-14:00-PUT CLOSE (STOPPED) submitted @ 4.18
[2026-09-23T15:21:31-04:00] 2026-09-23-MEIC-12:30-PUT CLOSE (STOPPED) submitted @ 4.48
[2026-09-23T15:21:32-04:00] 2026-09-23-MEIC-13:30-CALL CLOSE (STOPPED) submitted @ 4.52
[2026-09-23T15:21:32-04:00] 2026-09-23-MEIC-14:00-PUT CLOSE (STOPPED) submitted @ 4.18
[2026-09-23T15:22:04-04:00] 2026-09-23-MEIC-12:30-PUT CLOSE (STOPPED) submitted @ 4.48
[2026-09-23T15:22:05-04:00] 2026-09-23-MEIC-13:30-CALL CLOSE (STOPPED) submitted @ 4.52
[2026-09-23T15:22:05-04:00] 2026-09-23-MEIC-14:00-PUT CLOSE (STOPPED) submitted @ 4.18
[2026-09-23T15:22:38-04:00] 2026-09-23-MEIC-12:30-PUT CLOSE (STOPPED) submitted @ 4.48
[2026-09-23T15:22:38-04:00] 2026-09-23-MEIC-13:30-CALL CLOSE (STOPPED) submitted @ 4.52
[2026-09-23T15:22:39-04:00] 2026-09-23-MEIC-14:00-PUT CLOSE (STOPPED) submitted @ 4.18
[2026-09-23T15:23:11-04:00] 2026-09-23-MEIC-12:30-PUT CLOSE (STOPPED) submitted @ 4.48
[2026-09-23T15:23:11-04:00] 2026-09-23-MEIC-13:30-CALL CLOSE (STOPPED) submitted @ 4.52
[2026-09-23T15:23:12-04:00] 2026-09-23-MEIC-14:00-PUT CLOSE (STOPPED) submitted @ 4.18
[2026-09-23T15:23:44-04:00] 2026-09-23-MEIC-12:30-PUT CLOSE (STOPPED) submitted @ 4.48
[2026-09-23T15:23:45-04:00] 2026-09-23-MEIC-13:30-CALL CLOSE (STOPPED) submitted @ 4.52
[2026-09-23T15:23:45-04:00] 2026-09-23-MEIC-14:00-PUT CLOSE (STOPPED) submitted @ 4.18
[2026-09-23T15:24:17-04:00] 2026-09-23-MEIC-12:30-PUT CLOSE (STOPPED) submitted @ 4.48
[2026-09-23T15:24:18-04:00] 2026-09-23-MEIC-13:30-CALL CLOSE (STOPPED) submitted @ 4.52
[2026-09-23T15:24:18-04:00] 2026-09-23-MEIC-14:00-PUT CLOSE (STOPPED) submitted @ 4.18
[2026-09-23T15:24:51-04:00] 2026-09-23-MEIC-12:30-PUT CLOSE (STOPPED) submitted @ 4.48
[2026-09-23T15:24:51-04:00] 2026-09-23-MEIC-13:30-CALL CLOSE (STOPPED) submitted @ 4.52
[2026-09-23T15:24:52-04:00] 2026-09-23-MEIC-14:00-PUT CLOSE (STOPPED) submitted @ 4.18
[2026-09-23T15:25:23-04:00] 2026-09-23-MEIC-12:30-PUT CLOSE (STOPPED) submitted @ 4.48
[2026-09-23T15:25:24-04:00] 2026-09-23-MEIC-13:30-CALL CLOSE (STOPPED) submitted @ 4.52
[2026-09-23T15:25:24-04:00] 2026-09-23-MEIC-14:00-PUT CLOSE (STOPPED) submitted @ 4.18
[2026-09-23T15:25:56-04:00] 2026-09-23-MEIC-12:30-PUT CLOSE (STOPPED) submitted @ 4.48
[2026-09-23T15:25:57-04:00] 2026-09-23-MEIC-13:30-CALL CLOSE (STOPPED) submitted @ 4.52
[2026-09-23T15:25:57-04:00] 2026-09-23-MEIC-14:00-PUT CLOSE (STOPPED) submitted @ 4.18
[2026-09-23T15:26:29-04:00] 2026-09-23-MEIC-12:30-PUT CLOSE (STOPPED) submitted @ 4.48
[2026-09-23T15:26:30-04:00] 2026-09-23-MEIC-13:30-CALL CLOSE (STOPPED) submitted @ 4.52
[2026-09-23T15:26:30-04:00] 2026-09-23-MEIC-14:00-PUT CLOSE (STOPPED) submitted @ 4.18
[2026-09-23T15:27:02-04:00] 2026-09-23-MEIC-12:30-PUT CLOSE (STOPPED) submitted @ 4.48
[2026-09-23T15:27:03-04:00] 2026-09-23-MEIC-13:30-CALL CLOSE (STOPPED) submitted @ 4.52
[2026-09-23T15:27:03-04:00] 2026-09-23-MEIC-14:00-PUT CLOSE (STOPPED) submitted @ 4.18
[2026-09-23T15:27:35-04:00] 2026-09-23-MEIC-12:30-PUT CLOSE (STOPPED) submitted @ 4.48
[2026-09-23T15:27:36-04:00] 2026-09-23-MEIC-13:30-CALL CLOSE (STOPPED) submitted @ 4.52
[2026-09-23T15:27:36-04:00] 2026-09-23-MEIC-14:00-PUT CLOSE (STOPPED) submitted @ 4.18
[2026-09-23T15:28:09-04:00] 2026-09-23-MEIC-12:30-PUT CLOSE (STOPPED) submitted @ 4.48
[2026-09-23T15:28:09-04:00] 2026-09-23-MEIC-13:30-CALL CLOSE (STOPPED) submitted @ 4.52
[2026-09-23T15:28:09-04:00] 2026-09-23-MEIC-14:00-PUT CLOSE (STOPPED) submitted @ 4.18
[2026-09-23T15:28:42-04:00] 2026-09-23-MEIC-12:30-PUT CLOSE (STOPPED) submitted @ 4.48
[2026-09-23T15:28:42-04:00] 2026-09-23-MEIC-13:30-CALL CLOSE (STOPPED) submitted @ 4.52
[2026-09-23T15:28:43-04:00] 2026-09-23-MEIC-14:00-PUT CLOSE (STOPPED) submitted @ 4.18
[2026-09-23T15:29:15-04:00] 2026-09-23-MEIC-12:30-PUT CLOSE (STOPPED) submitted @ 4.48
[2026-09-23T15:29:15-04:00] 2026-09-23-MEIC-13:30-CALL CLOSE (STOPPED) submitted @ 4.52
[2026-09-23T15:29:16-04:00] 2026-09-23-MEIC-14:00-PUT CLOSE (STOPPED) submitted @ 4.18
[2026-09-23T15:29:48-04:00] 2026-09-23-MEIC-12:30-PUT CLOSE (STOPPED) submitted @ 4.48
[2026-09-23T15:29:48-04:00] 2026-09-23-MEIC-13:30-CALL CLOSE (STOPPED) submitted @ 4.52
[2026-09-23T15:29:49-04:00] 2026-09-23-MEIC-14:00-PUT CLOSE (STOPPED) submitted @ 4.18
[2026-09-23T15:30:21-04:00] 2026-09-23-MEIC-12:30-PUT CLOSE (STOPPED) submitted @ 4.48
[2026-09-23T15:30:22-04:00] 2026-09-23-MEIC-13:30-CALL CLOSE (STOPPED) submitted @ 4.52
[2026-09-23T15:30:22-04:00] 2026-09-23-MEIC-14:00-PUT CLOSE (STOPPED) submitted @ 4.18
[2026-09-23T15:30:54-04:00] 2026-09-23-MEIC-12:30-PUT CLOSE (STOPPED) submitted @ 4.48
[2026-09-23T15:30:55-04:00] 2026-09-23-MEIC-13:30-CALL CLOSE (STOPPED) submitted @ 4.52
[2026-09-23T15:30:55-04:00] 2026-09-23-MEIC-14:00-PUT CLOSE (STOPPED) submitted @ 4.18
[2026-09-23T15:31:29-04:00] 2026-09-23-MEIC-12:30-PUT CLOSE (STOPPED) submitted @ 4.48
[2026-09-23T15:31:29-04:00] 2026-09-23-MEIC-13:30-CALL CLOSE (STOPPED) submitted @ 4.52
[2026-09-23T15:31:30-04:00] 2026-09-23-MEIC-14:00-PUT CLOSE (STOPPED) submitted @ 4.18
[2026-09-23T15:32:02-04:00] 2026-09-23-MEIC-12:30-PUT CLOSE (STOPPED) submitted @ 4.48
[2026-09-23T15:32:03-04:00] 2026-09-23-MEIC-13:30-CALL CLOSE (STOPPED) submitted @ 4.52
[2026-09-23T15:32:03-04:00] 2026-09-23-MEIC-14:00-PUT CLOSE (STOPPED) submitted @ 4.18
[2026-09-23T15:32:35-04:00] 2026-09-23-MEIC-12:30-PUT CLOSE (STOPPED) submitted @ 4.48
[2026-09-23T15:32:36-04:00] 2026-09-23-MEIC-13:30-CALL CLOSE (STOPPED) submitted @ 4.52
[2026-09-23T15:32:36-04:00] 2026-09-23-MEIC-14:00-PUT CLOSE (STOPPED) submitted @ 4.18
[2026-09-23T15:33:08-04:00] 2026-09-23-MEIC-12:30-PUT CLOSE (STOPPED) submitted @ 4.48
[2026-09-23T15:33:09-04:00] 2026-09-23-MEIC-13:30-CALL CLOSE (STOPPED) submitted @ 4.52
[2026-09-23T15:33:09-04:00] 2026-09-23-MEIC-14:00-PUT CLOSE (STOPPED) submitted @ 4.18
[2026-09-23T15:33:42-04:00] 2026-09-23-MEIC-12:30-PUT CLOSE (STOPPED) submitted @ 4.48
[2026-09-23T15:33:42-04:00] 2026-09-23-MEIC-13:30-CALL CLOSE (STOPPED) submitted @ 4.52
[2026-09-23T15:33:43-04:00] 2026-09-23-MEIC-14:00-PUT CLOSE (STOPPED) submitted @ 4.18
[2026-09-23T15:34:15-04:00] 2026-09-23-MEIC-12:30-PUT CLOSE (STOPPED) submitted @ 4.48
[2026-09-23T15:34:15-04:00] 2026-09-23-MEIC-13:30-CALL CLOSE (STOPPED) submitted @ 4.52
[2026-09-23T15:34:16-04:00] 2026-09-23-MEIC-14:00-PUT CLOSE (STOPPED) submitted @ 4.18
[2026-09-23T15:34:48-04:00] 2026-09-23-MEIC-12:30-PUT CLOSE (STOPPED) submitted @ 4.48
[2026-09-23T15:34:49-04:00] 2026-09-23-MEIC-13:30-CALL CLOSE (STOPPED) submitted @ 4.52
[2026-09-23T15:34:49-04:00] 2026-09-23-MEIC-14:00-PUT CLOSE (STOPPED) submitted @ 4.18
[2026-09-23T15:35:22-04:00] 2026-09-23-MEIC-12:30-PUT CLOSE (STOPPED) submitted @ 4.48
[2026-09-23T15:35:22-04:00] 2026-09-23-MEIC-13:30-CALL CLOSE (STOPPED) submitted @ 4.52
[2026-09-23T15:35:22-04:00] 2026-09-23-MEIC-14:00-PUT CLOSE (STOPPED) submitted @ 4.18
[2026-09-23T15:35:54-04:00] 2026-09-23-MEIC-12:30-PUT CLOSE (STOPPED) submitted @ 4.48
[2026-09-23T15:35:55-04:00] 2026-09-23-MEIC-13:30-CALL CLOSE (STOPPED) submitted @ 4.52
[2026-09-23T15:35:55-04:00] 2026-09-23-MEIC-14:00-PUT CLOSE (STOPPED) submitted @ 4.18
[2026-09-23T15:36:27-04:00] 2026-09-23-MEIC-12:30-PUT CLOSE (STOPPED) submitted @ 4.48
[2026-09-23T15:36:28-04:00] 2026-09-23-MEIC-13:30-CALL CLOSE (STOPPED) submitted @ 4.52
[2026-09-23T15:36:28-04:00] 2026-09-23-MEIC-14:00-PUT CLOSE (STOPPED) submitted @ 4.18
[2026-09-23T15:37:00-04:00] 2026-09-23-MEIC-12:30-PUT CLOSE (STOPPED) submitted @ 4.48
[2026-09-23T15:37:01-04:00] 2026-09-23-MEIC-13:30-CALL CLOSE (STOPPED) submitted @ 4.52
[2026-09-23T15:37:02-04:00] 2026-09-23-MEIC-14:00-PUT CLOSE (STOPPED) submitted @ 4.18
[2026-09-23T15:37:34-04:00] 2026-09-23-MEIC-12:30-PUT CLOSE (STOPPED) submitted @ 4.48
[2026-09-23T15:37:35-04:00] 2026-09-23-MEIC-13:30-CALL CLOSE (STOPPED) submitted @ 4.52
[2026-09-23T15:37:35-04:00] 2026-09-23-MEIC-14:00-PUT CLOSE (STOPPED) submitted @ 4.18
[2026-09-23T15:38:07-04:00] 2026-09-23-MEIC-12:30-PUT CLOSE (STOPPED) submitted @ 4.48
[2026-09-23T15:38:08-04:00] 2026-09-23-MEIC-13:30-CALL CLOSE (STOPPED) submitted @ 4.52
[2026-09-23T15:38:08-04:00] 2026-09-23-MEIC-14:00-PUT CLOSE (STOPPED) submitted @ 4.18
[2026-09-23T15:38:40-04:00] 2026-09-23-MEIC-12:30-PUT CLOSE (STOPPED) submitted @ 4.48
[2026-09-23T15:38:41-04:00] 2026-09-23-MEIC-13:30-CALL CLOSE (STOPPED) submitted @ 4.52
[2026-09-23T15:38:41-04:00] 2026-09-23-MEIC-14:00-PUT CLOSE (STOPPED) submitted @ 4.18
[2026-09-23T15:39:14-04:00] 2026-09-23-MEIC-12:30-PUT CLOSE (STOPPED) submitted @ 4.48
[2026-09-23T15:39:14-04:00] 2026-09-23-MEIC-13:30-CALL CLOSE (STOPPED) submitted @ 4.52
[2026-09-23T15:39:15-04:00] 2026-09-23-MEIC-14:00-PUT CLOSE (STOPPED) submitted @ 4.18
[2026-09-23T15:39:47-04:00] 2026-09-23-MEIC-12:30-PUT CLOSE (STOPPED) submitted @ 4.48
[2026-09-23T15:39:47-04:00] 2026-09-23-MEIC-13:30-CALL CLOSE (STOPPED) submitted @ 4.52
[2026-09-23T15:39:48-04:00] 2026-09-23-MEIC-14:00-PUT CLOSE (STOPPED) submitted @ 4.18
[2026-09-23T15:40:20-04:00] 2026-09-23-MEIC-12:30-PUT CLOSE (STOPPED) submitted @ 4.48
[2026-09-23T15:40:21-04:00] 2026-09-23-MEIC-13:30-CALL CLOSE (STOPPED) submitted @ 4.52
[2026-09-23T15:40:21-04:00] 2026-09-23-MEIC-14:00-PUT CLOSE (STOPPED) submitted @ 4.18
[2026-09-23T15:40:53-04:00] 2026-09-23-MEIC-12:30-PUT CLOSE (STOPPED) submitted @ 4.48
[2026-09-23T15:40:54-04:00] 2026-09-23-MEIC-13:30-CALL CLOSE (STOPPED) submitted @ 4.52
[2026-09-23T15:40:54-04:00] 2026-09-23-MEIC-14:00-PUT CLOSE (STOPPED) submitted @ 4.18
[2026-09-23T15:41:26-04:00] 2026-09-23-MEIC-12:30-PUT CLOSE (STOPPED) submitted @ 4.48
[2026-09-23T15:41:27-04:00] 2026-09-23-MEIC-13:30-CALL CLOSE (STOPPED) submitted @ 4.52
[2026-09-23T15:41:27-04:00] 2026-09-23-MEIC-14:00-PUT CLOSE (STOPPED) submitted @ 4.18
[2026-09-23T15:42:00-04:00] 2026-09-23-MEIC-12:30-PUT CLOSE (STOPPED) submitted @ 4.48
[2026-09-23T15:42:00-04:00] 2026-09-23-MEIC-13:30-CALL CLOSE (STOPPED) submitted @ 4.52
[2026-09-23T15:42:01-04:00] 2026-09-23-MEIC-14:00-PUT CLOSE (STOPPED) submitted @ 4.18
[2026-09-23T15:42:33-04:00] 2026-09-23-MEIC-12:30-PUT CLOSE (STOPPED) submitted @ 4.48
[2026-09-23T15:42:34-04:00] 2026-09-23-MEIC-13:30-CALL CLOSE (STOPPED) submitted @ 4.52
[2026-09-23T15:42:34-04:00] 2026-09-23-MEIC-14:00-PUT CLOSE (STOPPED) submitted @ 4.18
[2026-09-23T15:43:06-04:00] 2026-09-23-MEIC-12:30-PUT CLOSE (STOPPED) submitted @ 4.48
[2026-09-23T15:43:06-04:00] 2026-09-23-MEIC-13:30-CALL CLOSE (STOPPED) submitted @ 4.52
[2026-09-23T15:43:07-04:00] 2026-09-23-MEIC-14:00-PUT CLOSE (STOPPED) submitted @ 4.18
[2026-09-23T15:43:40-04:00] 2026-09-23-MEIC-12:30-PUT CLOSE (STOPPED) submitted @ 4.48
[2026-09-23T15:43:40-04:00] 2026-09-23-MEIC-13:30-CALL CLOSE (STOPPED) submitted @ 4.52
[2026-09-23T15:43:40-04:00] 2026-09-23-MEIC-14:00-PUT CLOSE (STOPPED) submitted @ 4.18
[2026-09-23T15:43:41-04:00] 2026-09-23-MEIC-14:00-CALL CLOSE (TP) submitted @ 0.10
[2026-09-23T15:44:14-04:00] 2026-09-23-MEIC-12:30-PUT CLOSE (STOPPED) submitted @ 4.48
[2026-09-23T15:44:14-04:00] 2026-09-23-MEIC-13:30-CALL CLOSE (STOPPED) submitted @ 4.52
[2026-09-23T15:44:15-04:00] 2026-09-23-MEIC-14:00-PUT CLOSE (STOPPED) submitted @ 4.18
[2026-09-23T15:44:47-04:00] 2026-09-23-MEIC-12:00-CALL CLOSE (TP) submitted @ 0.13
[2026-09-23T15:44:48-04:00] 2026-09-23-MEIC-12:30-PUT CLOSE (STOPPED) submitted @ 4.48
[2026-09-23T15:44:48-04:00] 2026-09-23-MEIC-12:30-CALL CLOSE (TP) submitted @ 0.13
[2026-09-23T15:44:49-04:00] 2026-09-23-MEIC-13:30-CALL CLOSE (STOPPED) submitted @ 4.52
[2026-09-23T15:44:50-04:00] 2026-09-23-MEIC-14:00-PUT CLOSE (STOPPED) submitted @ 4.18
[2026-09-23T15:45:23-04:00] 2026-09-23-MEIC-12:00-CALL CLOSE (TP) submitted @ 0.13
[2026-09-23T15:45:24-04:00] 2026-09-23-MEIC-12:30-PUT CLOSE (STOPPED) submitted @ 4.48
[2026-09-23T15:45:24-04:00] 2026-09-23-MEIC-12:30-CALL CLOSE (TP) submitted @ 0.13
[2026-09-23T15:45:25-04:00] 2026-09-23-MEIC-13:30-CALL CLOSE (STOPPED) submitted @ 4.52
[2026-09-23T15:45:25-04:00] 2026-09-23-MEIC-14:00-PUT CLOSE (STOPPED) submitted @ 4.18
[2026-09-23T15:45:59-04:00] 2026-09-23-MEIC-12:00-CALL CLOSE (TP) submitted @ 0.13
[2026-09-23T15:46:00-04:00] 2026-09-23-MEIC-12:30-PUT CLOSE (STOPPED) submitted @ 4.48
[2026-09-23T15:46:00-04:00] 2026-09-23-MEIC-12:30-CALL CLOSE (TP) submitted @ 0.13
[2026-09-23T15:46:01-04:00] 2026-09-23-MEIC-13:30-CALL CLOSE (STOPPED) submitted @ 4.52
[2026-09-23T15:46:01-04:00] 2026-09-23-MEIC-14:00-PUT CLOSE (STOPPED) submitted @ 4.18
[2026-09-23T15:46:35-04:00] 2026-09-23-MEIC-12:00-CALL CLOSE (TP) submitted @ 0.13
[2026-09-23T15:46:35-04:00] 2026-09-23-MEIC-12:30-PUT CLOSE (STOPPED) submitted @ 4.48
[2026-09-23T15:46:36-04:00] 2026-09-23-MEIC-12:30-CALL CLOSE (TP) submitted @ 0.13
[2026-09-23T15:46:36-04:00] 2026-09-23-MEIC-13:30-CALL CLOSE (STOPPED) submitted @ 4.52
[2026-09-23T15:46:37-04:00] 2026-09-23-MEIC-14:00-PUT CLOSE (STOPPED) submitted @ 4.18
[2026-09-23T15:47:11-04:00] 2026-09-23-MEIC-12:00-CALL CLOSE (TP) submitted @ 0.13
[2026-09-23T15:47:11-04:00] 2026-09-23-MEIC-12:30-PUT CLOSE (STOPPED) submitted @ 4.48
[2026-09-23T15:47:12-04:00] 2026-09-23-MEIC-12:30-CALL CLOSE (TP) submitted @ 0.13
[2026-09-23T15:47:12-04:00] 2026-09-23-MEIC-13:30-CALL CLOSE (STOPPED) submitted @ 4.52
[2026-09-23T15:47:13-04:00] 2026-09-23-MEIC-14:00-PUT CLOSE (STOPPED) submitted @ 4.18
[2026-09-23T15:47:46-04:00] 2026-09-23-MEIC-14:00-CALL CLOSE (TP) submitted @ 0.30
[2026-09-23T15:47:46-04:00] 2026-09-23-MEIC-12:00-CALL CLOSE (TP) submitted @ 0.13
[2026-09-23T15:47:47-04:00] 2026-09-23-MEIC-12:30-PUT CLOSE (STOPPED) submitted @ 4.48
[2026-09-23T15:47:48-04:00] 2026-09-23-MEIC-12:30-CALL CLOSE (TP) submitted @ 0.13
[2026-09-23T15:47:49-04:00] 2026-09-23-MEIC-13:30-CALL CLOSE (STOPPED) submitted @ 4.52
[2026-09-23T15:47:49-04:00] 2026-09-23-MEIC-14:00-PUT CLOSE (STOPPED) submitted @ 4.18
[2026-09-23T15:48:23-04:00] 2026-09-23-MEIC-12:00-CALL CLOSE (TP) submitted @ 0.13
[2026-09-23T15:48:23-04:00] 2026-09-23-MEIC-12:30-PUT CLOSE (STOPPED) submitted @ 4.48
[2026-09-23T15:48:24-04:00] 2026-09-23-MEIC-12:30-CALL CLOSE (TP) submitted @ 0.13
[2026-09-23T15:48:24-04:00] 2026-09-23-MEIC-13:30-CALL CLOSE (STOPPED) submitted @ 4.52
[2026-09-23T15:48:24-04:00] 2026-09-23-MEIC-14:00-PUT CLOSE (STOPPED) submitted @ 4.18
[2026-09-23T15:48:58-04:00] 2026-09-23-MEIC-12:00-CALL CLOSE (TP) submitted @ 0.13
[2026-09-23T15:48:58-04:00] 2026-09-23-MEIC-12:30-PUT CLOSE (STOPPED) submitted @ 4.48
[2026-09-23T15:48:59-04:00] 2026-09-23-MEIC-12:30-CALL CLOSE (TP) submitted @ 0.13
[2026-09-23T15:48:59-04:00] 2026-09-23-MEIC-13:30-CALL CLOSE (STOPPED) submitted @ 4.52
[2026-09-23T15:48:59-04:00] 2026-09-23-MEIC-14:00-PUT CLOSE (STOPPED) submitted @ 4.18
[2026-09-23T15:49:33-04:00] 2026-09-23-MEIC-12:00-CALL CLOSE (TP) submitted @ 0.13
[2026-09-23T15:49:33-04:00] 2026-09-23-MEIC-12:30-PUT CLOSE (STOPPED) submitted @ 4.48
[2026-09-23T15:49:34-04:00] 2026-09-23-MEIC-12:30-CALL CLOSE (TP) submitted @ 0.13
[2026-09-23T15:49:34-04:00] 2026-09-23-MEIC-13:30-CALL CLOSE (STOPPED) submitted @ 4.52
[2026-09-23T15:49:35-04:00] 2026-09-23-MEIC-14:00-PUT CLOSE (STOPPED) submitted @ 4.18
[2026-09-23T15:50:09-04:00] 2026-09-23-MEIC-12:00-CALL CLOSE (TP) submitted @ 0.13
[2026-09-23T15:50:09-04:00] 2026-09-23-MEIC-12:30-PUT CLOSE (STOPPED) submitted @ 4.48
[2026-09-23T15:50:10-04:00] 2026-09-23-MEIC-12:30-CALL CLOSE (TP) submitted @ 0.13
[2026-09-23T15:50:10-04:00] 2026-09-23-MEIC-13:30-CALL CLOSE (STOPPED) submitted @ 4.52
[2026-09-23T15:50:11-04:00] 2026-09-23-MEIC-14:00-PUT CLOSE (STOPPED) submitted @ 4.18
[2026-09-23T15:50:44-04:00] 2026-09-23-MEIC-12:00-CALL CLOSE (TP) submitted @ 0.13
[2026-09-23T15:50:45-04:00] 2026-09-23-MEIC-12:30-PUT CLOSE (STOPPED) submitted @ 4.48
[2026-09-23T15:50:45-04:00] 2026-09-23-MEIC-12:30-CALL CLOSE (TP) submitted @ 0.13
[2026-09-23T15:50:46-04:00] 2026-09-23-MEIC-13:30-CALL CLOSE (STOPPED) submitted @ 4.52
[2026-09-23T15:50:46-04:00] 2026-09-23-MEIC-14:00-PUT CLOSE (STOPPED) submitted @ 4.18
[2026-09-23T15:51:20-04:00] 2026-09-23-MEIC-12:00-CALL CLOSE (TP) submitted @ 0.13
[2026-09-23T15:51:20-04:00] 2026-09-23-MEIC-12:30-PUT CLOSE (STOPPED) submitted @ 4.48
[2026-09-23T15:51:21-04:00] 2026-09-23-MEIC-12:30-CALL CLOSE (TP) submitted @ 0.13
[2026-09-23T15:51:21-04:00] 2026-09-23-MEIC-13:30-CALL CLOSE (STOPPED) submitted @ 4.52
[2026-09-23T15:51:22-04:00] 2026-09-23-MEIC-14:00-PUT CLOSE (STOPPED) submitted @ 4.18
[2026-09-23T15:51:56-04:00] 2026-09-23-MEIC-14:00-CALL CLOSE (TP) submitted @ 0.75
[2026-09-23T15:51:56-04:00] 2026-09-23-MEIC-12:00-CALL CLOSE (TP) submitted @ 0.13
[2026-09-23T15:51:57-04:00] 2026-09-23-MEIC-12:30-PUT CLOSE (STOPPED) submitted @ 4.48
[2026-09-23T15:51:57-04:00] 2026-09-23-MEIC-12:30-CALL CLOSE (TP) submitted @ 0.13
[2026-09-23T15:51:58-04:00] 2026-09-23-MEIC-13:30-CALL CLOSE (STOPPED) submitted @ 4.52
[2026-09-23T15:51:58-04:00] 2026-09-23-MEIC-14:00-PUT CLOSE (STOPPED) submitted @ 4.18
[2026-09-23T15:52:32-04:00] 2026-09-23-MEIC-12:00-CALL CLOSE (TP) submitted @ 0.13
[2026-09-23T15:52:32-04:00] 2026-09-23-MEIC-12:30-PUT CLOSE (STOPPED) submitted @ 4.48
[2026-09-23T15:52:33-04:00] 2026-09-23-MEIC-12:30-CALL CLOSE (TP) submitted @ 0.13
[2026-09-23T15:52:33-04:00] 2026-09-23-MEIC-13:30-CALL CLOSE (STOPPED) submitted @ 4.52
[2026-09-23T15:52:34-04:00] 2026-09-23-MEIC-14:00-PUT CLOSE (STOPPED) submitted @ 4.18
[2026-09-23T15:52:35-04:00] 2026-09-23-MEIC-14:00-CALL CLOSE (TP) submitted @ 0.10
[2026-09-23T15:53:09-04:00] 2026-09-23-MEIC-12:00-CALL CLOSE (TP) submitted @ 0.13
[2026-09-23T15:53:09-04:00] 2026-09-23-MEIC-12:30-PUT CLOSE (STOPPED) submitted @ 4.48
[2026-09-23T15:53:10-04:00] 2026-09-23-MEIC-12:30-CALL CLOSE (TP) submitted @ 0.13
[2026-09-23T15:53:10-04:00] 2026-09-23-MEIC-13:30-CALL CLOSE (STOPPED) submitted @ 4.52
[2026-09-23T15:53:11-04:00] 2026-09-23-MEIC-14:00-PUT CLOSE (STOPPED) submitted @ 4.18
[2026-09-23T15:53:44-04:00] 2026-09-23-MEIC-12:00-CALL CLOSE (TP) submitted @ 0.13
[2026-09-23T15:53:45-04:00] 2026-09-23-MEIC-12:30-PUT CLOSE (STOPPED) submitted @ 4.48
[2026-09-23T15:53:45-04:00] 2026-09-23-MEIC-12:30-CALL CLOSE (TP) submitted @ 0.13
[2026-09-23T15:53:45-04:00] 2026-09-23-MEIC-13:30-CALL CLOSE (STOPPED) submitted @ 4.52
[2026-09-23T15:53:46-04:00] 2026-09-23-MEIC-14:00-PUT CLOSE (STOPPED) submitted @ 4.18
[2026-09-23T15:54:19-04:00] 2026-09-23-MEIC-12:00-CALL CLOSE (TP) submitted @ 0.13
[2026-09-23T15:54:20-04:00] 2026-09-23-MEIC-12:30-PUT CLOSE (STOPPED) submitted @ 4.48
[2026-09-23T15:54:20-04:00] 2026-09-23-MEIC-12:30-CALL CLOSE (TP) submitted @ 0.13
[2026-09-23T15:54:21-04:00] 2026-09-23-MEIC-13:30-CALL CLOSE (STOPPED) submitted @ 4.52
[2026-09-23T15:54:21-04:00] 2026-09-23-MEIC-14:00-PUT CLOSE (STOPPED) submitted @ 4.18
[2026-09-23T15:54:55-04:00] 2026-09-23-MEIC-12:00-CALL CLOSE (TP) submitted @ 0.13
[2026-09-23T15:54:56-04:00] 2026-09-23-MEIC-12:30-PUT CLOSE (STOPPED) submitted @ 4.48
[2026-09-23T15:54:57-04:00] 2026-09-23-MEIC-12:30-CALL CLOSE (TP) submitted @ 0.13
[2026-09-23T15:54:57-04:00] 2026-09-23-MEIC-13:30-CALL CLOSE (STOPPED) submitted @ 4.52
[2026-09-23T15:54:58-04:00] 2026-09-23-MEIC-14:00-PUT CLOSE (STOPPED) submitted @ 4.18
[2026-09-23T15:55:31-04:00] 2026-09-23-MEIC-12:00-CALL CLOSE (TP) submitted @ 0.13
[2026-09-23T15:55:32-04:00] 2026-09-23-MEIC-12:30-PUT CLOSE (STOPPED) submitted @ 4.48
[2026-09-23T15:55:32-04:00] 2026-09-23-MEIC-12:30-CALL CLOSE (TP) submitted @ 0.13
[2026-09-23T15:55:33-04:00] 2026-09-23-MEIC-13:30-CALL CLOSE (STOPPED) submitted @ 4.52
[2026-09-23T15:55:33-04:00] 2026-09-23-MEIC-14:00-PUT CLOSE (STOPPED) submitted @ 4.18
[2026-09-23T15:56:07-04:00] 2026-09-23-MEIC-12:00-CALL CLOSE (TP) submitted @ 0.13
[2026-09-23T15:56:08-04:00] 2026-09-23-MEIC-12:30-PUT CLOSE (STOPPED) submitted @ 4.48
[2026-09-23T15:56:09-04:00] 2026-09-23-MEIC-12:30-CALL CLOSE (TP) submitted @ 0.13
[2026-09-23T15:56:09-04:00] 2026-09-23-MEIC-13:30-CALL CLOSE (STOPPED) submitted @ 4.52
[2026-09-23T15:56:10-04:00] 2026-09-23-MEIC-14:00-PUT CLOSE (STOPPED) submitted @ 4.18
[2026-09-23T15:56:33-04:00] DISARMED
[2026-09-23T16:24:02-04:00] 2026-09-23-MEIC-12:00-CALL settled at intrinsic 0.00 pnl +220
[2026-09-23T16:24:02-04:00] 2026-09-23-MEIC-12:30-PUT settled at intrinsic 0.00 pnl +170
[2026-09-23T16:24:02-04:00] 2026-09-23-MEIC-12:30-CALL settled at intrinsic 0.00 pnl +185
[2026-09-23T16:24:02-04:00] 2026-09-23-MEIC-13:30-CALL settled at intrinsic 0.00 pnl +225
[2026-09-23T16:24:02-04:00] 2026-09-23-MEIC-14:00-PUT settled at intrinsic 0.00 pnl +195
[2026-09-23T16:24:02-04:00] 2026-09-23-MEIC-14:00-CALL settled at intrinsic 0.00 pnl +160
[2026-09-24T09:34:00-04:00] ARMED on …719
[2026-09-24T12:00:03-04:00] 2026-09-24-MEIC-12:00-PUT OPEN submitted 1.75 cr (order 1008050297878)
[2026-09-24T12:00:03-04:00] 2026-09-24-MEIC-12:00-CALL OPEN submitted 1.60 cr (order 1008050297881)
[2026-09-24T12:00:34-04:00] 2026-09-24-MEIC-12:00-PUT FILLED @ 1.75 (theo limit 1.75)
[2026-09-24T12:00:34-04:00] 2026-09-24-MEIC-12:00-CALL FILLED @ 1.60 (theo limit 1.60)
[2026-09-24T12:16:31-04:00] 2026-09-24-MEIC-12:00-CALL CLOSE (STOPPED) submitted @ 6.90
[2026-09-24T12:20:42-04:00] 2026-09-24-MEIC-12:00-CALL CLOSE (STOPPED) submitted @ 7.10
[2026-09-24T12:24:54-04:00] 2026-09-24-MEIC-12:00-CALL CLOSE (STOPPED) submitted @ 7.60
[2026-09-24T12:30:07-04:00] 2026-09-24-MEIC-12:30-PUT OPEN submitted 1.45 cr (order 1008052035501)
[2026-09-24T12:30:07-04:00] 2026-09-24-MEIC-12:30-CALL OPEN submitted 1.85 cr (order 1008052035503)
[2026-09-24T12:30:39-04:00] 2026-09-24-MEIC-12:30-PUT FILLED @ 1.50 (theo limit 1.45)
[2026-09-24T12:30:39-04:00] 2026-09-24-MEIC-12:30-CALL FILLED @ 1.85 (theo limit 1.85)
[2026-09-24T12:41:38-04:00] 2026-09-24-MEIC-12:30-CALL CLOSE (STOPPED) submitted @ 4.60
[2026-09-24T12:42:09-04:00] 2026-09-24-MEIC-12:30-CALL CLOSED @ 4.25 pnl -240
[2026-09-24T13:00:25-04:00] 2026-09-24-MEIC-13:00-PUT OPEN submitted 1.45 cr (order 1008053425616)
[2026-09-24T13:00:26-04:00] 2026-09-24-MEIC-13:00-CALL OPEN submitted 1.80 cr (order 1008053425618)
[2026-09-24T13:00:57-04:00] 2026-09-24-MEIC-13:00-PUT open REJECTED (The order is not an opening transaction. It will decrease or close an existing o)
[2026-09-24T13:01:28-04:00] 2026-09-24-MEIC-13:00-CALL FILLED @ 1.80 (theo limit 1.80)
[2026-09-24T13:43:38-04:00] 2026-09-24-MEIC-12:00-CALL CLOSED @ 7.60 pnl -600
[2026-09-24T14:00:05-04:00] 2026-09-24-MEIC-14:00-PUT OPEN submitted 1.80 cr (order 1008054645928)
[2026-09-24T14:00:06-04:00] 2026-09-24-MEIC-14:00-CALL OPEN submitted 2.10 cr (order 1008054645931)
[2026-09-24T14:00:36-04:00] 2026-09-24-MEIC-14:00-PUT FILLED @ 1.80 (theo limit 1.80)
[2026-09-24T14:00:37-04:00] 2026-09-24-MEIC-14:00-CALL FILLED @ 2.20 (theo limit 2.10)
[2026-09-24T14:04:14-04:00] 2026-09-24-MEIC-14:00-PUT CLOSE (STOPPED) submitted @ 4.70
[2026-09-24T14:04:45-04:00] 2026-09-24-MEIC-14:00-PUT CLOSED @ 4.30 pnl -250
[2026-09-24T14:04:45-04:00] DAILY STOP hit (-1090) — halting
[2026-09-24T14:04:45-04:00] 2026-09-24-MEIC-12:00-PUT CLOSE (HALT) submitted @ 30.00
[2026-09-24T14:04:46-04:00] 2026-09-24-MEIC-12:30-PUT CLOSE (HALT) submitted @ 30.00
[2026-09-24T14:04:46-04:00] 2026-09-24-MEIC-13:00-CALL CLOSE (HALT) submitted @ 30.00
[2026-09-24T14:04:47-04:00] 2026-09-24-MEIC-14:00-CALL CLOSE (HALT) submitted @ 30.00
[2026-09-24T14:05:18-04:00] 2026-09-24-MEIC-12:00-PUT close REJECTED (Your limit price is significantly away from the current market price. Please adj) — retry 1/3
[2026-09-24T14:05:18-04:00] 2026-09-24-MEIC-12:30-PUT close REJECTED (Your limit price is significantly away from the current market price. Please adj) — retry 1/3
[2026-09-24T14:05:18-04:00] 2026-09-24-MEIC-13:00-CALL close REJECTED (Your limit price is significantly away from the current market price. Please adj) — retry 1/3
[2026-09-24T14:05:19-04:00] 2026-09-24-MEIC-14:00-CALL close REJECTED (Your limit price is significantly away from the current market price. Please adj) — retry 1/3
[2026-09-24T14:05:19-04:00] 2026-09-24-MEIC-12:00-PUT CLOSE (HALT) submitted @ 30.00
[2026-09-24T14:05:20-04:00] 2026-09-24-MEIC-12:30-PUT CLOSE (HALT) submitted @ 30.00
[2026-09-24T14:05:20-04:00] 2026-09-24-MEIC-13:00-CALL CLOSE (HALT) submitted @ 30.00
[2026-09-24T14:05:21-04:00] 2026-09-24-MEIC-14:00-CALL CLOSE (HALT) submitted @ 30.00
[2026-09-24T14:05:52-04:00] 2026-09-24-MEIC-12:00-PUT close REJECTED (Your limit price is significantly away from the current market price. Please adj) — retry 1/3
[2026-09-24T14:05:52-04:00] 2026-09-24-MEIC-12:30-PUT close REJECTED (Your limit price is significantly away from the current market price. Please adj) — retry 1/3
[2026-09-24T14:05:53-04:00] 2026-09-24-MEIC-13:00-CALL close REJECTED (Your limit price is significantly away from the current market price. Please adj) — retry 1/3
[2026-09-24T14:05:53-04:00] 2026-09-24-MEIC-14:00-CALL close REJECTED (Your limit price is significantly away from the current market price. Please adj) — retry 1/3
[2026-09-24T14:05:53-04:00] 2026-09-24-MEIC-12:00-PUT CLOSE (HALT) submitted @ 30.00
[2026-09-24T14:05:54-04:00] 2026-09-24-MEIC-12:30-PUT CLOSE (HALT) submitted @ 30.00
[2026-09-24T14:05:54-04:00] 2026-09-24-MEIC-13:00-CALL CLOSE (HALT) submitted @ 30.00
[2026-09-24T14:05:55-04:00] 2026-09-24-MEIC-14:00-CALL CLOSE (HALT) submitted @ 30.00
[2026-09-24T14:06:26-04:00] 2026-09-24-MEIC-12:00-PUT close REJECTED (Your limit price is significantly away from the current market price. Please adj) — retry 1/3
[2026-09-24T14:06:27-04:00] 2026-09-24-MEIC-12:30-PUT close REJECTED (Your limit price is significantly away from the current market price. Please adj) — retry 1/3
[2026-09-24T14:06:27-04:00] 2026-09-24-MEIC-13:00-CALL close REJECTED (Your limit price is significantly away from the current market price. Please adj) — retry 1/3
[2026-09-24T14:06:27-04:00] 2026-09-24-MEIC-14:00-CALL close REJECTED (Your limit price is significantly away from the current market price. Please adj) — retry 1/3
[2026-09-24T14:06:28-04:00] 2026-09-24-MEIC-12:00-PUT CLOSE (HALT) submitted @ 30.00
[2026-09-24T14:06:28-04:00] 2026-09-24-MEIC-12:30-PUT CLOSE (HALT) submitted @ 30.00
[2026-09-24T14:06:29-04:00] 2026-09-24-MEIC-13:00-CALL CLOSE (HALT) submitted @ 30.00
[2026-09-24T14:06:29-04:00] 2026-09-24-MEIC-14:00-CALL CLOSE (HALT) submitted @ 30.00
[2026-09-24T14:07:01-04:00] 2026-09-24-MEIC-12:00-PUT close REJECTED (Your limit price is significantly away from the current market price. Please adj) — retry 1/3
[2026-09-24T14:07:01-04:00] 2026-09-24-MEIC-12:30-PUT close REJECTED (Your limit price is significantly away from the current market price. Please adj) — retry 1/3
[2026-09-24T14:07:01-04:00] 2026-09-24-MEIC-13:00-CALL close REJECTED (Your limit price is significantly away from the current market price. Please adj) — retry 1/3
[2026-09-24T14:07:02-04:00] 2026-09-24-MEIC-14:00-CALL close REJECTED (Your limit price is significantly away from the current market price. Please adj) — retry 1/3
[2026-09-24T14:07:02-04:00] 2026-09-24-MEIC-12:00-PUT CLOSE (HALT) submitted @ 30.00
[2026-09-24T14:07:03-04:00] 2026-09-24-MEIC-12:30-PUT CLOSE (HALT) submitted @ 30.00
[2026-09-24T14:07:03-04:00] 2026-09-24-MEIC-13:00-CALL CLOSE (HALT) submitted @ 30.00
[2026-09-24T14:07:04-04:00] 2026-09-24-MEIC-14:00-CALL CLOSE (HALT) submitted @ 30.00
[2026-09-24T14:07:35-04:00] 2026-09-24-MEIC-12:00-PUT close REJECTED (Your limit price is significantly away from the current market price. Please adj) — retry 1/3
[2026-09-24T14:07:35-04:00] 2026-09-24-MEIC-12:30-PUT close REJECTED (Your limit price is significantly away from the current market price. Please adj) — retry 1/3
[2026-09-24T14:07:36-04:00] 2026-09-24-MEIC-13:00-CALL close REJECTED (Your limit price is significantly away from the current market price. Please adj) — retry 1/3
[2026-09-24T14:07:36-04:00] 2026-09-24-MEIC-14:00-CALL close REJECTED (Your limit price is significantly away from the current market price. Please adj) — retry 1/3
[2026-09-24T14:07:37-04:00] 2026-09-24-MEIC-12:00-PUT CLOSE (HALT) submitted @ 30.00
[2026-09-24T14:07:37-04:00] 2026-09-24-MEIC-12:30-PUT CLOSE (HALT) submitted @ 30.00
[2026-09-24T14:07:37-04:00] 2026-09-24-MEIC-13:00-CALL CLOSE (HALT) submitted @ 30.00
[2026-09-24T14:07:38-04:00] 2026-09-24-MEIC-14:00-CALL CLOSE (HALT) submitted @ 30.00
[2026-09-24T14:08:09-04:00] 2026-09-24-MEIC-12:00-PUT close REJECTED (Your limit price is significantly away from the current market price. Please adj) — retry 1/3
[2026-09-24T14:08:10-04:00] 2026-09-24-MEIC-12:30-PUT close REJECTED (Your limit price is significantly away from the current market price. Please adj) — retry 1/3
[2026-09-24T14:08:10-04:00] 2026-09-24-MEIC-13:00-CALL close REJECTED (Your limit price is significantly away from the current market price. Please adj) — retry 1/3
[2026-09-24T14:08:11-04:00] 2026-09-24-MEIC-14:00-CALL close REJECTED (Your limit price is significantly away from the current market price. Please adj) — retry 1/3
[2026-09-24T14:08:11-04:00] 2026-09-24-MEIC-12:00-PUT CLOSE (HALT) submitted @ 30.00
[2026-09-24T14:08:12-04:00] 2026-09-24-MEIC-12:30-PUT CLOSE (HALT) submitted @ 30.00
[2026-09-24T14:08:12-04:00] 2026-09-24-MEIC-13:00-CALL CLOSE (HALT) submitted @ 30.00
[2026-09-24T14:08:13-04:00] 2026-09-24-MEIC-14:00-CALL CLOSE (HALT) submitted @ 30.00
[2026-09-24T14:08:44-04:00] 2026-09-24-MEIC-12:00-PUT close REJECTED (Your limit price is significantly away from the current market price. Please adj) — retry 1/3
[2026-09-24T14:08:44-04:00] 2026-09-24-MEIC-12:30-PUT close REJECTED (Your limit price is significantly away from the current market price. Please adj) — retry 1/3
[2026-09-24T14:08:45-04:00] 2026-09-24-MEIC-13:00-CALL close REJECTED (Your limit price is significantly away from the current market price. Please adj) — retry 1/3
[2026-09-24T14:08:45-04:00] 2026-09-24-MEIC-14:00-CALL close REJECTED (Your limit price is significantly away from the current market price. Please adj) — retry 1/3
[2026-09-24T14:08:46-04:00] 2026-09-24-MEIC-12:00-PUT CLOSE (HALT) submitted @ 30.00
[2026-09-24T14:08:46-04:00] 2026-09-24-MEIC-12:30-PUT CLOSE (HALT) submitted @ 30.00
[2026-09-24T14:08:46-04:00] 2026-09-24-MEIC-13:00-CALL CLOSE (HALT) submitted @ 30.00
[2026-09-24T14:08:47-04:00] 2026-09-24-MEIC-14:00-CALL CLOSE (HALT) submitted @ 30.00
[2026-09-24T14:09:18-04:00] 2026-09-24-MEIC-12:00-PUT close REJECTED (Your limit price is significantly away from the current market price. Please adj) — retry 1/3
[2026-09-24T14:09:19-04:00] 2026-09-24-MEIC-12:30-PUT close REJECTED (Your limit price is significantly away from the current market price. Please adj) — retry 1/3
[2026-09-24T14:09:19-04:00] 2026-09-24-MEIC-13:00-CALL close REJECTED (Your limit price is significantly away from the current market price. Please adj) — retry 1/3
[2026-09-24T14:09:19-04:00] 2026-09-24-MEIC-14:00-CALL close REJECTED (Your limit price is significantly away from the current market price. Please adj) — retry 1/3
[2026-09-24T14:09:20-04:00] 2026-09-24-MEIC-12:00-PUT CLOSE (HALT) submitted @ 30.00
[2026-09-24T14:09:20-04:00] 2026-09-24-MEIC-12:30-PUT CLOSE (HALT) submitted @ 30.00
[2026-09-24T14:09:21-04:00] 2026-09-24-MEIC-13:00-CALL CLOSE (HALT) submitted @ 30.00
[2026-09-24T14:09:21-04:00] 2026-09-24-MEIC-14:00-CALL CLOSE (HALT) submitted @ 30.00
[2026-09-24T14:09:53-04:00] 2026-09-24-MEIC-12:00-PUT close REJECTED (Your limit price is significantly away from the current market price. Please adj) — retry 1/3
[2026-09-24T14:09:53-04:00] 2026-09-24-MEIC-12:30-PUT close REJECTED (Your limit price is significantly away from the current market price. Please adj) — retry 1/3
[2026-09-24T14:09:54-04:00] 2026-09-24-MEIC-13:00-CALL close REJECTED (Your limit price is significantly away from the current market price. Please adj) — retry 1/3
[2026-09-24T14:09:54-04:00] 2026-09-24-MEIC-14:00-CALL close REJECTED (Your limit price is significantly away from the current market price. Please adj) — retry 1/3
[2026-09-24T14:09:54-04:00] 2026-09-24-MEIC-12:00-PUT CLOSE (HALT) submitted @ 30.00
[2026-09-24T14:09:55-04:00] 2026-09-24-MEIC-12:30-PUT CLOSE (HALT) submitted @ 30.00
[2026-09-24T14:09:55-04:00] 2026-09-24-MEIC-13:00-CALL CLOSE (HALT) submitted @ 30.00
[2026-09-24T14:09:56-04:00] 2026-09-24-MEIC-14:00-CALL CLOSE (HALT) submitted @ 30.00
[2026-09-24T14:10:27-04:00] 2026-09-24-MEIC-12:00-PUT close REJECTED (Your limit price is significantly away from the current market price. Please adj) — retry 1/3
[2026-09-24T14:10:28-04:00] 2026-09-24-MEIC-12:30-PUT close REJECTED (Your limit price is significantly away from the current market price. Please adj) — retry 1/3
[2026-09-24T14:10:29-04:00] 2026-09-24-MEIC-13:00-CALL close REJECTED (Your limit price is significantly away from the current market price. Please adj) — retry 1/3
[2026-09-24T14:10:29-04:00] 2026-09-24-MEIC-14:00-CALL close REJECTED (Your limit price is significantly away from the current market price. Please adj) — retry 1/3
[2026-09-24T14:10:30-04:00] 2026-09-24-MEIC-12:00-PUT CLOSE (HALT) submitted @ 30.00
[2026-09-24T14:10:30-04:00] 2026-09-24-MEIC-12:30-PUT CLOSE (HALT) submitted @ 30.00
[2026-09-24T14:10:31-04:00] 2026-09-24-MEIC-13:00-CALL CLOSE (HALT) submitted @ 30.00
[2026-09-24T14:10:31-04:00] 2026-09-24-MEIC-14:00-CALL CLOSE (HALT) submitted @ 30.00
[2026-09-24T14:11:03-04:00] 2026-09-24-MEIC-12:00-PUT close REJECTED (Your limit price is significantly away from the current market price. Please adj) — retry 1/3
[2026-09-24T14:11:03-04:00] 2026-09-24-MEIC-12:30-PUT close REJECTED (Your limit price is significantly away from the current market price. Please adj) — retry 1/3
[2026-09-24T14:11:04-04:00] 2026-09-24-MEIC-13:00-CALL close REJECTED (Your limit price is significantly away from the current market price. Please adj) — retry 1/3
[2026-09-24T14:11:04-04:00] 2026-09-24-MEIC-14:00-CALL close REJECTED (Your limit price is significantly away from the current market price. Please adj) — retry 1/3
[2026-09-24T14:11:05-04:00] 2026-09-24-MEIC-12:00-PUT CLOSE (HALT) submitted @ 30.00
[2026-09-24T14:11:05-04:00] 2026-09-24-MEIC-12:30-PUT CLOSE (HALT) submitted @ 30.00
[2026-09-24T14:11:06-04:00] 2026-09-24-MEIC-13:00-CALL CLOSE (HALT) submitted @ 30.00
[2026-09-24T14:11:06-04:00] 2026-09-24-MEIC-14:00-CALL CLOSE (HALT) submitted @ 30.00
[2026-09-24T14:11:38-04:00] 2026-09-24-MEIC-12:00-PUT close REJECTED (Your limit price is significantly away from the current market price. Please adj) — retry 1/3
[2026-09-24T14:11:38-04:00] 2026-09-24-MEIC-12:30-PUT close REJECTED (Your limit price is significantly away from the current market price. Please adj) — retry 1/3
[2026-09-24T14:11:39-04:00] 2026-09-24-MEIC-13:00-CALL close REJECTED (Your limit price is significantly away from the current market price. Please adj) — retry 1/3
[2026-09-24T14:11:40-04:00] 2026-09-24-MEIC-14:00-CALL close REJECTED (Your limit price is significantly away from the current market price. Please adj) — retry 1/3
[2026-09-24T14:11:40-04:00] 2026-09-24-MEIC-12:00-PUT CLOSE (HALT) submitted @ 30.00
[2026-09-24T14:11:41-04:00] 2026-09-24-MEIC-12:30-PUT CLOSE (HALT) submitted @ 30.00
[2026-09-24T14:11:42-04:00] 2026-09-24-MEIC-13:00-CALL CLOSE (HALT) submitted @ 30.00
[2026-09-24T14:11:43-04:00] 2026-09-24-MEIC-14:00-CALL CLOSE (HALT) submitted @ 30.00
[2026-09-24T14:12:15-04:00] 2026-09-24-MEIC-12:00-PUT close REJECTED (Your limit price is significantly away from the current market price. Please adj) — retry 1/3
[2026-09-24T14:12:16-04:00] 2026-09-24-MEIC-12:30-PUT close REJECTED (Your limit price is significantly away from the current market price. Please adj) — retry 1/3
[2026-09-24T14:12:16-04:00] 2026-09-24-MEIC-13:00-CALL close REJECTED (Your limit price is significantly away from the current market price. Please adj) — retry 1/3
[2026-09-24T14:12:17-04:00] 2026-09-24-MEIC-14:00-CALL close REJECTED (Your limit price is significantly away from the current market price. Please adj) — retry 1/3
[2026-09-24T14:12:17-04:00] 2026-09-24-MEIC-12:00-PUT CLOSE (HALT) submitted @ 30.00
[2026-09-24T14:12:18-04:00] 2026-09-24-MEIC-12:30-PUT CLOSE (HALT) submitted @ 30.00
[2026-09-24T14:12:18-04:00] 2026-09-24-MEIC-13:00-CALL CLOSE (HALT) submitted @ 30.00
[2026-09-24T14:12:19-04:00] 2026-09-24-MEIC-14:00-CALL CLOSE (HALT) submitted @ 30.00
[2026-09-24T14:12:50-04:00] 2026-09-24-MEIC-12:00-PUT close REJECTED (Your limit price is significantly away from the current market price. Please adj) — retry 1/3
[2026-09-24T14:12:51-04:00] 2026-09-24-MEIC-12:30-PUT close REJECTED (Your limit price is significantly away from the current market price. Please adj) — retry 1/3
[2026-09-24T14:12:51-04:00] 2026-09-24-MEIC-13:00-CALL close REJECTED (Your limit price is significantly away from the current market price. Please adj) — retry 1/3
[2026-09-24T14:12:52-04:00] 2026-09-24-MEIC-14:00-CALL close REJECTED (Your limit price is significantly away from the current market price. Please adj) — retry 1/3
[2026-09-24T14:12:52-04:00] 2026-09-24-MEIC-12:00-PUT CLOSE (HALT) submitted @ 30.00
[2026-09-24T14:12:53-04:00] 2026-09-24-MEIC-12:30-PUT CLOSE (HALT) submitted @ 30.00
[2026-09-24T14:12:53-04:00] 2026-09-24-MEIC-13:00-CALL CLOSE (HALT) submitted @ 30.00
[2026-09-24T14:12:53-04:00] 2026-09-24-MEIC-14:00-CALL CLOSE (HALT) submitted @ 30.00
[2026-09-24T14:13:25-04:00] 2026-09-24-MEIC-12:00-PUT close REJECTED (Your limit price is significantly away from the current market price. Please adj) — retry 1/3
[2026-09-24T14:13:25-04:00] 2026-09-24-MEIC-12:30-PUT close REJECTED (Your limit price is significantly away from the current market price. Please adj) — retry 1/3
[2026-09-24T14:13:25-04:00] 2026-09-24-MEIC-13:00-CALL close REJECTED (Your limit price is significantly away from the current market price. Please adj) — retry 1/3
[2026-09-24T14:13:26-04:00] 2026-09-24-MEIC-14:00-CALL close REJECTED (Your limit price is significantly away from the current market price. Please adj) — retry 1/3
[2026-09-24T14:13:26-04:00] 2026-09-24-MEIC-12:00-PUT CLOSE (HALT) submitted @ 30.00
[2026-09-24T14:13:27-04:00] 2026-09-24-MEIC-12:30-PUT CLOSE (HALT) submitted @ 30.00
[2026-09-24T14:13:27-04:00] 2026-09-24-MEIC-13:00-CALL CLOSE (HALT) submitted @ 30.00
[2026-09-24T14:13:28-04:00] 2026-09-24-MEIC-14:00-CALL CLOSE (HALT) submitted @ 30.00
[2026-09-24T14:13:59-04:00] 2026-09-24-MEIC-12:00-PUT close REJECTED (Your limit price is significantly away from the current market price. Please adj) — retry 1/3
[2026-09-24T14:13:59-04:00] 2026-09-24-MEIC-12:30-PUT close REJECTED (Your limit price is significantly away from the current market price. Please adj) — retry 1/3
[2026-09-24T14:14:00-04:00] 2026-09-24-MEIC-13:00-CALL close REJECTED (Your limit price is significantly away from the current market price. Please adj) — retry 1/3
[2026-09-24T14:14:00-04:00] 2026-09-24-MEIC-14:00-CALL close REJECTED (Your limit price is significantly away from the current market price. Please adj) — retry 1/3
[2026-09-24T14:14:00-04:00] 2026-09-24-MEIC-12:00-PUT CLOSE (HALT) submitted @ 30.00
[2026-09-24T14:14:01-04:00] 2026-09-24-MEIC-12:30-PUT CLOSE (HALT) submitted @ 30.00
[2026-09-24T14:14:02-04:00] 2026-09-24-MEIC-13:00-CALL CLOSE (HALT) submitted @ 30.00
[2026-09-24T14:14:03-04:00] 2026-09-24-MEIC-14:00-CALL CLOSE (HALT) submitted @ 30.00
[2026-09-24T14:14:34-04:00] 2026-09-24-MEIC-12:00-PUT close REJECTED (Your limit price is significantly away from the current market price. Please adj) — retry 1/3
[2026-09-24T14:14:35-04:00] 2026-09-24-MEIC-12:30-PUT close REJECTED (Your limit price is significantly away from the current market price. Please adj) — retry 1/3
[2026-09-24T14:14:35-04:00] 2026-09-24-MEIC-13:00-CALL close REJECTED (Your limit price is significantly away from the current market price. Please adj) — retry 1/3
[2026-09-24T14:14:35-04:00] 2026-09-24-MEIC-14:00-CALL close REJECTED (Your limit price is significantly away from the current market price. Please adj) — retry 1/3
[2026-09-24T14:14:36-04:00] 2026-09-24-MEIC-12:00-PUT CLOSE (HALT) submitted @ 30.00
[2026-09-24T14:14:36-04:00] 2026-09-24-MEIC-12:30-PUT CLOSE (HALT) submitted @ 30.00
[2026-09-24T14:14:37-04:00] 2026-09-24-MEIC-13:00-CALL CLOSE (HALT) submitted @ 30.00
[2026-09-24T14:14:38-04:00] 2026-09-24-MEIC-14:00-CALL CLOSE (HALT) submitted @ 30.00
[2026-09-24T14:15:09-04:00] 2026-09-24-MEIC-12:00-PUT close REJECTED (Your limit price is significantly away from the current market price. Please adj) — retry 1/3
[2026-09-24T14:15:10-04:00] 2026-09-24-MEIC-12:30-PUT close REJECTED (Your limit price is significantly away from the current market price. Please adj) — retry 1/3
[2026-09-24T14:15:10-04:00] 2026-09-24-MEIC-13:00-CALL close REJECTED (Your limit price is significantly away from the current market price. Please adj) — retry 1/3
[2026-09-24T14:15:11-04:00] 2026-09-24-MEIC-14:00-CALL close REJECTED (Your limit price is significantly away from the current market price. Please adj) — retry 1/3
[2026-09-24T14:15:11-04:00] 2026-09-24-MEIC-12:00-PUT CLOSE (HALT) submitted @ 30.00
[2026-09-24T14:15:12-04:00] 2026-09-24-MEIC-12:30-PUT CLOSE (HALT) submitted @ 30.00
[2026-09-24T14:15:12-04:00] 2026-09-24-MEIC-13:00-CALL CLOSE (HALT) submitted @ 30.00
[2026-09-24T14:15:13-04:00] 2026-09-24-MEIC-14:00-CALL CLOSE (HALT) submitted @ 30.00
[2026-09-24T14:15:44-04:00] 2026-09-24-MEIC-12:00-PUT close REJECTED (Your limit price is significantly away from the current market price. Please adj) — retry 1/3
[2026-09-24T14:15:44-04:00] 2026-09-24-MEIC-12:30-PUT close REJECTED (Your limit price is significantly away from the current market price. Please adj) — retry 1/3
[2026-09-24T14:15:45-04:00] 2026-09-24-MEIC-13:00-CALL close REJECTED (Your limit price is significantly away from the current market price. Please adj) — retry 1/3
[2026-09-24T14:15:45-04:00] 2026-09-24-MEIC-14:00-CALL close REJECTED (Your limit price is significantly away from the current market price. Please adj) — retry 1/3
[2026-09-24T14:15:45-04:00] 2026-09-24-MEIC-12:00-PUT CLOSE (HALT) submitted @ 30.00
[2026-09-24T14:15:46-04:00] 2026-09-24-MEIC-12:30-PUT CLOSE (HALT) submitted @ 30.00
[2026-09-24T14:15:46-04:00] 2026-09-24-MEIC-13:00-CALL CLOSE (HALT) submitted @ 30.00
[2026-09-24T14:15:47-04:00] 2026-09-24-MEIC-14:00-CALL CLOSE (HALT) submitted @ 30.00
[2026-09-24T14:16:18-04:00] 2026-09-24-MEIC-12:00-PUT close REJECTED (Your limit price is significantly away from the current market price. Please adj) — retry 1/3
[2026-09-24T14:16:18-04:00] 2026-09-24-MEIC-12:30-PUT close REJECTED (Your limit price is significantly away from the current market price. Please adj) — retry 1/3
[2026-09-24T14:16:19-04:00] 2026-09-24-MEIC-13:00-CALL close REJECTED (Your limit price is significantly away from the current market price. Please adj) — retry 1/3
[2026-09-24T14:16:19-04:00] 2026-09-24-MEIC-14:00-CALL close REJECTED (Your limit price is significantly away from the current market price. Please adj) — retry 1/3
[2026-09-24T14:16:20-04:00] 2026-09-24-MEIC-12:00-PUT CLOSE (HALT) submitted @ 30.00
[2026-09-24T14:16:20-04:00] 2026-09-24-MEIC-12:30-PUT CLOSE (HALT) submitted @ 30.00
[2026-09-24T14:16:20-04:00] 2026-09-24-MEIC-13:00-CALL CLOSE (HALT) submitted @ 30.00
[2026-09-24T14:16:21-04:00] 2026-09-24-MEIC-14:00-CALL CLOSE (HALT) submitted @ 30.00
[2026-09-24T14:16:52-04:00] 2026-09-24-MEIC-12:00-PUT close REJECTED (Your limit price is significantly away from the current market price. Please adj) — retry 1/3
[2026-09-24T14:16:53-04:00] 2026-09-24-MEIC-12:30-PUT close REJECTED (Your limit price is significantly away from the current market price. Please adj) — retry 1/3
[2026-09-24T14:16:53-04:00] 2026-09-24-MEIC-13:00-CALL close REJECTED (Your limit price is significantly away from the current market price. Please adj) — retry 1/3
[2026-09-24T14:16:54-04:00] 2026-09-24-MEIC-14:00-CALL close REJECTED (Your limit price is significantly away from the current market price. Please adj) — retry 1/3
[2026-09-24T14:16:54-04:00] 2026-09-24-MEIC-12:00-PUT CLOSE (HALT) submitted @ 30.00
[2026-09-24T14:16:55-04:00] 2026-09-24-MEIC-12:30-PUT CLOSE (HALT) submitted @ 30.00
[2026-09-24T14:16:55-04:00] 2026-09-24-MEIC-13:00-CALL CLOSE (HALT) submitted @ 30.00
[2026-09-24T14:16:55-04:00] 2026-09-24-MEIC-14:00-CALL CLOSE (HALT) submitted @ 30.00
[2026-09-24T14:17:27-04:00] 2026-09-24-MEIC-12:00-PUT close REJECTED (Your limit price is significantly away from the current market price. Please adj) — retry 1/3
[2026-09-24T14:17:27-04:00] 2026-09-24-MEIC-12:30-PUT close REJECTED (Your limit price is significantly away from the current market price. Please adj) — retry 1/3
[2026-09-24T14:17:27-04:00] 2026-09-24-MEIC-13:00-CALL close REJECTED (Your limit price is significantly away from the current market price. Please adj) — retry 1/3
[2026-09-24T14:17:28-04:00] 2026-09-24-MEIC-14:00-CALL close REJECTED (Your limit price is significantly away from the current market price. Please adj) — retry 1/3
[2026-09-24T14:17:28-04:00] 2026-09-24-MEIC-12:00-PUT CLOSE (HALT) submitted @ 30.00
[2026-09-24T14:17:29-04:00] 2026-09-24-MEIC-12:30-PUT CLOSE (HALT) submitted @ 30.00
[2026-09-24T14:17:29-04:00] 2026-09-24-MEIC-13:00-CALL CLOSE (HALT) submitted @ 30.00
[2026-09-24T14:17:30-04:00] 2026-09-24-MEIC-14:00-CALL CLOSE (HALT) submitted @ 30.00
[2026-09-24T14:18:01-04:00] 2026-09-24-MEIC-12:00-PUT close REJECTED (Your limit price is significantly away from the current market price. Please adj) — retry 1/3
[2026-09-24T14:18:02-04:00] 2026-09-24-MEIC-12:30-PUT close REJECTED (Your limit price is significantly away from the current market price. Please adj) — retry 1/3
[2026-09-24T14:18:02-04:00] 2026-09-24-MEIC-13:00-CALL close REJECTED (Your limit price is significantly away from the current market price. Please adj) — retry 1/3
[2026-09-24T14:18:02-04:00] 2026-09-24-MEIC-14:00-CALL close REJECTED (Your limit price is significantly away from the current market price. Please adj) — retry 1/3
[2026-09-24T14:18:03-04:00] 2026-09-24-MEIC-12:00-PUT CLOSE (HALT) submitted @ 30.00
[2026-09-24T14:18:03-04:00] 2026-09-24-MEIC-12:30-PUT CLOSE (HALT) submitted @ 30.00
[2026-09-24T14:18:04-04:00] 2026-09-24-MEIC-13:00-CALL CLOSE (HALT) submitted @ 30.00
[2026-09-24T14:18:05-04:00] 2026-09-24-MEIC-14:00-CALL CLOSE (HALT) submitted @ 30.00
[2026-09-24T14:18:36-04:00] 2026-09-24-MEIC-12:00-PUT close REJECTED (Your limit price is significantly away from the current market price. Please adj) — retry 1/3
[2026-09-24T14:18:36-04:00] 2026-09-24-MEIC-12:30-PUT close REJECTED (Your limit price is significantly away from the current market price. Please adj) — retry 1/3
[2026-09-24T14:18:37-04:00] 2026-09-24-MEIC-13:00-CALL close REJECTED (Your limit price is significantly away from the current market price. Please adj) — retry 1/3
[2026-09-24T14:18:37-04:00] 2026-09-24-MEIC-14:00-CALL close REJECTED (Your limit price is significantly away from the current market price. Please adj) — retry 1/3
[2026-09-24T14:18:38-04:00] 2026-09-24-MEIC-12:00-PUT CLOSE (HALT) submitted @ 30.00
[2026-09-24T14:18:38-04:00] 2026-09-24-MEIC-12:30-PUT CLOSE (HALT) submitted @ 30.00
[2026-09-24T14:18:38-04:00] 2026-09-24-MEIC-13:00-CALL CLOSE (HALT) submitted @ 30.00
[2026-09-24T14:18:39-04:00] 2026-09-24-MEIC-14:00-CALL CLOSE (HALT) submitted @ 30.00
[2026-09-24T14:19:10-04:00] 2026-09-24-MEIC-12:00-PUT close REJECTED (Your limit price is significantly away from the current market price. Please adj) — retry 1/3
[2026-09-24T14:19:11-04:00] 2026-09-24-MEIC-12:30-PUT close REJECTED (Your limit price is significantly away from the current market price. Please adj) — retry 1/3
[2026-09-24T14:19:11-04:00] 2026-09-24-MEIC-13:00-CALL close REJECTED (Your limit price is significantly away from the current market price. Please adj) — retry 1/3
[2026-09-24T14:19:11-04:00] 2026-09-24-MEIC-14:00-CALL close REJECTED (Your limit price is significantly away from the current market price. Please adj) — retry 1/3
[2026-09-24T14:19:12-04:00] 2026-09-24-MEIC-12:00-PUT CLOSE (HALT) submitted @ 30.00
[2026-09-24T14:19:12-04:00] 2026-09-24-MEIC-12:30-PUT CLOSE (HALT) submitted @ 30.00
[2026-09-24T14:19:13-04:00] 2026-09-24-MEIC-13:00-CALL CLOSE (HALT) submitted @ 30.00
[2026-09-24T14:19:13-04:00] 2026-09-24-MEIC-14:00-CALL CLOSE (HALT) submitted @ 30.00
[2026-09-24T14:19:45-04:00] 2026-09-24-MEIC-12:00-PUT close REJECTED (Your limit price is significantly away from the current market price. Please adj) — retry 1/3
[2026-09-24T14:19:45-04:00] 2026-09-24-MEIC-12:30-PUT close REJECTED (Your limit price is significantly away from the current market price. Please adj) — retry 1/3
[2026-09-24T14:19:46-04:00] 2026-09-24-MEIC-13:00-CALL close REJECTED (Your limit price is significantly away from the current market price. Please adj) — retry 1/3
[2026-09-24T14:19:46-04:00] 2026-09-24-MEIC-14:00-CALL close REJECTED (Your limit price is significantly away from the current market price. Please adj) — retry 1/3
[2026-09-24T14:19:46-04:00] 2026-09-24-MEIC-12:00-PUT CLOSE (HALT) submitted @ 30.00
[2026-09-24T14:19:47-04:00] 2026-09-24-MEIC-12:30-PUT CLOSE (HALT) submitted @ 30.00
[2026-09-24T14:19:47-04:00] 2026-09-24-MEIC-13:00-CALL CLOSE (HALT) submitted @ 30.00
[2026-09-24T14:19:48-04:00] 2026-09-24-MEIC-14:00-CALL CLOSE (HALT) submitted @ 30.00
[2026-09-24T14:20:19-04:00] 2026-09-24-MEIC-12:00-PUT close REJECTED (Your limit price is significantly away from the current market price. Please adj) — retry 1/3
[2026-09-24T14:20:20-04:00] 2026-09-24-MEIC-12:30-PUT close REJECTED (Your limit price is significantly away from the current market price. Please adj) — retry 1/3
[2026-09-24T14:20:20-04:00] 2026-09-24-MEIC-13:00-CALL close REJECTED (Your limit price is significantly away from the current market price. Please adj) — retry 1/3
[2026-09-24T14:20:21-04:00] 2026-09-24-MEIC-14:00-CALL close REJECTED (Your limit price is significantly away from the current market price. Please adj) — retry 1/3
[2026-09-24T14:20:21-04:00] 2026-09-24-MEIC-12:00-PUT CLOSE (HALT) submitted @ 30.00
[2026-09-24T14:20:22-04:00] 2026-09-24-MEIC-12:30-PUT CLOSE (HALT) submitted @ 30.00
[2026-09-24T14:20:22-04:00] 2026-09-24-MEIC-13:00-CALL CLOSE (HALT) submitted @ 30.00
[2026-09-24T14:20:23-04:00] 2026-09-24-MEIC-14:00-CALL CLOSE (HALT) submitted @ 30.00
[2026-09-24T14:20:54-04:00] 2026-09-24-MEIC-12:00-PUT close REJECTED (Your limit price is significantly away from the current market price. Please adj) — retry 1/3
[2026-09-24T14:20:54-04:00] 2026-09-24-MEIC-12:30-PUT close REJECTED (Your limit price is significantly away from the current market price. Please adj) — retry 1/3
[2026-09-24T14:20:55-04:00] 2026-09-24-MEIC-13:00-CALL close REJECTED (Your limit price is significantly away from the current market price. Please adj) — retry 1/3
[2026-09-24T14:20:55-04:00] 2026-09-24-MEIC-14:00-CALL close REJECTED (Your limit price is significantly away from the current market price. Please adj) — retry 1/3
[2026-09-24T14:20:56-04:00] 2026-09-24-MEIC-12:00-PUT CLOSE (HALT) submitted @ 30.00
[2026-09-24T14:20:56-04:00] 2026-09-24-MEIC-12:30-PUT CLOSE (HALT) submitted @ 30.00
[2026-09-24T14:20:57-04:00] 2026-09-24-MEIC-13:00-CALL CLOSE (HALT) submitted @ 30.00
[2026-09-24T14:20:57-04:00] 2026-09-24-MEIC-14:00-CALL CLOSE (HALT) submitted @ 30.00
[2026-09-24T14:21:29-04:00] 2026-09-24-MEIC-12:00-PUT close REJECTED (Your limit price is significantly away from the current market price. Please adj) — retry 1/3
[2026-09-24T14:21:29-04:00] 2026-09-24-MEIC-12:30-PUT close REJECTED (Your limit price is significantly away from the current market price. Please adj) — retry 1/3
[2026-09-24T14:21:30-04:00] 2026-09-24-MEIC-13:00-CALL close REJECTED (Your limit price is significantly away from the current market price. Please adj) — retry 1/3
[2026-09-24T14:21:30-04:00] 2026-09-24-MEIC-14:00-CALL close REJECTED (Your limit price is significantly away from the current market price. Please adj) — retry 1/3
[2026-09-24T14:21:31-04:00] 2026-09-24-MEIC-12:00-PUT CLOSE (HALT) submitted @ 30.00
[2026-09-24T14:21:31-04:00] 2026-09-24-MEIC-12:30-PUT CLOSE (HALT) submitted @ 30.00
[2026-09-24T14:21:32-04:00] 2026-09-24-MEIC-13:00-CALL CLOSE (HALT) submitted @ 30.00
[2026-09-24T14:21:32-04:00] 2026-09-24-MEIC-14:00-CALL CLOSE (HALT) submitted @ 30.00
[2026-09-24T14:22:04-04:00] 2026-09-24-MEIC-12:00-PUT close REJECTED (Your limit price is significantly away from the current market price. Please adj) — retry 1/3
[2026-09-24T14:22:04-04:00] 2026-09-24-MEIC-12:30-PUT close REJECTED (Your limit price is significantly away from the current market price. Please adj) — retry 1/3
[2026-09-24T14:22:05-04:00] 2026-09-24-MEIC-13:00-CALL close REJECTED (Your limit price is significantly away from the current market price. Please adj) — retry 1/3
[2026-09-24T14:22:05-04:00] 2026-09-24-MEIC-14:00-CALL close REJECTED (Your limit price is significantly away from the current market price. Please adj) — retry 1/3
[2026-09-24T14:22:06-04:00] 2026-09-24-MEIC-12:00-PUT CLOSE (HALT) submitted @ 30.00
[2026-09-24T14:22:06-04:00] 2026-09-24-MEIC-12:30-PUT CLOSE (HALT) submitted @ 30.00
[2026-09-24T14:22:07-04:00] 2026-09-24-MEIC-13:00-CALL CLOSE (HALT) submitted @ 30.00
[2026-09-24T14:22:07-04:00] 2026-09-24-MEIC-14:00-CALL CLOSE (HALT) submitted @ 30.00
[2026-09-24T14:22:39-04:00] 2026-09-24-MEIC-12:00-PUT close REJECTED (Your limit price is significantly away from the current market price. Please adj) — retry 1/3
[2026-09-24T14:22:40-04:00] 2026-09-24-MEIC-12:30-PUT close REJECTED (Your limit price is significantly away from the current market price. Please adj) — retry 1/3
[2026-09-24T14:22:40-04:00] 2026-09-24-MEIC-13:00-CALL close REJECTED (Your limit price is significantly away from the current market price. Please adj) — retry 1/3
[2026-09-24T14:22:41-04:00] 2026-09-24-MEIC-14:00-CALL close REJECTED (Your limit price is significantly away from the current market price. Please adj) — retry 1/3
[2026-09-24T14:22:41-04:00] 2026-09-24-MEIC-12:00-PUT CLOSE (HALT) submitted @ 30.00
[2026-09-24T14:22:42-04:00] 2026-09-24-MEIC-12:30-PUT CLOSE (HALT) submitted @ 30.00
[2026-09-24T14:22:42-04:00] 2026-09-24-MEIC-13:00-CALL CLOSE (HALT) submitted @ 30.00
[2026-09-24T14:22:43-04:00] 2026-09-24-MEIC-14:00-CALL CLOSE (HALT) submitted @ 30.00
[2026-09-24T14:23:14-04:00] 2026-09-24-MEIC-12:00-PUT close REJECTED (Your limit price is significantly away from the current market price. Please adj) — retry 1/3
[2026-09-24T14:23:15-04:00] 2026-09-24-MEIC-12:30-PUT close REJECTED (Your limit price is significantly away from the current market price. Please adj) — retry 1/3
[2026-09-24T14:23:15-04:00] 2026-09-24-MEIC-13:00-CALL close REJECTED (Your limit price is significantly away from the current market price. Please adj) — retry 1/3
[2026-09-24T14:23:16-04:00] 2026-09-24-MEIC-14:00-CALL close REJECTED (Your limit price is significantly away from the current market price. Please adj) — retry 1/3
[2026-09-24T14:23:17-04:00] 2026-09-24-MEIC-12:00-PUT CLOSE (HALT) submitted @ 30.00
[2026-09-24T14:23:17-04:00] 2026-09-24-MEIC-12:30-PUT CLOSE (HALT) submitted @ 30.00
[2026-09-24T14:23:18-04:00] 2026-09-24-MEIC-13:00-CALL CLOSE (HALT) submitted @ 30.00
[2026-09-24T14:23:18-04:00] 2026-09-24-MEIC-14:00-CALL CLOSE (HALT) submitted @ 30.00
[2026-09-24T14:23:49-04:00] 2026-09-24-MEIC-12:00-PUT close REJECTED (Your limit price is significantly away from the current market price. Please adj) — retry 1/3
[2026-09-24T14:23:50-04:00] 2026-09-24-MEIC-12:30-PUT close REJECTED (Your limit price is significantly away from the current market price. Please adj) — retry 1/3
[2026-09-24T14:23:50-04:00] 2026-09-24-MEIC-13:00-CALL close REJECTED (Your limit price is significantly away from the current market price. Please adj) — retry 1/3
[2026-09-24T14:23:51-04:00] 2026-09-24-MEIC-14:00-CALL close REJECTED (Your limit price is significantly away from the current market price. Please adj) — retry 1/3
[2026-09-24T14:23:51-04:00] 2026-09-24-MEIC-12:00-PUT CLOSE (HALT) submitted @ 30.00
[2026-09-24T14:23:52-04:00] 2026-09-24-MEIC-12:30-PUT CLOSE (HALT) submitted @ 30.00
[2026-09-24T14:23:52-04:00] 2026-09-24-MEIC-13:00-CALL CLOSE (HALT) submitted @ 30.00
[2026-09-24T14:23:53-04:00] 2026-09-24-MEIC-14:00-CALL CLOSE (HALT) submitted @ 30.00
[2026-09-24T14:24:24-04:00] 2026-09-24-MEIC-12:00-PUT close REJECTED (Your limit price is significantly away from the current market price. Please adj) — retry 1/3
[2026-09-24T14:24:24-04:00] 2026-09-24-MEIC-12:30-PUT close REJECTED (Your limit price is significantly away from the current market price. Please adj) — retry 1/3
[2026-09-24T14:24:25-04:00] 2026-09-24-MEIC-13:00-CALL close REJECTED (Your limit price is significantly away from the current market price. Please adj) — retry 1/3
[2026-09-24T14:24:25-04:00] 2026-09-24-MEIC-14:00-CALL close REJECTED (Your limit price is significantly away from the current market price. Please adj) — retry 1/3
[2026-09-24T14:24:26-04:00] 2026-09-24-MEIC-12:00-PUT CLOSE (HALT) submitted @ 30.00
[2026-09-24T14:24:26-04:00] 2026-09-24-MEIC-12:30-PUT CLOSE (HALT) submitted @ 30.00
[2026-09-24T14:24:27-04:00] 2026-09-24-MEIC-13:00-CALL CLOSE (HALT) submitted @ 30.00
[2026-09-24T14:24:27-04:00] 2026-09-24-MEIC-14:00-CALL CLOSE (HALT) submitted @ 30.00
[2026-09-24T14:24:58-04:00] 2026-09-24-MEIC-12:00-PUT close REJECTED (Your limit price is significantly away from the current market price. Please adj) — retry 1/3
[2026-09-24T14:24:59-04:00] 2026-09-24-MEIC-12:30-PUT close REJECTED (Your limit price is significantly away from the current market price. Please adj) — retry 1/3
[2026-09-24T14:24:59-04:00] 2026-09-24-MEIC-13:00-CALL close REJECTED (Your limit price is significantly away from the current market price. Please adj) — retry 1/3
[2026-09-24T14:25:00-04:00] 2026-09-24-MEIC-14:00-CALL close REJECTED (Your limit price is significantly away from the current market price. Please adj) — retry 1/3
[2026-09-24T14:25:00-04:00] 2026-09-24-MEIC-12:00-PUT CLOSE (HALT) submitted @ 30.00
[2026-09-24T14:25:01-04:00] 2026-09-24-MEIC-12:30-PUT CLOSE (HALT) submitted @ 30.00
[2026-09-24T14:25:02-04:00] 2026-09-24-MEIC-13:00-CALL CLOSE (HALT) submitted @ 30.00
[2026-09-24T14:25:02-04:00] 2026-09-24-MEIC-14:00-CALL CLOSE (HALT) submitted @ 30.00
[2026-09-24T14:25:34-04:00] 2026-09-24-MEIC-12:00-PUT close REJECTED (Your limit price is significantly away from the current market price. Please adj) — retry 1/3
[2026-09-24T14:25:34-04:00] 2026-09-24-MEIC-12:30-PUT close REJECTED (Your limit price is significantly away from the current market price. Please adj) — retry 1/3
[2026-09-24T14:25:35-04:00] 2026-09-24-MEIC-13:00-CALL close REJECTED (Your limit price is significantly away from the current market price. Please adj) — retry 1/3
[2026-09-24T14:25:35-04:00] 2026-09-24-MEIC-14:00-CALL close REJECTED (Your limit price is significantly away from the current market price. Please adj) — retry 1/3
[2026-09-24T14:25:35-04:00] 2026-09-24-MEIC-12:00-PUT CLOSE (HALT) submitted @ 30.00
[2026-09-24T14:25:36-04:00] 2026-09-24-MEIC-12:30-PUT CLOSE (HALT) submitted @ 30.00
[2026-09-24T14:25:36-04:00] 2026-09-24-MEIC-13:00-CALL CLOSE (HALT) submitted @ 30.00
[2026-09-24T14:25:37-04:00] 2026-09-24-MEIC-14:00-CALL CLOSE (HALT) submitted @ 30.00
[2026-09-24T14:26:09-04:00] 2026-09-24-MEIC-12:00-PUT close REJECTED (Your limit price is significantly away from the current market price. Please adj) — retry 1/3
[2026-09-24T14:26:09-04:00] 2026-09-24-MEIC-12:30-PUT close REJECTED (Your limit price is significantly away from the current market price. Please adj) — retry 1/3
[2026-09-24T14:26:10-04:00] 2026-09-24-MEIC-13:00-CALL close REJECTED (Your limit price is significantly away from the current market price. Please adj) — retry 1/3
[2026-09-24T14:26:10-04:00] 2026-09-24-MEIC-14:00-CALL close REJECTED (Your limit price is significantly away from the current market price. Please adj) — retry 1/3
[2026-09-24T14:26:11-04:00] 2026-09-24-MEIC-12:00-PUT CLOSE (HALT) submitted @ 30.00
[2026-09-24T14:26:11-04:00] 2026-09-24-MEIC-12:30-PUT CLOSE (HALT) submitted @ 30.00
[2026-09-24T14:26:12-04:00] 2026-09-24-MEIC-13:00-CALL CLOSE (HALT) submitted @ 30.00
[2026-09-24T14:26:12-04:00] 2026-09-24-MEIC-14:00-CALL CLOSE (HALT) submitted @ 30.00
[2026-09-24T14:26:44-04:00] 2026-09-24-MEIC-12:00-PUT close REJECTED (Your limit price is significantly away from the current market price. Please adj) — retry 1/3
[2026-09-24T14:26:44-04:00] 2026-09-24-MEIC-12:30-PUT close REJECTED (Your limit price is significantly away from the current market price. Please adj) — retry 1/3
[2026-09-24T14:26:45-04:00] 2026-09-24-MEIC-13:00-CALL close REJECTED (Your limit price is significantly away from the current market price. Please adj) — retry 1/3
[2026-09-24T14:26:45-04:00] 2026-09-24-MEIC-14:00-CALL close REJECTED (Your limit price is significantly away from the current market price. Please adj) — retry 1/3
[2026-09-24T14:26:46-04:00] 2026-09-24-MEIC-12:00-PUT CLOSE (HALT) submitted @ 30.00
[2026-09-24T14:26:46-04:00] 2026-09-24-MEIC-12:30-PUT CLOSE (HALT) submitted @ 30.00
[2026-09-24T14:26:47-04:00] 2026-09-24-MEIC-13:00-CALL CLOSE (HALT) submitted @ 30.00
[2026-09-24T14:26:47-04:00] 2026-09-24-MEIC-14:00-CALL CLOSE (HALT) submitted @ 30.00
[2026-09-24T14:27:19-04:00] 2026-09-24-MEIC-12:00-PUT close REJECTED (Your limit price is significantly away from the current market price. Please adj) — retry 1/3
[2026-09-24T14:27:19-04:00] 2026-09-24-MEIC-12:30-PUT close REJECTED (Your limit price is significantly away from the current market price. Please adj) — retry 1/3
[2026-09-24T14:27:20-04:00] 2026-09-24-MEIC-13:00-CALL close REJECTED (Your limit price is significantly away from the current market price. Please adj) — retry 1/3
[2026-09-24T14:27:20-04:00] 2026-09-24-MEIC-14:00-CALL close REJECTED (Your limit price is significantly away from the current market price. Please adj) — retry 1/3
[2026-09-24T14:27:21-04:00] 2026-09-24-MEIC-12:00-PUT CLOSE (HALT) submitted @ 30.00
[2026-09-24T14:27:21-04:00] 2026-09-24-MEIC-12:30-PUT CLOSE (HALT) submitted @ 30.00
[2026-09-24T14:27:22-04:00] 2026-09-24-MEIC-13:00-CALL CLOSE (HALT) submitted @ 30.00
[2026-09-24T14:27:22-04:00] 2026-09-24-MEIC-14:00-CALL CLOSE (HALT) submitted @ 30.00
[2026-09-24T14:27:54-04:00] 2026-09-24-MEIC-12:00-PUT close REJECTED (Your limit price is significantly away from the current market price. Please adj) — retry 1/3
[2026-09-24T14:27:54-04:00] 2026-09-24-MEIC-12:30-PUT close REJECTED (Your limit price is significantly away from the current market price. Please adj) — retry 1/3
[2026-09-24T14:27:55-04:00] 2026-09-24-MEIC-13:00-CALL close REJECTED (Your limit price is significantly away from the current market price. Please adj) — retry 1/3
[2026-09-24T14:27:55-04:00] 2026-09-24-MEIC-14:00-CALL close REJECTED (Your limit price is significantly away from the current market price. Please adj) — retry 1/3
[2026-09-24T14:27:56-04:00] 2026-09-24-MEIC-12:00-PUT CLOSE (HALT) submitted @ 30.00
[2026-09-24T14:27:56-04:00] 2026-09-24-MEIC-12:30-PUT CLOSE (HALT) submitted @ 30.00
[2026-09-24T14:27:57-04:00] 2026-09-24-MEIC-13:00-CALL CLOSE (HALT) submitted @ 30.00
[2026-09-24T14:27:57-04:00] 2026-09-24-MEIC-14:00-CALL CLOSE (HALT) submitted @ 30.00
[2026-09-24T14:28:28-04:00] 2026-09-24-MEIC-12:00-PUT close REJECTED (Your limit price is significantly away from the current market price. Please adj) — retry 1/3
[2026-09-24T14:28:29-04:00] 2026-09-24-MEIC-12:30-PUT close REJECTED (Your limit price is significantly away from the current market price. Please adj) — retry 1/3
[2026-09-24T14:28:30-04:00] 2026-09-24-MEIC-13:00-CALL close REJECTED (Your limit price is significantly away from the current market price. Please adj) — retry 1/3
[2026-09-24T14:28:30-04:00] 2026-09-24-MEIC-14:00-CALL close REJECTED (Your limit price is significantly away from the current market price. Please adj) — retry 1/3
[2026-09-24T14:28:31-04:00] 2026-09-24-MEIC-12:00-PUT CLOSE (HALT) submitted @ 30.00
[2026-09-24T14:28:31-04:00] 2026-09-24-MEIC-12:30-PUT CLOSE (HALT) submitted @ 30.00
[2026-09-24T14:28:32-04:00] 2026-09-24-MEIC-13:00-CALL CLOSE (HALT) submitted @ 30.00
[2026-09-24T14:28:33-04:00] 2026-09-24-MEIC-14:00-CALL CLOSE (HALT) submitted @ 30.00
[2026-09-24T14:29:04-04:00] 2026-09-24-MEIC-12:00-PUT close REJECTED (Your limit price is significantly away from the current market price. Please adj) — retry 1/3
[2026-09-24T14:29:04-04:00] 2026-09-24-MEIC-12:30-PUT close REJECTED (Your limit price is significantly away from the current market price. Please adj) — retry 1/3
[2026-09-24T14:29:05-04:00] 2026-09-24-MEIC-13:00-CALL close REJECTED (Your limit price is significantly away from the current market price. Please adj) — retry 1/3
[2026-09-24T14:29:05-04:00] 2026-09-24-MEIC-14:00-CALL close REJECTED (Your limit price is significantly away from the current market price. Please adj) — retry 1/3
[2026-09-24T14:29:06-04:00] 2026-09-24-MEIC-12:00-PUT CLOSE (HALT) submitted @ 30.00
[2026-09-24T14:29:06-04:00] 2026-09-24-MEIC-12:30-PUT CLOSE (HALT) submitted @ 30.00
[2026-09-24T14:29:07-04:00] 2026-09-24-MEIC-13:00-CALL CLOSE (HALT) submitted @ 30.00
[2026-09-24T14:29:07-04:00] 2026-09-24-MEIC-14:00-CALL CLOSE (HALT) submitted @ 30.00
[2026-09-24T14:29:39-04:00] 2026-09-24-MEIC-12:00-PUT close REJECTED (Your limit price is significantly away from the current market price. Please adj) — retry 1/3
[2026-09-24T14:29:39-04:00] 2026-09-24-MEIC-12:30-PUT close REJECTED (Your limit price is significantly away from the current market price. Please adj) — retry 1/3
[2026-09-24T14:29:40-04:00] 2026-09-24-MEIC-13:00-CALL close REJECTED (Your limit price is significantly away from the current market price. Please adj) — retry 1/3
[2026-09-24T14:29:40-04:00] 2026-09-24-MEIC-14:00-CALL close REJECTED (Your limit price is significantly away from the current market price. Please adj) — retry 1/3
[2026-09-24T14:29:41-04:00] 2026-09-24-MEIC-12:00-PUT CLOSE (HALT) submitted @ 30.00
[2026-09-24T14:29:41-04:00] 2026-09-24-MEIC-12:30-PUT CLOSE (HALT) submitted @ 30.00
[2026-09-24T14:29:42-04:00] 2026-09-24-MEIC-13:00-CALL CLOSE (HALT) submitted @ 30.00
[2026-09-24T14:29:42-04:00] 2026-09-24-MEIC-14:00-CALL CLOSE (HALT) submitted @ 30.00
[2026-09-24T14:30:14-04:00] 2026-09-24-MEIC-12:00-PUT close REJECTED (Your limit price is significantly away from the current market price. Please adj) — retry 1/3
[2026-09-24T14:30:14-04:00] 2026-09-24-MEIC-12:30-PUT close REJECTED (Your limit price is significantly away from the current market price. Please adj) — retry 1/3
[2026-09-24T14:30:15-04:00] 2026-09-24-MEIC-13:00-CALL close REJECTED (Your limit price is significantly away from the current market price. Please adj) — retry 1/3
[2026-09-24T14:30:16-04:00] 2026-09-24-MEIC-14:00-CALL close REJECTED (Your limit price is significantly away from the current market price. Please adj) — retry 1/3
[2026-09-24T14:30:16-04:00] 2026-09-24-MEIC-12:00-PUT CLOSE (HALT) submitted @ 30.00
[2026-09-24T14:30:17-04:00] 2026-09-24-MEIC-12:30-PUT CLOSE (HALT) submitted @ 30.00
[2026-09-24T14:30:17-04:00] 2026-09-24-MEIC-13:00-CALL CLOSE (HALT) submitted @ 30.00
[2026-09-24T14:30:18-04:00] 2026-09-24-MEIC-14:00-CALL CLOSE (HALT) submitted @ 30.00
[2026-09-24T14:30:49-04:00] 2026-09-24-MEIC-12:00-PUT close REJECTED (Your limit price is significantly away from the current market price. Please adj) — retry 1/3
[2026-09-24T14:30:50-04:00] 2026-09-24-MEIC-12:30-PUT close REJECTED (Your limit price is significantly away from the current market price. Please adj) — retry 1/3
[2026-09-24T14:30:50-04:00] 2026-09-24-MEIC-13:00-CALL close REJECTED (Your limit price is significantly away from the current market price. Please adj) — retry 1/3
[2026-09-24T14:30:51-04:00] 2026-09-24-MEIC-14:00-CALL close REJECTED (Your limit price is significantly away from the current market price. Please adj) — retry 1/3
[2026-09-24T14:30:51-04:00] 2026-09-24-MEIC-12:00-PUT CLOSE (HALT) submitted @ 30.00
[2026-09-24T14:30:52-04:00] 2026-09-24-MEIC-12:30-PUT CLOSE (HALT) submitted @ 30.00
[2026-09-24T14:30:52-04:00] 2026-09-24-MEIC-13:00-CALL CLOSE (HALT) submitted @ 30.00
[2026-09-24T14:30:53-04:00] 2026-09-24-MEIC-14:00-CALL CLOSE (HALT) submitted @ 30.00
[2026-09-24T14:31:24-04:00] 2026-09-24-MEIC-12:00-PUT close REJECTED (Your limit price is significantly away from the current market price. Please adj) — retry 1/3
[2026-09-24T14:31:25-04:00] 2026-09-24-MEIC-12:30-PUT close REJECTED (Your limit price is significantly away from the current market price. Please adj) — retry 1/3
[2026-09-24T14:31:25-04:00] 2026-09-24-MEIC-13:00-CALL close REJECTED (Your limit price is significantly away from the current market price. Please adj) — retry 1/3
[2026-09-24T14:31:25-04:00] 2026-09-24-MEIC-14:00-CALL close REJECTED (Your limit price is significantly away from the current market price. Please adj) — retry 1/3
[2026-09-24T14:31:26-04:00] 2026-09-24-MEIC-12:00-PUT CLOSE (HALT) submitted @ 30.00
[2026-09-24T14:31:26-04:00] 2026-09-24-MEIC-12:30-PUT CLOSE (HALT) submitted @ 30.00
[2026-09-24T14:31:27-04:00] 2026-09-24-MEIC-13:00-CALL CLOSE (HALT) submitted @ 30.00
[2026-09-24T14:31:27-04:00] 2026-09-24-MEIC-14:00-CALL CLOSE (HALT) submitted @ 30.00
[2026-09-24T14:31:58-04:00] 2026-09-24-MEIC-12:00-PUT close REJECTED (Your limit price is significantly away from the current market price. Please adj) — retry 1/3
[2026-09-24T14:31:59-04:00] 2026-09-24-MEIC-12:30-PUT close REJECTED (Your limit price is significantly away from the current market price. Please adj) — retry 1/3
[2026-09-24T14:31:59-04:00] 2026-09-24-MEIC-13:00-CALL close REJECTED (Your limit price is significantly away from the current market price. Please adj) — retry 1/3
[2026-09-24T14:31:59-04:00] 2026-09-24-MEIC-14:00-CALL close REJECTED (Your limit price is significantly away from the current market price. Please adj) — retry 1/3
[2026-09-24T14:32:00-04:00] 2026-09-24-MEIC-12:00-PUT CLOSE (HALT) submitted @ 30.00
[2026-09-24T14:32:00-04:00] 2026-09-24-MEIC-12:30-PUT CLOSE (HALT) submitted @ 30.00
[2026-09-24T14:32:01-04:00] 2026-09-24-MEIC-13:00-CALL CLOSE (HALT) submitted @ 30.00
[2026-09-24T14:32:01-04:00] 2026-09-24-MEIC-14:00-CALL CLOSE (HALT) submitted @ 30.00
[2026-09-24T14:32:32-04:00] 2026-09-24-MEIC-12:00-PUT close REJECTED (Your limit price is significantly away from the current market price. Please adj) — retry 1/3
[2026-09-24T14:32:33-04:00] 2026-09-24-MEIC-12:30-PUT close REJECTED (Your limit price is significantly away from the current market price. Please adj) — retry 1/3
[2026-09-24T14:32:33-04:00] 2026-09-24-MEIC-13:00-CALL close REJECTED (Your limit price is significantly away from the current market price. Please adj) — retry 1/3
[2026-09-24T14:32:33-04:00] 2026-09-24-MEIC-14:00-CALL close REJECTED (Your limit price is significantly away from the current market price. Please adj) — retry 1/3
[2026-09-24T14:32:34-04:00] 2026-09-24-MEIC-12:00-PUT CLOSE (HALT) submitted @ 30.00
[2026-09-24T14:32:34-04:00] 2026-09-24-MEIC-12:30-PUT CLOSE (HALT) submitted @ 30.00
[2026-09-24T14:32:35-04:00] 2026-09-24-MEIC-13:00-CALL CLOSE (HALT) submitted @ 30.00
[2026-09-24T14:32:35-04:00] 2026-09-24-MEIC-14:00-CALL CLOSE (HALT) submitted @ 30.00
[2026-09-24T14:33:06-04:00] 2026-09-24-MEIC-12:00-PUT close REJECTED (Your limit price is significantly away from the current market price. Please adj) — retry 1/3
[2026-09-24T14:33:07-04:00] 2026-09-24-MEIC-12:30-PUT close REJECTED (Your limit price is significantly away from the current market price. Please adj) — retry 1/3
[2026-09-24T14:33:07-04:00] 2026-09-24-MEIC-13:00-CALL close REJECTED (Your limit price is significantly away from the current market price. Please adj) — retry 1/3
[2026-09-24T14:33:08-04:00] 2026-09-24-MEIC-14:00-CALL close REJECTED (Your limit price is significantly away from the current market price. Please adj) — retry 1/3
[2026-09-24T14:33:08-04:00] 2026-09-24-MEIC-12:00-PUT CLOSE (HALT) submitted @ 30.00
[2026-09-24T14:33:09-04:00] 2026-09-24-MEIC-12:30-PUT CLOSE (HALT) submitted @ 30.00
[2026-09-24T14:33:09-04:00] 2026-09-24-MEIC-13:00-CALL CLOSE (HALT) submitted @ 30.00
[2026-09-24T14:33:10-04:00] 2026-09-24-MEIC-14:00-CALL CLOSE (HALT) submitted @ 30.00
[2026-09-24T14:33:42-04:00] 2026-09-24-MEIC-12:00-PUT close REJECTED (Your limit price is significantly away from the current market price. Please adj) — retry 1/3
[2026-09-24T14:33:42-04:00] 2026-09-24-MEIC-12:30-PUT close REJECTED (Your limit price is significantly away from the current market price. Please adj) — retry 1/3
[2026-09-24T14:33:43-04:00] 2026-09-24-MEIC-13:00-CALL close REJECTED (Your limit price is significantly away from the current market price. Please adj) — retry 1/3
[2026-09-24T14:33:43-04:00] 2026-09-24-MEIC-14:00-CALL close REJECTED (Your limit price is significantly away from the current market price. Please adj) — retry 1/3
[2026-09-24T14:33:44-04:00] 2026-09-24-MEIC-12:00-PUT CLOSE (HALT) submitted @ 30.00
[2026-09-24T14:33:44-04:00] 2026-09-24-MEIC-12:30-PUT CLOSE (HALT) submitted @ 30.00
[2026-09-24T14:33:45-04:00] 2026-09-24-MEIC-13:00-CALL CLOSE (HALT) submitted @ 30.00
[2026-09-24T14:33:45-04:00] 2026-09-24-MEIC-14:00-CALL CLOSE (HALT) submitted @ 30.00
[2026-09-24T14:34:16-04:00] 2026-09-24-MEIC-12:00-PUT close REJECTED (Your limit price is significantly away from the current market price. Please adj) — retry 1/3
[2026-09-24T14:34:17-04:00] 2026-09-24-MEIC-12:30-PUT close REJECTED (Your limit price is significantly away from the current market price. Please adj) — retry 1/3
[2026-09-24T14:34:17-04:00] 2026-09-24-MEIC-13:00-CALL close REJECTED (Your limit price is significantly away from the current market price. Please adj) — retry 1/3
[2026-09-24T14:34:18-04:00] 2026-09-24-MEIC-14:00-CALL close REJECTED (Your limit price is significantly away from the current market price. Please adj) — retry 1/3
[2026-09-24T14:34:18-04:00] 2026-09-24-MEIC-12:00-PUT CLOSE (HALT) submitted @ 30.00
[2026-09-24T14:34:19-04:00] 2026-09-24-MEIC-12:30-PUT CLOSE (HALT) submitted @ 30.00
[2026-09-24T14:34:19-04:00] 2026-09-24-MEIC-13:00-CALL CLOSE (HALT) submitted @ 30.00
[2026-09-24T14:34:19-04:00] 2026-09-24-MEIC-14:00-CALL CLOSE (HALT) submitted @ 30.00
[2026-09-24T14:34:51-04:00] 2026-09-24-MEIC-12:00-PUT close REJECTED (Your limit price is significantly away from the current market price. Please adj) — retry 1/3
[2026-09-24T14:34:51-04:00] 2026-09-24-MEIC-12:30-PUT close REJECTED (Your limit price is significantly away from the current market price. Please adj) — retry 1/3
[2026-09-24T14:34:52-04:00] 2026-09-24-MEIC-13:00-CALL close REJECTED (Your limit price is significantly away from the current market price. Please adj) — retry 1/3
[2026-09-24T14:34:52-04:00] 2026-09-24-MEIC-14:00-CALL close REJECTED (Your limit price is significantly away from the current market price. Please adj) — retry 1/3
[2026-09-24T14:34:53-04:00] 2026-09-24-MEIC-12:00-PUT CLOSE (HALT) submitted @ 30.00
[2026-09-24T14:34:53-04:00] 2026-09-24-MEIC-12:30-PUT CLOSE (HALT) submitted @ 30.00
[2026-09-24T14:34:53-04:00] 2026-09-24-MEIC-13:00-CALL CLOSE (HALT) submitted @ 30.00
[2026-09-24T14:34:54-04:00] 2026-09-24-MEIC-14:00-CALL CLOSE (HALT) submitted @ 30.00
[2026-09-24T14:35:25-04:00] 2026-09-24-MEIC-12:00-PUT close REJECTED (Your limit price is significantly away from the current market price. Please adj) — retry 1/3
[2026-09-24T14:35:25-04:00] 2026-09-24-MEIC-12:30-PUT close REJECTED (Your limit price is significantly away from the current market price. Please adj) — retry 1/3
[2026-09-24T14:35:26-04:00] 2026-09-24-MEIC-13:00-CALL close REJECTED (Your limit price is significantly away from the current market price. Please adj) — retry 1/3
[2026-09-24T14:35:26-04:00] 2026-09-24-MEIC-14:00-CALL close REJECTED (Your limit price is significantly away from the current market price. Please adj) — retry 1/3
[2026-09-24T14:35:27-04:00] 2026-09-24-MEIC-12:00-PUT CLOSE (HALT) submitted @ 30.00
[2026-09-24T14:35:27-04:00] 2026-09-24-MEIC-12:30-PUT CLOSE (HALT) submitted @ 30.00
[2026-09-24T14:35:28-04:00] 2026-09-24-MEIC-13:00-CALL CLOSE (HALT) submitted @ 30.00
[2026-09-24T14:35:28-04:00] 2026-09-24-MEIC-14:00-CALL CLOSE (HALT) submitted @ 30.00
[2026-09-24T14:36:00-04:00] 2026-09-24-MEIC-12:00-PUT close REJECTED (Your limit price is significantly away from the current market price. Please adj) — retry 1/3
[2026-09-24T14:36:01-04:00] 2026-09-24-MEIC-12:30-PUT close REJECTED (Your limit price is significantly away from the current market price. Please adj) — retry 1/3
[2026-09-24T14:36:01-04:00] 2026-09-24-MEIC-13:00-CALL close REJECTED (Your limit price is significantly away from the current market price. Please adj) — retry 1/3
[2026-09-24T14:36:01-04:00] 2026-09-24-MEIC-14:00-CALL close REJECTED (Your limit price is significantly away from the current market price. Please adj) — retry 1/3
[2026-09-24T14:36:02-04:00] 2026-09-24-MEIC-12:00-PUT CLOSE (HALT) submitted @ 30.00
[2026-09-24T14:36:02-04:00] 2026-09-24-MEIC-12:30-PUT CLOSE (HALT) submitted @ 30.00
[2026-09-24T14:36:03-04:00] 2026-09-24-MEIC-13:00-CALL CLOSE (HALT) submitted @ 30.00
[2026-09-24T14:36:03-04:00] 2026-09-24-MEIC-14:00-CALL CLOSE (HALT) submitted @ 30.00
[2026-09-24T14:36:35-04:00] 2026-09-24-MEIC-12:00-PUT close REJECTED (Your limit price is significantly away from the current market price. Please adj) — retry 1/3
[2026-09-24T14:36:35-04:00] 2026-09-24-MEIC-12:30-PUT close REJECTED (Your limit price is significantly away from the current market price. Please adj) — retry 1/3
[2026-09-24T14:36:35-04:00] 2026-09-24-MEIC-13:00-CALL close REJECTED (Your limit price is significantly away from the current market price. Please adj) — retry 1/3
[2026-09-24T14:36:36-04:00] 2026-09-24-MEIC-14:00-CALL close REJECTED (Your limit price is significantly away from the current market price. Please adj) — retry 1/3
[2026-09-24T14:36:36-04:00] 2026-09-24-MEIC-12:00-PUT CLOSE (HALT) submitted @ 30.00
[2026-09-24T14:36:37-04:00] 2026-09-24-MEIC-12:30-PUT CLOSE (HALT) submitted @ 30.00
[2026-09-24T14:36:37-04:00] 2026-09-24-MEIC-13:00-CALL CLOSE (HALT) submitted @ 30.00
[2026-09-24T14:36:38-04:00] 2026-09-24-MEIC-14:00-CALL CLOSE (HALT) submitted @ 30.00
[2026-09-24T14:37:09-04:00] 2026-09-24-MEIC-12:00-PUT close REJECTED (Your limit price is significantly away from the current market price. Please adj) — retry 1/3
[2026-09-24T14:37:09-04:00] 2026-09-24-MEIC-12:30-PUT close REJECTED (Your limit price is significantly away from the current market price. Please adj) — retry 1/3
[2026-09-24T14:37:10-04:00] 2026-09-24-MEIC-13:00-CALL close REJECTED (Your limit price is significantly away from the current market price. Please adj) — retry 1/3
[2026-09-24T14:37:10-04:00] 2026-09-24-MEIC-14:00-CALL close REJECTED (Your limit price is significantly away from the current market price. Please adj) — retry 1/3
[2026-09-24T14:37:11-04:00] 2026-09-24-MEIC-12:00-PUT CLOSE (HALT) submitted @ 30.00
[2026-09-24T14:37:11-04:00] 2026-09-24-MEIC-12:30-PUT CLOSE (HALT) submitted @ 30.00
[2026-09-24T14:37:12-04:00] 2026-09-24-MEIC-13:00-CALL CLOSE (HALT) submitted @ 30.00
[2026-09-24T14:37:12-04:00] 2026-09-24-MEIC-14:00-CALL CLOSE (HALT) submitted @ 30.00
[2026-09-24T14:37:44-04:00] 2026-09-24-MEIC-12:00-PUT close REJECTED (Your limit price is significantly away from the current market price. Please adj) — retry 1/3
[2026-09-24T14:37:44-04:00] 2026-09-24-MEIC-12:30-PUT close REJECTED (Your limit price is significantly away from the current market price. Please adj) — retry 1/3
[2026-09-24T14:37:44-04:00] 2026-09-24-MEIC-13:00-CALL close REJECTED (Your limit price is significantly away from the current market price. Please adj) — retry 1/3
[2026-09-24T14:37:45-04:00] 2026-09-24-MEIC-14:00-CALL close REJECTED (Your limit price is significantly away from the current market price. Please adj) — retry 1/3
[2026-09-24T14:37:45-04:00] 2026-09-24-MEIC-12:00-PUT CLOSE (HALT) submitted @ 30.00
[2026-09-24T14:37:46-04:00] 2026-09-24-MEIC-12:30-PUT CLOSE (HALT) submitted @ 30.00
[2026-09-24T14:37:46-04:00] 2026-09-24-MEIC-13:00-CALL CLOSE (HALT) submitted @ 30.00
[2026-09-24T14:37:47-04:00] 2026-09-24-MEIC-14:00-CALL CLOSE (HALT) submitted @ 30.00
[2026-09-24T14:38:18-04:00] 2026-09-24-MEIC-12:00-PUT close REJECTED (Your limit price is significantly away from the current market price. Please adj) — retry 1/3
[2026-09-24T14:38:18-04:00] 2026-09-24-MEIC-12:30-PUT close REJECTED (Your limit price is significantly away from the current market price. Please adj) — retry 1/3
[2026-09-24T14:38:19-04:00] 2026-09-24-MEIC-13:00-CALL close REJECTED (Your limit price is significantly away from the current market price. Please adj) — retry 1/3
[2026-09-24T14:38:19-04:00] 2026-09-24-MEIC-14:00-CALL close REJECTED (Your limit price is significantly away from the current market price. Please adj) — retry 1/3
[2026-09-24T14:38:20-04:00] 2026-09-24-MEIC-12:00-PUT CLOSE (HALT) submitted @ 30.00
[2026-09-24T14:38:20-04:00] 2026-09-24-MEIC-12:30-PUT CLOSE (HALT) submitted @ 30.00
[2026-09-24T14:38:21-04:00] 2026-09-24-MEIC-13:00-CALL CLOSE (HALT) submitted @ 30.00
[2026-09-24T14:38:21-04:00] 2026-09-24-MEIC-14:00-CALL CLOSE (HALT) submitted @ 30.00
[2026-09-24T14:38:52-04:00] 2026-09-24-MEIC-12:00-PUT close REJECTED (Your limit price is significantly away from the current market price. Please adj) — retry 1/3
[2026-09-24T14:38:53-04:00] 2026-09-24-MEIC-12:30-PUT close REJECTED (Your limit price is significantly away from the current market price. Please adj) — retry 1/3
[2026-09-24T14:38:53-04:00] 2026-09-24-MEIC-13:00-CALL close REJECTED (Your limit price is significantly away from the current market price. Please adj) — retry 1/3
[2026-09-24T14:38:54-04:00] 2026-09-24-MEIC-14:00-CALL close REJECTED (Your limit price is significantly away from the current market price. Please adj) — retry 1/3
[2026-09-24T14:38:54-04:00] 2026-09-24-MEIC-12:00-PUT CLOSE (HALT) submitted @ 30.00
[2026-09-24T14:38:55-04:00] 2026-09-24-MEIC-12:30-PUT CLOSE (HALT) submitted @ 30.00
[2026-09-24T14:38:55-04:00] 2026-09-24-MEIC-13:00-CALL CLOSE (HALT) submitted @ 30.00
[2026-09-24T14:38:56-04:00] 2026-09-24-MEIC-14:00-CALL CLOSE (HALT) submitted @ 30.00
[2026-09-24T14:39:27-04:00] 2026-09-24-MEIC-12:00-PUT close REJECTED (Your limit price is significantly away from the current market price. Please adj) — retry 1/3
[2026-09-24T14:39:28-04:00] 2026-09-24-MEIC-12:30-PUT close REJECTED (Your limit price is significantly away from the current market price. Please adj) — retry 1/3
[2026-09-24T14:39:28-04:00] 2026-09-24-MEIC-13:00-CALL close REJECTED (Your limit price is significantly away from the current market price. Please adj) — retry 1/3
[2026-09-24T14:39:29-04:00] 2026-09-24-MEIC-14:00-CALL close REJECTED (Your limit price is significantly away from the current market price. Please adj) — retry 1/3
[2026-09-24T14:39:29-04:00] 2026-09-24-MEIC-12:00-PUT CLOSE (HALT) submitted @ 30.00
[2026-09-24T14:39:30-04:00] 2026-09-24-MEIC-12:30-PUT CLOSE (HALT) submitted @ 30.00
[2026-09-24T14:39:30-04:00] 2026-09-24-MEIC-13:00-CALL CLOSE (HALT) submitted @ 30.00
[2026-09-24T14:39:31-04:00] 2026-09-24-MEIC-14:00-CALL CLOSE (HALT) submitted @ 30.00
[2026-09-24T14:40:02-04:00] 2026-09-24-MEIC-12:00-PUT close REJECTED (Your limit price is significantly away from the current market price. Please adj) — retry 1/3
[2026-09-24T14:40:03-04:00] 2026-09-24-MEIC-12:30-PUT close REJECTED (Your limit price is significantly away from the current market price. Please adj) — retry 1/3
[2026-09-24T14:40:04-04:00] 2026-09-24-MEIC-13:00-CALL close REJECTED (Your limit price is significantly away from the current market price. Please adj) — retry 1/3
[2026-09-24T14:40:04-04:00] 2026-09-24-MEIC-14:00-CALL close REJECTED (Your limit price is significantly away from the current market price. Please adj) — retry 1/3
[2026-09-24T14:40:05-04:00] 2026-09-24-MEIC-12:00-PUT CLOSE (HALT) submitted @ 30.00
[2026-09-24T14:40:05-04:00] 2026-09-24-MEIC-12:30-PUT CLOSE (HALT) submitted @ 30.00
[2026-09-24T14:40:06-04:00] 2026-09-24-MEIC-13:00-CALL CLOSE (HALT) submitted @ 30.00
[2026-09-24T14:40:07-04:00] 2026-09-24-MEIC-14:00-CALL CLOSE (HALT) submitted @ 30.00
[2026-09-24T14:40:38-04:00] 2026-09-24-MEIC-12:00-PUT close REJECTED (Your limit price is significantly away from the current market price. Please adj) — retry 1/3
[2026-09-24T14:40:38-04:00] 2026-09-24-MEIC-12:30-PUT close REJECTED (Your limit price is significantly away from the current market price. Please adj) — retry 1/3
[2026-09-24T14:40:39-04:00] 2026-09-24-MEIC-13:00-CALL close REJECTED (Your limit price is significantly away from the current market price. Please adj) — retry 1/3
[2026-09-24T14:40:39-04:00] 2026-09-24-MEIC-14:00-CALL close REJECTED (Your limit price is significantly away from the current market price. Please adj) — retry 1/3
[2026-09-24T14:40:40-04:00] 2026-09-24-MEIC-12:00-PUT CLOSE (HALT) submitted @ 30.00
[2026-09-24T14:40:40-04:00] 2026-09-24-MEIC-12:30-PUT CLOSE (HALT) submitted @ 30.00
[2026-09-24T14:40:41-04:00] 2026-09-24-MEIC-13:00-CALL CLOSE (HALT) submitted @ 30.00
[2026-09-24T14:40:41-04:00] 2026-09-24-MEIC-14:00-CALL CLOSE (HALT) submitted @ 30.00
[2026-09-24T14:41:13-04:00] 2026-09-24-MEIC-12:00-PUT close REJECTED (Your limit price is significantly away from the current market price. Please adj) — retry 1/3
[2026-09-24T14:41:13-04:00] 2026-09-24-MEIC-12:30-PUT close REJECTED (Your limit price is significantly away from the current market price. Please adj) — retry 1/3
[2026-09-24T14:41:13-04:00] 2026-09-24-MEIC-13:00-CALL close REJECTED (Your limit price is significantly away from the current market price. Please adj) — retry 1/3
[2026-09-24T14:41:14-04:00] 2026-09-24-MEIC-14:00-CALL close REJECTED (Your limit price is significantly away from the current market price. Please adj) — retry 1/3
[2026-09-24T14:41:14-04:00] 2026-09-24-MEIC-12:00-PUT CLOSE (HALT) submitted @ 30.00
[2026-09-24T14:41:15-04:00] 2026-09-24-MEIC-12:30-PUT CLOSE (HALT) submitted @ 30.00
[2026-09-24T14:41:16-04:00] 2026-09-24-MEIC-13:00-CALL CLOSE (HALT) submitted @ 30.00
[2026-09-24T14:41:16-04:00] 2026-09-24-MEIC-14:00-CALL CLOSE (HALT) submitted @ 30.00
[2026-09-24T14:41:47-04:00] 2026-09-24-MEIC-12:00-PUT close REJECTED (Your limit price is significantly away from the current market price. Please adj) — retry 1/3
[2026-09-24T14:41:48-04:00] 2026-09-24-MEIC-12:30-PUT close REJECTED (Your limit price is significantly away from the current market price. Please adj) — retry 1/3
[2026-09-24T14:41:48-04:00] 2026-09-24-MEIC-13:00-CALL close REJECTED (Your limit price is significantly away from the current market price. Please adj) — retry 1/3
[2026-09-24T14:41:48-04:00] 2026-09-24-MEIC-14:00-CALL close REJECTED (Your limit price is significantly away from the current market price. Please adj) — retry 1/3
[2026-09-24T14:41:49-04:00] 2026-09-24-MEIC-12:00-PUT CLOSE (HALT) submitted @ 30.00
[2026-09-24T14:41:49-04:00] 2026-09-24-MEIC-12:30-PUT CLOSE (HALT) submitted @ 30.00
[2026-09-24T14:41:50-04:00] 2026-09-24-MEIC-13:00-CALL CLOSE (HALT) submitted @ 30.00
[2026-09-24T14:41:50-04:00] 2026-09-24-MEIC-14:00-CALL CLOSE (HALT) submitted @ 30.00
[2026-09-24T14:42:22-04:00] 2026-09-24-MEIC-12:00-PUT close REJECTED (Your limit price is significantly away from the current market price. Please adj) — retry 1/3
[2026-09-24T14:42:22-04:00] 2026-09-24-MEIC-12:30-PUT close REJECTED (Your limit price is significantly away from the current market price. Please adj) — retry 1/3
[2026-09-24T14:42:22-04:00] 2026-09-24-MEIC-13:00-CALL close REJECTED (Your limit price is significantly away from the current market price. Please adj) — retry 1/3
[2026-09-24T14:42:23-04:00] 2026-09-24-MEIC-14:00-CALL close REJECTED (Your limit price is significantly away from the current market price. Please adj) — retry 1/3
[2026-09-24T14:42:23-04:00] 2026-09-24-MEIC-12:00-PUT CLOSE (HALT) submitted @ 30.00
[2026-09-24T14:42:24-04:00] 2026-09-24-MEIC-12:30-PUT CLOSE (HALT) submitted @ 30.00
[2026-09-24T14:42:24-04:00] 2026-09-24-MEIC-13:00-CALL CLOSE (HALT) submitted @ 30.00
[2026-09-24T14:42:25-04:00] 2026-09-24-MEIC-14:00-CALL CLOSE (HALT) submitted @ 30.00
[2026-09-24T14:42:56-04:00] 2026-09-24-MEIC-12:00-PUT close REJECTED (Your limit price is significantly away from the current market price. Please adj) — retry 1/3
[2026-09-24T14:42:56-04:00] 2026-09-24-MEIC-12:30-PUT close REJECTED (Your limit price is significantly away from the current market price. Please adj) — retry 1/3
[2026-09-24T14:42:57-04:00] 2026-09-24-MEIC-13:00-CALL close REJECTED (Your limit price is significantly away from the current market price. Please adj) — retry 1/3
[2026-09-24T14:42:57-04:00] 2026-09-24-MEIC-14:00-CALL close REJECTED (Your limit price is significantly away from the current market price. Please adj) — retry 1/3
[2026-09-24T14:42:58-04:00] 2026-09-24-MEIC-12:00-PUT CLOSE (HALT) submitted @ 30.00
[2026-09-24T14:42:58-04:00] 2026-09-24-MEIC-12:30-PUT CLOSE (HALT) submitted @ 30.00
[2026-09-24T14:42:59-04:00] 2026-09-24-MEIC-13:00-CALL CLOSE (HALT) submitted @ 30.00
[2026-09-24T14:42:59-04:00] 2026-09-24-MEIC-14:00-CALL CLOSE (HALT) submitted @ 30.00
[2026-09-24T14:43:30-04:00] 2026-09-24-MEIC-12:00-PUT close REJECTED (Your limit price is significantly away from the current market price. Please adj) — retry 1/3
[2026-09-24T14:43:31-04:00] 2026-09-24-MEIC-12:30-PUT close REJECTED (Your limit price is significantly away from the current market price. Please adj) — retry 1/3
[2026-09-24T14:43:31-04:00] 2026-09-24-MEIC-13:00-CALL close REJECTED (Your limit price is significantly away from the current market price. Please adj) — retry 1/3
[2026-09-24T14:43:32-04:00] 2026-09-24-MEIC-14:00-CALL close REJECTED (Your limit price is significantly away from the current market price. Please adj) — retry 1/3
[2026-09-24T14:43:32-04:00] 2026-09-24-MEIC-12:00-PUT CLOSE (HALT) submitted @ 30.00
[2026-09-24T14:43:33-04:00] 2026-09-24-MEIC-12:30-PUT CLOSE (HALT) submitted @ 30.00
[2026-09-24T14:43:33-04:00] 2026-09-24-MEIC-13:00-CALL CLOSE (HALT) submitted @ 30.00
[2026-09-24T14:43:34-04:00] 2026-09-24-MEIC-14:00-CALL CLOSE (HALT) submitted @ 30.00
[2026-09-24T14:44:05-04:00] 2026-09-24-MEIC-12:00-PUT close REJECTED (Your limit price is significantly away from the current market price. Please adj) — retry 1/3
[2026-09-24T14:44:05-04:00] 2026-09-24-MEIC-12:30-PUT close REJECTED (Your limit price is significantly away from the current market price. Please adj) — retry 1/3
[2026-09-24T14:44:06-04:00] 2026-09-24-MEIC-13:00-CALL close REJECTED (Your limit price is significantly away from the current market price. Please adj) — retry 1/3
[2026-09-24T14:44:06-04:00] 2026-09-24-MEIC-14:00-CALL close REJECTED (Your limit price is significantly away from the current market price. Please adj) — retry 1/3
[2026-09-24T14:44:07-04:00] 2026-09-24-MEIC-12:00-PUT CLOSE (HALT) submitted @ 30.00
[2026-09-24T14:44:07-04:00] 2026-09-24-MEIC-12:30-PUT CLOSE (HALT) submitted @ 30.00
[2026-09-24T14:44:08-04:00] 2026-09-24-MEIC-13:00-CALL CLOSE (HALT) submitted @ 30.00
[2026-09-24T14:44:08-04:00] 2026-09-24-MEIC-14:00-CALL CLOSE (HALT) submitted @ 30.00
[2026-09-24T14:44:40-04:00] 2026-09-24-MEIC-12:00-PUT close REJECTED (Your limit price is significantly away from the current market price. Please adj) — retry 1/3
[2026-09-24T14:44:40-04:00] 2026-09-24-MEIC-12:30-PUT close REJECTED (Your limit price is significantly away from the current market price. Please adj) — retry 1/3
[2026-09-24T14:44:41-04:00] 2026-09-24-MEIC-13:00-CALL close REJECTED (Your limit price is significantly away from the current market price. Please adj) — retry 1/3
[2026-09-24T14:44:41-04:00] 2026-09-24-MEIC-14:00-CALL close REJECTED (Your limit price is significantly away from the current market price. Please adj) — retry 1/3
[2026-09-24T14:44:42-04:00] 2026-09-24-MEIC-12:00-PUT CLOSE (HALT) submitted @ 30.00
[2026-09-24T14:44:42-04:00] 2026-09-24-MEIC-12:30-PUT CLOSE (HALT) submitted @ 30.00
[2026-09-24T14:44:43-04:00] 2026-09-24-MEIC-13:00-CALL CLOSE (HALT) submitted @ 30.00
[2026-09-24T14:44:43-04:00] 2026-09-24-MEIC-14:00-CALL CLOSE (HALT) submitted @ 30.00
[2026-09-24T14:45:15-04:00] 2026-09-24-MEIC-12:00-PUT close REJECTED (Your limit price is significantly away from the current market price. Please adj) — retry 1/3
[2026-09-24T14:45:15-04:00] 2026-09-24-MEIC-12:30-PUT close REJECTED (Your limit price is significantly away from the current market price. Please adj) — retry 1/3
[2026-09-24T14:45:15-04:00] 2026-09-24-MEIC-13:00-CALL close REJECTED (Your limit price is significantly away from the current market price. Please adj) — retry 1/3
[2026-09-24T14:45:16-04:00] 2026-09-24-MEIC-14:00-CALL close REJECTED (Your limit price is significantly away from the current market price. Please adj) — retry 1/3
[2026-09-24T14:45:16-04:00] 2026-09-24-MEIC-12:00-PUT CLOSE (HALT) submitted @ 30.00
[2026-09-24T14:45:17-04:00] 2026-09-24-MEIC-12:30-PUT CLOSE (HALT) submitted @ 30.00
[2026-09-24T14:45:17-04:00] 2026-09-24-MEIC-13:00-CALL CLOSE (HALT) submitted @ 30.00
[2026-09-24T14:45:18-04:00] 2026-09-24-MEIC-14:00-CALL CLOSE (HALT) submitted @ 30.00
[2026-09-24T14:45:49-04:00] 2026-09-24-MEIC-12:00-PUT close REJECTED (Your limit price is significantly away from the current market price. Please adj) — retry 1/3
[2026-09-24T14:45:49-04:00] 2026-09-24-MEIC-12:30-PUT close REJECTED (Your limit price is significantly away from the current market price. Please adj) — retry 1/3
[2026-09-24T14:45:50-04:00] 2026-09-24-MEIC-13:00-CALL close REJECTED (Your limit price is significantly away from the current market price. Please adj) — retry 1/3
[2026-09-24T14:45:50-04:00] 2026-09-24-MEIC-14:00-CALL close REJECTED (Your limit price is significantly away from the current market price. Please adj) — retry 1/3
[2026-09-24T14:45:51-04:00] 2026-09-24-MEIC-12:00-PUT CLOSE (HALT) submitted @ 30.00
[2026-09-24T14:45:51-04:00] 2026-09-24-MEIC-12:30-PUT CLOSE (HALT) submitted @ 30.00
[2026-09-24T14:45:52-04:00] 2026-09-24-MEIC-13:00-CALL CLOSE (HALT) submitted @ 30.00
[2026-09-24T14:45:52-04:00] 2026-09-24-MEIC-14:00-CALL CLOSE (HALT) submitted @ 30.00
[2026-09-24T14:46:23-04:00] 2026-09-24-MEIC-12:00-PUT close REJECTED (Your limit price is significantly away from the current market price. Please adj) — retry 1/3
[2026-09-24T14:46:24-04:00] 2026-09-24-MEIC-12:30-PUT close REJECTED (Your limit price is significantly away from the current market price. Please adj) — retry 1/3
[2026-09-24T14:46:24-04:00] 2026-09-24-MEIC-13:00-CALL close REJECTED (Your limit price is significantly away from the current market price. Please adj) — retry 1/3
[2026-09-24T14:46:24-04:00] 2026-09-24-MEIC-14:00-CALL close REJECTED (Your limit price is significantly away from the current market price. Please adj) — retry 1/3
[2026-09-24T14:46:25-04:00] 2026-09-24-MEIC-12:00-PUT CLOSE (HALT) submitted @ 30.00
[2026-09-24T14:46:25-04:00] 2026-09-24-MEIC-12:30-PUT CLOSE (HALT) submitted @ 30.00
[2026-09-24T14:46:26-04:00] 2026-09-24-MEIC-13:00-CALL CLOSE (HALT) submitted @ 30.00
[2026-09-24T14:46:26-04:00] 2026-09-24-MEIC-14:00-CALL CLOSE (HALT) submitted @ 30.00
[2026-09-24T14:46:57-04:00] 2026-09-24-MEIC-12:00-PUT close REJECTED (Your limit price is significantly away from the current market price. Please adj) — retry 1/3
[2026-09-24T14:46:58-04:00] 2026-09-24-MEIC-12:30-PUT close REJECTED (Your limit price is significantly away from the current market price. Please adj) — retry 1/3
[2026-09-24T14:46:58-04:00] 2026-09-24-MEIC-13:00-CALL close REJECTED (Your limit price is significantly away from the current market price. Please adj) — retry 1/3
[2026-09-24T14:46:59-04:00] 2026-09-24-MEIC-14:00-CALL close REJECTED (Your limit price is significantly away from the current market price. Please adj) — retry 1/3
[2026-09-24T14:46:59-04:00] 2026-09-24-MEIC-12:00-PUT CLOSE (HALT) submitted @ 30.00
[2026-09-24T14:46:59-04:00] 2026-09-24-MEIC-12:30-PUT CLOSE (HALT) submitted @ 30.00
[2026-09-24T14:47:00-04:00] 2026-09-24-MEIC-13:00-CALL CLOSE (HALT) submitted @ 30.00
[2026-09-24T14:47:00-04:00] 2026-09-24-MEIC-14:00-CALL CLOSE (HALT) submitted @ 30.00
[2026-09-24T14:47:32-04:00] 2026-09-24-MEIC-12:00-PUT close REJECTED (Your limit price is significantly away from the current market price. Please adj) — retry 1/3
[2026-09-24T14:47:32-04:00] 2026-09-24-MEIC-12:30-PUT close REJECTED (Your limit price is significantly away from the current market price. Please adj) — retry 1/3
[2026-09-24T14:47:32-04:00] 2026-09-24-MEIC-13:00-CALL close REJECTED (Your limit price is significantly away from the current market price. Please adj) — retry 1/3
[2026-09-24T14:47:33-04:00] 2026-09-24-MEIC-14:00-CALL close REJECTED (Your limit price is significantly away from the current market price. Please adj) — retry 1/3
[2026-09-24T14:47:33-04:00] 2026-09-24-MEIC-12:00-PUT CLOSE (HALT) submitted @ 30.00
[2026-09-24T14:47:34-04:00] 2026-09-24-MEIC-12:30-PUT CLOSE (HALT) submitted @ 30.00
[2026-09-24T14:47:34-04:00] 2026-09-24-MEIC-13:00-CALL CLOSE (HALT) submitted @ 30.00
[2026-09-24T14:47:35-04:00] 2026-09-24-MEIC-14:00-CALL CLOSE (HALT) submitted @ 30.00
[2026-09-24T14:48:06-04:00] 2026-09-24-MEIC-12:00-PUT close REJECTED (Your limit price is significantly away from the current market price. Please adj) — retry 1/3
[2026-09-24T14:48:06-04:00] 2026-09-24-MEIC-12:30-PUT close REJECTED (Your limit price is significantly away from the current market price. Please adj) — retry 1/3
[2026-09-24T14:48:07-04:00] 2026-09-24-MEIC-13:00-CALL close REJECTED (Your limit price is significantly away from the current market price. Please adj) — retry 1/3
[2026-09-24T14:48:07-04:00] 2026-09-24-MEIC-14:00-CALL close REJECTED (Your limit price is significantly away from the current market price. Please adj) — retry 1/3
[2026-09-24T14:48:08-04:00] 2026-09-24-MEIC-12:00-PUT CLOSE (HALT) submitted @ 30.00
[2026-09-24T14:48:08-04:00] 2026-09-24-MEIC-12:30-PUT CLOSE (HALT) submitted @ 30.00
[2026-09-24T14:48:09-04:00] 2026-09-24-MEIC-13:00-CALL CLOSE (HALT) submitted @ 30.00
[2026-09-24T14:48:09-04:00] 2026-09-24-MEIC-14:00-CALL CLOSE (HALT) submitted @ 30.00
[2026-09-24T14:48:40-04:00] 2026-09-24-MEIC-12:00-PUT close REJECTED (Your limit price is significantly away from the current market price. Please adj) — retry 1/3
[2026-09-24T14:48:41-04:00] 2026-09-24-MEIC-12:30-PUT close REJECTED (Your limit price is significantly away from the current market price. Please adj) — retry 1/3
[2026-09-24T14:48:41-04:00] 2026-09-24-MEIC-13:00-CALL close REJECTED (Your limit price is significantly away from the current market price. Please adj) — retry 1/3
[2026-09-24T14:48:42-04:00] 2026-09-24-MEIC-14:00-CALL close REJECTED (Your limit price is significantly away from the current market price. Please adj) — retry 1/3
[2026-09-24T14:48:42-04:00] 2026-09-24-MEIC-12:00-PUT CLOSE (HALT) submitted @ 30.00
[2026-09-24T14:48:43-04:00] 2026-09-24-MEIC-12:30-PUT CLOSE (HALT) submitted @ 30.00
[2026-09-24T14:48:43-04:00] 2026-09-24-MEIC-13:00-CALL CLOSE (HALT) submitted @ 30.00
[2026-09-24T14:48:44-04:00] 2026-09-24-MEIC-14:00-CALL CLOSE (HALT) submitted @ 30.00
[2026-09-24T14:49:15-04:00] 2026-09-24-MEIC-12:00-PUT close REJECTED (Your limit price is significantly away from the current market price. Please adj) — retry 1/3
[2026-09-24T14:49:16-04:00] 2026-09-24-MEIC-12:30-PUT close REJECTED (Your limit price is significantly away from the current market price. Please adj) — retry 1/3
[2026-09-24T14:49:16-04:00] 2026-09-24-MEIC-13:00-CALL close REJECTED (Your limit price is significantly away from the current market price. Please adj) — retry 1/3
[2026-09-24T14:49:16-04:00] 2026-09-24-MEIC-14:00-CALL close REJECTED (Your limit price is significantly away from the current market price. Please adj) — retry 1/3
[2026-09-24T14:49:17-04:00] 2026-09-24-MEIC-12:00-PUT CLOSE (HALT) submitted @ 30.00
[2026-09-24T14:49:18-04:00] 2026-09-24-MEIC-12:30-PUT CLOSE (HALT) submitted @ 30.00
[2026-09-24T14:49:18-04:00] 2026-09-24-MEIC-13:00-CALL CLOSE (HALT) submitted @ 30.00
[2026-09-24T14:49:19-04:00] 2026-09-24-MEIC-14:00-CALL CLOSE (HALT) submitted @ 30.00
[2026-09-24T14:49:50-04:00] 2026-09-24-MEIC-12:00-PUT close REJECTED (Your limit price is significantly away from the current market price. Please adj) — retry 1/3
[2026-09-24T14:49:50-04:00] 2026-09-24-MEIC-12:30-PUT close REJECTED (Your limit price is significantly away from the current market price. Please adj) — retry 1/3
[2026-09-24T14:49:51-04:00] 2026-09-24-MEIC-13:00-CALL close REJECTED (Your limit price is significantly away from the current market price. Please adj) — retry 1/3
[2026-09-24T14:49:51-04:00] 2026-09-24-MEIC-14:00-CALL close REJECTED (Your limit price is significantly away from the current market price. Please adj) — retry 1/3
[2026-09-24T14:49:51-04:00] 2026-09-24-MEIC-12:00-PUT CLOSE (HALT) submitted @ 30.00
[2026-09-24T14:49:52-04:00] 2026-09-24-MEIC-12:30-PUT CLOSE (HALT) submitted @ 30.00
[2026-09-24T14:49:52-04:00] 2026-09-24-MEIC-13:00-CALL CLOSE (HALT) submitted @ 30.00
[2026-09-24T14:49:53-04:00] 2026-09-24-MEIC-14:00-CALL CLOSE (HALT) submitted @ 30.00
[2026-09-24T14:50:24-04:00] 2026-09-24-MEIC-12:00-PUT close REJECTED (Your limit price is significantly away from the current market price. Please adj) — retry 1/3
[2026-09-24T14:50:24-04:00] 2026-09-24-MEIC-12:30-PUT close REJECTED (Your limit price is significantly away from the current market price. Please adj) — retry 1/3
[2026-09-24T14:50:25-04:00] 2026-09-24-MEIC-13:00-CALL close REJECTED (Your limit price is significantly away from the current market price. Please adj) — retry 1/3
[2026-09-24T14:50:25-04:00] 2026-09-24-MEIC-14:00-CALL close REJECTED (Your limit price is significantly away from the current market price. Please adj) — retry 1/3
[2026-09-24T14:50:26-04:00] 2026-09-24-MEIC-12:00-PUT CLOSE (HALT) submitted @ 30.00
[2026-09-24T14:50:26-04:00] 2026-09-24-MEIC-12:30-PUT CLOSE (HALT) submitted @ 30.00
[2026-09-24T14:50:27-04:00] 2026-09-24-MEIC-13:00-CALL CLOSE (HALT) submitted @ 30.00
[2026-09-24T14:50:27-04:00] 2026-09-24-MEIC-14:00-CALL CLOSE (HALT) submitted @ 30.00
[2026-09-24T14:50:58-04:00] 2026-09-24-MEIC-12:00-PUT close REJECTED (Your limit price is significantly away from the current market price. Please adj) — retry 1/3
[2026-09-24T14:50:59-04:00] 2026-09-24-MEIC-12:30-PUT close REJECTED (Your limit price is significantly away from the current market price. Please adj) — retry 1/3
[2026-09-24T14:50:59-04:00] 2026-09-24-MEIC-13:00-CALL close REJECTED (Your limit price is significantly away from the current market price. Please adj) — retry 1/3
[2026-09-24T14:50:59-04:00] 2026-09-24-MEIC-14:00-CALL close REJECTED (Your limit price is significantly away from the current market price. Please adj) — retry 1/3
[2026-09-24T14:51:00-04:00] 2026-09-24-MEIC-12:00-PUT CLOSE (HALT) submitted @ 30.00
[2026-09-24T14:51:00-04:00] 2026-09-24-MEIC-12:30-PUT CLOSE (HALT) submitted @ 30.00
[2026-09-24T14:51:01-04:00] 2026-09-24-MEIC-13:00-CALL CLOSE (HALT) submitted @ 30.00
[2026-09-24T14:51:02-04:00] 2026-09-24-MEIC-14:00-CALL CLOSE (HALT) submitted @ 30.00
[2026-09-24T14:51:33-04:00] 2026-09-24-MEIC-12:00-PUT close REJECTED (Your limit price is significantly away from the current market price. Please adj) — retry 1/3
[2026-09-24T14:51:33-04:00] 2026-09-24-MEIC-12:30-PUT close REJECTED (Your limit price is significantly away from the current market price. Please adj) — retry 1/3
[2026-09-24T14:51:33-04:00] 2026-09-24-MEIC-13:00-CALL close REJECTED (Your limit price is significantly away from the current market price. Please adj) — retry 1/3
[2026-09-24T14:51:34-04:00] 2026-09-24-MEIC-14:00-CALL close REJECTED (Your limit price is significantly away from the current market price. Please adj) — retry 1/3
[2026-09-24T14:51:34-04:00] 2026-09-24-MEIC-12:00-PUT CLOSE (HALT) submitted @ 30.00
[2026-09-24T14:51:35-04:00] 2026-09-24-MEIC-12:30-PUT CLOSE (HALT) submitted @ 30.00
[2026-09-24T14:51:35-04:00] 2026-09-24-MEIC-13:00-CALL CLOSE (HALT) submitted @ 30.00
[2026-09-24T14:51:36-04:00] 2026-09-24-MEIC-14:00-CALL CLOSE (HALT) submitted @ 30.00
[2026-09-24T14:52:07-04:00] 2026-09-24-MEIC-12:00-PUT close REJECTED (Your limit price is significantly away from the current market price. Please adj) — retry 1/3
[2026-09-24T14:52:08-04:00] 2026-09-24-MEIC-12:30-PUT close REJECTED (Your limit price is significantly away from the current market price. Please adj) — retry 1/3
[2026-09-24T14:52:08-04:00] 2026-09-24-MEIC-13:00-CALL close REJECTED (Your limit price is significantly away from the current market price. Please adj) — retry 1/3
[2026-09-24T14:52:08-04:00] 2026-09-24-MEIC-14:00-CALL close REJECTED (Your limit price is significantly away from the current market price. Please adj) — retry 1/3
[2026-09-24T14:52:09-04:00] 2026-09-24-MEIC-12:00-PUT CLOSE (HALT) submitted @ 30.00
[2026-09-24T14:52:09-04:00] 2026-09-24-MEIC-12:30-PUT CLOSE (HALT) submitted @ 30.00
[2026-09-24T14:52:10-04:00] 2026-09-24-MEIC-13:00-CALL CLOSE (HALT) submitted @ 30.00
[2026-09-24T14:52:10-04:00] 2026-09-24-MEIC-14:00-CALL CLOSE (HALT) submitted @ 30.00
[2026-09-24T14:52:41-04:00] 2026-09-24-MEIC-12:00-PUT close REJECTED (Your limit price is significantly away from the current market price. Please adj) — retry 1/3
[2026-09-24T14:52:42-04:00] 2026-09-24-MEIC-12:30-PUT close REJECTED (Your limit price is significantly away from the current market price. Please adj) — retry 1/3
[2026-09-24T14:52:42-04:00] 2026-09-24-MEIC-13:00-CALL close REJECTED (Your limit price is significantly away from the current market price. Please adj) — retry 1/3
[2026-09-24T14:52:43-04:00] 2026-09-24-MEIC-14:00-CALL close REJECTED (Your limit price is significantly away from the current market price. Please adj) — retry 1/3
[2026-09-24T14:52:43-04:00] 2026-09-24-MEIC-12:00-PUT CLOSE (HALT) submitted @ 30.00
[2026-09-24T14:52:43-04:00] 2026-09-24-MEIC-12:30-PUT CLOSE (HALT) submitted @ 30.00
[2026-09-24T14:52:44-04:00] 2026-09-24-MEIC-13:00-CALL CLOSE (HALT) submitted @ 30.00
[2026-09-24T14:52:45-04:00] 2026-09-24-MEIC-14:00-CALL CLOSE (HALT) submitted @ 30.00
[2026-09-24T14:53:16-04:00] 2026-09-24-MEIC-12:00-PUT close REJECTED (Your limit price is significantly away from the current market price. Please adj) — retry 1/3
[2026-09-24T14:53:16-04:00] 2026-09-24-MEIC-12:30-PUT close REJECTED (Your limit price is significantly away from the current market price. Please adj) — retry 1/3
[2026-09-24T14:53:17-04:00] 2026-09-24-MEIC-13:00-CALL close REJECTED (Your limit price is significantly away from the current market price. Please adj) — retry 1/3
[2026-09-24T14:53:17-04:00] 2026-09-24-MEIC-14:00-CALL close REJECTED (Your limit price is significantly away from the current market price. Please adj) — retry 1/3
[2026-09-24T14:53:17-04:00] 2026-09-24-MEIC-12:00-PUT CLOSE (HALT) submitted @ 30.00
[2026-09-24T14:53:18-04:00] 2026-09-24-MEIC-12:30-PUT CLOSE (HALT) submitted @ 30.00
[2026-09-24T14:53:18-04:00] 2026-09-24-MEIC-13:00-CALL CLOSE (HALT) submitted @ 30.00
[2026-09-24T14:53:19-04:00] 2026-09-24-MEIC-14:00-CALL CLOSE (HALT) submitted @ 30.00
[2026-09-24T14:53:50-04:00] 2026-09-24-MEIC-12:00-PUT close REJECTED (Your limit price is significantly away from the current market price. Please adj) — retry 1/3
[2026-09-24T14:53:51-04:00] 2026-09-24-MEIC-12:30-PUT close REJECTED (Your limit price is significantly away from the current market price. Please adj) — retry 1/3
[2026-09-24T14:53:51-04:00] 2026-09-24-MEIC-13:00-CALL close REJECTED (Your limit price is significantly away from the current market price. Please adj) — retry 1/3
[2026-09-24T14:53:51-04:00] 2026-09-24-MEIC-14:00-CALL close REJECTED (Your limit price is significantly away from the current market price. Please adj) — retry 1/3
[2026-09-24T14:53:52-04:00] 2026-09-24-MEIC-12:00-PUT CLOSE (HALT) submitted @ 30.00
[2026-09-24T14:53:52-04:00] 2026-09-24-MEIC-12:30-PUT CLOSE (HALT) submitted @ 30.00
[2026-09-24T14:53:53-04:00] 2026-09-24-MEIC-13:00-CALL CLOSE (HALT) submitted @ 30.00
[2026-09-24T14:53:53-04:00] 2026-09-24-MEIC-14:00-CALL CLOSE (HALT) submitted @ 30.00
[2026-09-24T14:54:24-04:00] 2026-09-24-MEIC-12:00-PUT close REJECTED (Your limit price is significantly away from the current market price. Please adj) — retry 1/3
[2026-09-24T14:54:25-04:00] 2026-09-24-MEIC-12:30-PUT close REJECTED (Your limit price is significantly away from the current market price. Please adj) — retry 1/3
[2026-09-24T14:54:26-04:00] 2026-09-24-MEIC-13:00-CALL close REJECTED (Your limit price is significantly away from the current market price. Please adj) — retry 1/3
[2026-09-24T14:54:26-04:00] 2026-09-24-MEIC-14:00-CALL close REJECTED (Your limit price is significantly away from the current market price. Please adj) — retry 1/3
[2026-09-24T14:54:26-04:00] 2026-09-24-MEIC-12:00-PUT CLOSE (HALT) submitted @ 30.00
[2026-09-24T14:54:27-04:00] 2026-09-24-MEIC-12:30-PUT CLOSE (HALT) submitted @ 30.00
[2026-09-24T14:54:27-04:00] 2026-09-24-MEIC-13:00-CALL CLOSE (HALT) submitted @ 30.00
[2026-09-24T14:54:28-04:00] 2026-09-24-MEIC-14:00-CALL CLOSE (HALT) submitted @ 30.00
[2026-09-24T14:54:59-04:00] 2026-09-24-MEIC-12:00-PUT close REJECTED (Your limit price is significantly away from the current market price. Please adj) — retry 1/3
[2026-09-24T14:54:59-04:00] 2026-09-24-MEIC-12:30-PUT close REJECTED (Your limit price is significantly away from the current market price. Please adj) — retry 1/3
[2026-09-24T14:55:00-04:00] 2026-09-24-MEIC-13:00-CALL close REJECTED (Your limit price is significantly away from the current market price. Please adj) — retry 1/3
[2026-09-24T14:55:00-04:00] 2026-09-24-MEIC-14:00-CALL close REJECTED (Your limit price is significantly away from the current market price. Please adj) — retry 1/3
[2026-09-24T14:55:01-04:00] 2026-09-24-MEIC-12:00-PUT CLOSE (HALT) submitted @ 30.00
[2026-09-24T14:55:01-04:00] 2026-09-24-MEIC-12:30-PUT CLOSE (HALT) submitted @ 30.00
[2026-09-24T14:55:02-04:00] 2026-09-24-MEIC-13:00-CALL CLOSE (HALT) submitted @ 30.00
[2026-09-24T14:55:03-04:00] 2026-09-24-MEIC-14:00-CALL CLOSE (HALT) submitted @ 30.00
[2026-09-24T14:55:34-04:00] 2026-09-24-MEIC-12:00-PUT close REJECTED (Your limit price is significantly away from the current market price. Please adj) — retry 1/3
[2026-09-24T14:55:34-04:00] 2026-09-24-MEIC-12:30-PUT close REJECTED (Your limit price is significantly away from the current market price. Please adj) — retry 1/3
[2026-09-24T14:55:35-04:00] 2026-09-24-MEIC-13:00-CALL close REJECTED (Your limit price is significantly away from the current market price. Please adj) — retry 1/3
[2026-09-24T14:55:35-04:00] 2026-09-24-MEIC-14:00-CALL close REJECTED (Your limit price is significantly away from the current market price. Please adj) — retry 1/3
[2026-09-24T14:55:36-04:00] 2026-09-24-MEIC-12:00-PUT CLOSE (HALT) submitted @ 30.00
[2026-09-24T14:55:36-04:00] 2026-09-24-MEIC-12:30-PUT CLOSE (HALT) submitted @ 30.00
[2026-09-24T14:55:37-04:00] 2026-09-24-MEIC-13:00-CALL CLOSE (HALT) submitted @ 30.00
[2026-09-24T14:55:38-04:00] 2026-09-24-MEIC-14:00-CALL CLOSE (HALT) submitted @ 30.00
[2026-09-24T14:56:09-04:00] 2026-09-24-MEIC-12:00-PUT close REJECTED (Your limit price is significantly away from the current market price. Please adj) — retry 1/3
[2026-09-24T14:56:10-04:00] 2026-09-24-MEIC-12:30-PUT close REJECTED (Your limit price is significantly away from the current market price. Please adj) — retry 1/3
[2026-09-24T14:56:10-04:00] 2026-09-24-MEIC-13:00-CALL close REJECTED (Your limit price is significantly away from the current market price. Please adj) — retry 1/3
[2026-09-24T14:56:11-04:00] 2026-09-24-MEIC-14:00-CALL close REJECTED (Your limit price is significantly away from the current market price. Please adj) — retry 1/3
[2026-09-24T14:56:11-04:00] 2026-09-24-MEIC-12:00-PUT CLOSE (HALT) submitted @ 30.00
[2026-09-24T14:56:12-04:00] 2026-09-24-MEIC-12:30-PUT CLOSE (HALT) submitted @ 30.00
[2026-09-24T14:56:12-04:00] 2026-09-24-MEIC-13:00-CALL CLOSE (HALT) submitted @ 30.00
[2026-09-24T14:56:13-04:00] 2026-09-24-MEIC-14:00-CALL CLOSE (HALT) submitted @ 30.00
[2026-09-24T14:56:44-04:00] 2026-09-24-MEIC-12:00-PUT close REJECTED (Your limit price is significantly away from the current market price. Please adj) — retry 1/3
[2026-09-24T14:56:45-04:00] 2026-09-24-MEIC-12:30-PUT close REJECTED (Your limit price is significantly away from the current market price. Please adj) — retry 1/3
[2026-09-24T14:56:45-04:00] 2026-09-24-MEIC-13:00-CALL close REJECTED (Your limit price is significantly away from the current market price. Please adj) — retry 1/3
[2026-09-24T14:56:45-04:00] 2026-09-24-MEIC-14:00-CALL close REJECTED (Your limit price is significantly away from the current market price. Please adj) — retry 1/3
[2026-09-24T14:56:46-04:00] 2026-09-24-MEIC-12:00-PUT CLOSE (HALT) submitted @ 30.00
[2026-09-24T14:56:46-04:00] 2026-09-24-MEIC-12:30-PUT CLOSE (HALT) submitted @ 30.00
[2026-09-24T14:56:47-04:00] 2026-09-24-MEIC-13:00-CALL CLOSE (HALT) submitted @ 30.00
[2026-09-24T14:56:47-04:00] 2026-09-24-MEIC-14:00-CALL CLOSE (HALT) submitted @ 30.00
[2026-09-24T14:57:19-04:00] 2026-09-24-MEIC-12:00-PUT close REJECTED (Your limit price is significantly away from the current market price. Please adj) — retry 1/3
[2026-09-24T14:57:19-04:00] 2026-09-24-MEIC-12:30-PUT close REJECTED (Your limit price is significantly away from the current market price. Please adj) — retry 1/3
[2026-09-24T14:57:19-04:00] 2026-09-24-MEIC-13:00-CALL close REJECTED (Your limit price is significantly away from the current market price. Please adj) — retry 1/3
[2026-09-24T14:57:20-04:00] 2026-09-24-MEIC-14:00-CALL close REJECTED (Your limit price is significantly away from the current market price. Please adj) — retry 1/3
[2026-09-24T14:57:20-04:00] 2026-09-24-MEIC-12:00-PUT CLOSE (HALT) submitted @ 30.00
[2026-09-24T14:57:21-04:00] 2026-09-24-MEIC-12:30-PUT CLOSE (HALT) submitted @ 30.00
[2026-09-24T14:57:21-04:00] 2026-09-24-MEIC-13:00-CALL CLOSE (HALT) submitted @ 30.00
[2026-09-24T14:57:22-04:00] 2026-09-24-MEIC-14:00-CALL CLOSE (HALT) submitted @ 30.00
[2026-09-24T14:57:53-04:00] 2026-09-24-MEIC-12:00-PUT close REJECTED (Your limit price is significantly away from the current market price. Please adj) — retry 1/3
[2026-09-24T14:57:54-04:00] 2026-09-24-MEIC-12:30-PUT close REJECTED (Your limit price is significantly away from the current market price. Please adj) — retry 1/3
[2026-09-24T14:57:54-04:00] 2026-09-24-MEIC-13:00-CALL close REJECTED (Your limit price is significantly away from the current market price. Please adj) — retry 1/3
[2026-09-24T14:57:55-04:00] 2026-09-24-MEIC-14:00-CALL close REJECTED (Your limit price is significantly away from the current market price. Please adj) — retry 1/3
[2026-09-24T14:57:55-04:00] 2026-09-24-MEIC-12:00-PUT CLOSE (HALT) submitted @ 30.00
[2026-09-24T14:57:56-04:00] 2026-09-24-MEIC-12:30-PUT CLOSE (HALT) submitted @ 30.00
[2026-09-24T14:57:56-04:00] 2026-09-24-MEIC-13:00-CALL CLOSE (HALT) submitted @ 30.00
[2026-09-24T14:57:57-04:00] 2026-09-24-MEIC-14:00-CALL CLOSE (HALT) submitted @ 30.00
[2026-09-24T14:58:28-04:00] 2026-09-24-MEIC-12:00-PUT close REJECTED (Your limit price is significantly away from the current market price. Please adj) — retry 1/3
[2026-09-24T14:58:29-04:00] 2026-09-24-MEIC-12:30-PUT close REJECTED (Your limit price is significantly away from the current market price. Please adj) — retry 1/3
[2026-09-24T14:58:30-04:00] 2026-09-24-MEIC-13:00-CALL close REJECTED (Your limit price is significantly away from the current market price. Please adj) — retry 1/3
[2026-09-24T14:58:30-04:00] 2026-09-24-MEIC-14:00-CALL close REJECTED (Your limit price is significantly away from the current market price. Please adj) — retry 1/3
[2026-09-24T14:58:31-04:00] 2026-09-24-MEIC-12:00-PUT CLOSE (HALT) submitted @ 30.00
[2026-09-24T14:58:31-04:00] 2026-09-24-MEIC-12:30-PUT CLOSE (HALT) submitted @ 30.00
[2026-09-24T14:58:32-04:00] 2026-09-24-MEIC-13:00-CALL CLOSE (HALT) submitted @ 30.00
[2026-09-24T14:58:33-04:00] 2026-09-24-MEIC-14:00-CALL CLOSE (HALT) submitted @ 30.00
[2026-09-24T14:59:04-04:00] 2026-09-24-MEIC-12:00-PUT close REJECTED (Your limit price is significantly away from the current market price. Please adj) — retry 1/3
[2026-09-24T14:59:05-04:00] 2026-09-24-MEIC-12:30-PUT close REJECTED (Your limit price is significantly away from the current market price. Please adj) — retry 1/3
[2026-09-24T14:59:05-04:00] 2026-09-24-MEIC-13:00-CALL close REJECTED (Your limit price is significantly away from the current market price. Please adj) — retry 1/3
[2026-09-24T14:59:06-04:00] 2026-09-24-MEIC-14:00-CALL close REJECTED (Your limit price is significantly away from the current market price. Please adj) — retry 1/3
[2026-09-24T14:59:06-04:00] 2026-09-24-MEIC-12:00-PUT CLOSE (HALT) submitted @ 30.00
[2026-09-24T14:59:07-04:00] 2026-09-24-MEIC-12:30-PUT CLOSE (HALT) submitted @ 30.00
[2026-09-24T14:59:08-04:00] 2026-09-24-MEIC-13:00-CALL CLOSE (HALT) submitted @ 30.00
[2026-09-24T14:59:08-04:00] 2026-09-24-MEIC-14:00-CALL CLOSE (HALT) submitted @ 30.00
[2026-09-24T14:59:39-04:00] 2026-09-24-MEIC-12:00-PUT close REJECTED (Your limit price is significantly away from the current market price. Please adj) — retry 1/3
[2026-09-24T14:59:40-04:00] 2026-09-24-MEIC-12:30-PUT close REJECTED (Your limit price is significantly away from the current market price. Please adj) — retry 1/3
[2026-09-24T14:59:40-04:00] 2026-09-24-MEIC-13:00-CALL close REJECTED (Your limit price is significantly away from the current market price. Please adj) — retry 1/3
[2026-09-24T14:59:41-04:00] 2026-09-24-MEIC-14:00-CALL close REJECTED (Your limit price is significantly away from the current market price. Please adj) — retry 1/3
[2026-09-24T14:59:41-04:00] 2026-09-24-MEIC-12:00-PUT CLOSE (HALT) submitted @ 30.00
[2026-09-24T14:59:42-04:00] 2026-09-24-MEIC-12:30-PUT CLOSE (HALT) submitted @ 30.00
[2026-09-24T14:59:42-04:00] 2026-09-24-MEIC-13:00-CALL CLOSE (HALT) submitted @ 30.00
[2026-09-24T14:59:43-04:00] 2026-09-24-MEIC-14:00-CALL CLOSE (HALT) submitted @ 30.00
[2026-09-24T15:00:14-04:00] 2026-09-24-MEIC-12:00-PUT close REJECTED (Your limit price is significantly away from the current market price. Please adj) — retry 1/3
[2026-09-24T15:00:15-04:00] 2026-09-24-MEIC-12:30-PUT close REJECTED (Your limit price is significantly away from the current market price. Please adj) — retry 1/3
[2026-09-24T15:00:15-04:00] 2026-09-24-MEIC-13:00-CALL close REJECTED (Your limit price is significantly away from the current market price. Please adj) — retry 1/3
[2026-09-24T15:00:16-04:00] 2026-09-24-MEIC-14:00-CALL close REJECTED (Your limit price is significantly away from the current market price. Please adj) — retry 1/3
[2026-09-24T15:00:16-04:00] 2026-09-24-MEIC-12:00-PUT CLOSE (HALT) submitted @ 30.00
[2026-09-24T15:00:17-04:00] 2026-09-24-MEIC-12:30-PUT CLOSE (HALT) submitted @ 30.00
[2026-09-24T15:00:18-04:00] 2026-09-24-MEIC-13:00-CALL CLOSE (HALT) submitted @ 30.00
[2026-09-24T15:00:18-04:00] 2026-09-24-MEIC-14:00-CALL CLOSE (HALT) submitted @ 30.00
[2026-09-24T15:00:50-04:00] 2026-09-24-MEIC-12:00-PUT close REJECTED (Your limit price is significantly away from the current market price. Please adj) — retry 1/3
[2026-09-24T15:00:50-04:00] 2026-09-24-MEIC-12:30-PUT close REJECTED (Your limit price is significantly away from the current market price. Please adj) — retry 1/3
[2026-09-24T15:00:51-04:00] 2026-09-24-MEIC-13:00-CALL close REJECTED (Your limit price is significantly away from the current market price. Please adj) — retry 1/3
[2026-09-24T15:00:51-04:00] 2026-09-24-MEIC-14:00-CALL close REJECTED (Your limit price is significantly away from the current market price. Please adj) — retry 1/3
[2026-09-24T15:00:52-04:00] 2026-09-24-MEIC-12:00-PUT CLOSE (HALT) submitted @ 30.00
[2026-09-24T15:00:52-04:00] 2026-09-24-MEIC-12:30-PUT CLOSE (HALT) submitted @ 30.00
[2026-09-24T15:00:53-04:00] 2026-09-24-MEIC-13:00-CALL CLOSE (HALT) submitted @ 30.00
[2026-09-24T15:00:53-04:00] 2026-09-24-MEIC-14:00-CALL CLOSE (HALT) submitted @ 30.00
[2026-09-24T15:01:25-04:00] 2026-09-24-MEIC-12:00-PUT close REJECTED (Your limit price is significantly away from the current market price. Please adj) — retry 1/3
[2026-09-24T15:01:25-04:00] 2026-09-24-MEIC-12:30-PUT close REJECTED (Your limit price is significantly away from the current market price. Please adj) — retry 1/3
[2026-09-24T15:01:26-04:00] 2026-09-24-MEIC-13:00-CALL close REJECTED (Your limit price is significantly away from the current market price. Please adj) — retry 1/3
[2026-09-24T15:01:27-04:00] 2026-09-24-MEIC-14:00-CALL close REJECTED (Your limit price is significantly away from the current market price. Please adj) — retry 1/3
[2026-09-24T15:01:27-04:00] 2026-09-24-MEIC-12:00-PUT CLOSE (HALT) submitted @ 30.00
[2026-09-24T15:01:28-04:00] 2026-09-24-MEIC-12:30-PUT CLOSE (HALT) submitted @ 30.00
[2026-09-24T15:01:28-04:00] 2026-09-24-MEIC-13:00-CALL CLOSE (HALT) submitted @ 30.00
[2026-09-24T15:01:29-04:00] 2026-09-24-MEIC-14:00-CALL CLOSE (HALT) submitted @ 30.00
[2026-09-24T15:02:00-04:00] 2026-09-24-MEIC-12:00-PUT close REJECTED (Your limit price is significantly away from the current market price. Please adj) — retry 1/3
[2026-09-24T15:02:00-04:00] 2026-09-24-MEIC-12:30-PUT close REJECTED (Your limit price is significantly away from the current market price. Please adj) — retry 1/3
[2026-09-24T15:02:01-04:00] 2026-09-24-MEIC-13:00-CALL close REJECTED (Your limit price is significantly away from the current market price. Please adj) — retry 1/3
[2026-09-24T15:02:02-04:00] 2026-09-24-MEIC-14:00-CALL close REJECTED (Your limit price is significantly away from the current market price. Please adj) — retry 1/3
[2026-09-24T15:02:03-04:00] 2026-09-24-MEIC-12:00-PUT CLOSE (HALT) submitted @ 30.00
[2026-09-24T15:02:03-04:00] 2026-09-24-MEIC-12:30-PUT CLOSE (HALT) submitted @ 30.00
[2026-09-24T15:02:04-04:00] 2026-09-24-MEIC-13:00-CALL CLOSE (HALT) submitted @ 30.00
[2026-09-24T15:02:04-04:00] 2026-09-24-MEIC-14:00-CALL CLOSE (HALT) submitted @ 30.00
[2026-09-24T15:02:36-04:00] 2026-09-24-MEIC-12:00-PUT close REJECTED (Your limit price is significantly away from the current market price. Please adj) — retry 1/3
[2026-09-24T15:02:36-04:00] 2026-09-24-MEIC-12:30-PUT close REJECTED (Your limit price is significantly away from the current market price. Please adj) — retry 1/3
[2026-09-24T15:02:36-04:00] 2026-09-24-MEIC-13:00-CALL close REJECTED (Your limit price is significantly away from the current market price. Please adj) — retry 1/3
[2026-09-24T15:02:37-04:00] 2026-09-24-MEIC-14:00-CALL close REJECTED (Your limit price is significantly away from the current market price. Please adj) — retry 1/3
[2026-09-24T15:02:37-04:00] 2026-09-24-MEIC-12:00-PUT CLOSE (HALT) submitted @ 30.00
[2026-09-24T15:02:38-04:00] 2026-09-24-MEIC-12:30-PUT CLOSE (HALT) submitted @ 30.00
[2026-09-24T15:02:38-04:00] 2026-09-24-MEIC-13:00-CALL CLOSE (HALT) submitted @ 30.00
[2026-09-24T15:02:39-04:00] 2026-09-24-MEIC-14:00-CALL CLOSE (HALT) submitted @ 30.00
[2026-09-24T15:03:11-04:00] 2026-09-24-MEIC-12:00-PUT close REJECTED (Your limit price is significantly away from the current market price. Please adj) — retry 1/3
[2026-09-24T15:03:11-04:00] 2026-09-24-MEIC-12:30-PUT close REJECTED (Your limit price is significantly away from the current market price. Please adj) — retry 1/3
[2026-09-24T15:03:12-04:00] 2026-09-24-MEIC-13:00-CALL close REJECTED (Your limit price is significantly away from the current market price. Please adj) — retry 1/3
[2026-09-24T15:03:13-04:00] 2026-09-24-MEIC-14:00-CALL close REJECTED (Your limit price is significantly away from the current market price. Please adj) — retry 1/3
[2026-09-24T15:03:13-04:00] 2026-09-24-MEIC-12:00-PUT CLOSE (HALT) submitted @ 30.00
[2026-09-24T15:03:14-04:00] 2026-09-24-MEIC-12:30-PUT CLOSE (HALT) submitted @ 30.00
[2026-09-24T15:03:14-04:00] 2026-09-24-MEIC-13:00-CALL CLOSE (HALT) submitted @ 30.00
[2026-09-24T15:03:15-04:00] 2026-09-24-MEIC-14:00-CALL CLOSE (HALT) submitted @ 30.00
[2026-09-24T15:03:46-04:00] 2026-09-24-MEIC-12:00-PUT close REJECTED (Your limit price is significantly away from the current market price. Please adj) — retry 1/3
[2026-09-24T15:03:46-04:00] 2026-09-24-MEIC-12:30-PUT close REJECTED (Your limit price is significantly away from the current market price. Please adj) — retry 1/3
[2026-09-24T15:03:47-04:00] 2026-09-24-MEIC-13:00-CALL close REJECTED (Your limit price is significantly away from the current market price. Please adj) — retry 1/3
[2026-09-24T15:03:47-04:00] 2026-09-24-MEIC-14:00-CALL close REJECTED (Your limit price is significantly away from the current market price. Please adj) — retry 1/3
[2026-09-24T15:03:48-04:00] 2026-09-24-MEIC-12:00-PUT CLOSE (HALT) submitted @ 30.00
[2026-09-24T15:03:49-04:00] 2026-09-24-MEIC-12:30-PUT CLOSE (HALT) submitted @ 30.00
[2026-09-24T15:03:49-04:00] 2026-09-24-MEIC-13:00-CALL CLOSE (HALT) submitted @ 30.00
[2026-09-24T15:03:50-04:00] 2026-09-24-MEIC-14:00-CALL CLOSE (HALT) submitted @ 30.00
[2026-09-24T15:04:21-04:00] 2026-09-24-MEIC-12:00-PUT close REJECTED (Your limit price is significantly away from the current market price. Please adj) — retry 1/3
[2026-09-24T15:04:21-04:00] 2026-09-24-MEIC-12:30-PUT close REJECTED (Your limit price is significantly away from the current market price. Please adj) — retry 1/3
[2026-09-24T15:04:22-04:00] 2026-09-24-MEIC-13:00-CALL close REJECTED (Your limit price is significantly away from the current market price. Please adj) — retry 1/3
[2026-09-24T15:04:22-04:00] 2026-09-24-MEIC-14:00-CALL close REJECTED (Your limit price is significantly away from the current market price. Please adj) — retry 1/3
[2026-09-24T15:04:23-04:00] 2026-09-24-MEIC-12:00-PUT CLOSE (HALT) submitted @ 30.00
[2026-09-24T15:04:23-04:00] 2026-09-24-MEIC-12:30-PUT CLOSE (HALT) submitted @ 30.00
[2026-09-24T15:04:24-04:00] 2026-09-24-MEIC-13:00-CALL CLOSE (HALT) submitted @ 30.00
[2026-09-24T15:04:25-04:00] 2026-09-24-MEIC-14:00-CALL CLOSE (HALT) submitted @ 30.00
[2026-09-24T15:04:56-04:00] 2026-09-24-MEIC-12:00-PUT close REJECTED (Your limit price is significantly away from the current market price. Please adj) — retry 1/3
[2026-09-24T15:04:56-04:00] 2026-09-24-MEIC-12:30-PUT close REJECTED (Your limit price is significantly away from the current market price. Please adj) — retry 1/3
[2026-09-24T15:04:57-04:00] 2026-09-24-MEIC-13:00-CALL close REJECTED (Your limit price is significantly away from the current market price. Please adj) — retry 1/3
[2026-09-24T15:04:57-04:00] 2026-09-24-MEIC-14:00-CALL close REJECTED (Your limit price is significantly away from the current market price. Please adj) — retry 1/3
[2026-09-24T15:04:58-04:00] 2026-09-24-MEIC-12:00-PUT CLOSE (HALT) submitted @ 30.00
[2026-09-24T15:04:58-04:00] 2026-09-24-MEIC-12:30-PUT CLOSE (HALT) submitted @ 30.00
[2026-09-24T15:04:59-04:00] 2026-09-24-MEIC-13:00-CALL CLOSE (HALT) submitted @ 30.00
[2026-09-24T15:04:59-04:00] 2026-09-24-MEIC-14:00-CALL CLOSE (HALT) submitted @ 30.00
[2026-09-24T15:05:31-04:00] 2026-09-24-MEIC-12:00-PUT close REJECTED (Your limit price is significantly away from the current market price. Please adj) — retry 1/3
[2026-09-24T15:05:31-04:00] 2026-09-24-MEIC-12:30-PUT close REJECTED (Your limit price is significantly away from the current market price. Please adj) — retry 1/3
[2026-09-24T15:05:32-04:00] 2026-09-24-MEIC-13:00-CALL close REJECTED (Your limit price is significantly away from the current market price. Please adj) — retry 1/3
[2026-09-24T15:05:32-04:00] 2026-09-24-MEIC-14:00-CALL close REJECTED (Your limit price is significantly away from the current market price. Please adj) — retry 1/3
[2026-09-24T15:05:33-04:00] 2026-09-24-MEIC-12:00-PUT CLOSE (HALT) submitted @ 30.00
[2026-09-24T15:05:33-04:00] 2026-09-24-MEIC-12:30-PUT CLOSE (HALT) submitted @ 30.00
[2026-09-24T15:05:34-04:00] 2026-09-24-MEIC-13:00-CALL CLOSE (HALT) submitted @ 30.00
[2026-09-24T15:05:34-04:00] 2026-09-24-MEIC-14:00-CALL CLOSE (HALT) submitted @ 30.00
[2026-09-24T15:06:06-04:00] 2026-09-24-MEIC-12:00-PUT close REJECTED (Your limit price is significantly away from the current market price. Please adj) — retry 1/3
[2026-09-24T15:06:06-04:00] 2026-09-24-MEIC-12:30-PUT close REJECTED (Your limit price is significantly away from the current market price. Please adj) — retry 1/3
[2026-09-24T15:06:06-04:00] 2026-09-24-MEIC-13:00-CALL close REJECTED (Your limit price is significantly away from the current market price. Please adj) — retry 1/3
[2026-09-24T15:06:07-04:00] 2026-09-24-MEIC-14:00-CALL close REJECTED (Your limit price is significantly away from the current market price. Please adj) — retry 1/3
[2026-09-24T15:06:08-04:00] 2026-09-24-MEIC-12:00-PUT CLOSE (HALT) submitted @ 30.00
[2026-09-24T15:06:08-04:00] 2026-09-24-MEIC-12:30-PUT CLOSE (HALT) submitted @ 30.00
[2026-09-24T15:06:09-04:00] 2026-09-24-MEIC-13:00-CALL CLOSE (HALT) submitted @ 30.00
[2026-09-24T15:06:09-04:00] 2026-09-24-MEIC-14:00-CALL CLOSE (HALT) submitted @ 30.00
[2026-09-24T15:06:41-04:00] 2026-09-24-MEIC-12:00-PUT close REJECTED (Your limit price is significantly away from the current market price. Please adj) — retry 1/3
[2026-09-24T15:06:41-04:00] 2026-09-24-MEIC-12:30-PUT close REJECTED (Your limit price is significantly away from the current market price. Please adj) — retry 1/3
[2026-09-24T15:06:41-04:00] 2026-09-24-MEIC-13:00-CALL close REJECTED (Your limit price is significantly away from the current market price. Please adj) — retry 1/3
[2026-09-24T15:06:42-04:00] 2026-09-24-MEIC-14:00-CALL close REJECTED (Your limit price is significantly away from the current market price. Please adj) — retry 1/3
[2026-09-24T15:06:42-04:00] 2026-09-24-MEIC-12:00-PUT CLOSE (HALT) submitted @ 30.00
[2026-09-24T15:06:43-04:00] 2026-09-24-MEIC-12:30-PUT CLOSE (HALT) submitted @ 30.00
[2026-09-24T15:06:44-04:00] 2026-09-24-MEIC-13:00-CALL CLOSE (HALT) submitted @ 30.00
[2026-09-24T15:06:44-04:00] 2026-09-24-MEIC-14:00-CALL CLOSE (HALT) submitted @ 30.00
[2026-09-24T15:07:15-04:00] 2026-09-24-MEIC-12:00-PUT close REJECTED (Your limit price is significantly away from the current market price. Please adj) — retry 1/3
[2026-09-24T15:07:16-04:00] 2026-09-24-MEIC-12:30-PUT close REJECTED (Your limit price is significantly away from the current market price. Please adj) — retry 1/3
[2026-09-24T15:07:16-04:00] 2026-09-24-MEIC-13:00-CALL close REJECTED (Your limit price is significantly away from the current market price. Please adj) — retry 1/3
[2026-09-24T15:07:17-04:00] 2026-09-24-MEIC-14:00-CALL close REJECTED (Your limit price is significantly away from the current market price. Please adj) — retry 1/3
[2026-09-24T15:07:17-04:00] 2026-09-24-MEIC-12:00-PUT CLOSE (HALT) submitted @ 30.00
[2026-09-24T15:07:18-04:00] 2026-09-24-MEIC-12:30-PUT CLOSE (HALT) submitted @ 30.00
[2026-09-24T15:07:18-04:00] 2026-09-24-MEIC-13:00-CALL CLOSE (HALT) submitted @ 30.00
[2026-09-24T15:07:19-04:00] 2026-09-24-MEIC-14:00-CALL CLOSE (HALT) submitted @ 30.00
[2026-09-24T15:07:50-04:00] 2026-09-24-MEIC-12:00-PUT close REJECTED (Your limit price is significantly away from the current market price. Please adj) — retry 1/3
[2026-09-24T15:07:50-04:00] 2026-09-24-MEIC-12:30-PUT close REJECTED (Your limit price is significantly away from the current market price. Please adj) — retry 1/3
[2026-09-24T15:07:51-04:00] 2026-09-24-MEIC-13:00-CALL close REJECTED (Your limit price is significantly away from the current market price. Please adj) — retry 1/3
[2026-09-24T15:07:51-04:00] 2026-09-24-MEIC-14:00-CALL close REJECTED (Your limit price is significantly away from the current market price. Please adj) — retry 1/3
[2026-09-24T15:07:52-04:00] 2026-09-24-MEIC-12:00-PUT CLOSE (HALT) submitted @ 30.00
[2026-09-24T15:07:52-04:00] 2026-09-24-MEIC-12:30-PUT CLOSE (HALT) submitted @ 30.00
[2026-09-24T15:07:53-04:00] 2026-09-24-MEIC-13:00-CALL CLOSE (HALT) submitted @ 30.00
[2026-09-24T15:07:53-04:00] 2026-09-24-MEIC-14:00-CALL CLOSE (HALT) submitted @ 30.00
[2026-09-24T15:08:25-04:00] 2026-09-24-MEIC-12:00-PUT close REJECTED (Your limit price is significantly away from the current market price. Please adj) — retry 1/3
[2026-09-24T15:08:25-04:00] 2026-09-24-MEIC-12:30-PUT close REJECTED (Your limit price is significantly away from the current market price. Please adj) — retry 1/3
[2026-09-24T15:08:25-04:00] 2026-09-24-MEIC-13:00-CALL close REJECTED (Your limit price is significantly away from the current market price. Please adj) — retry 1/3
[2026-09-24T15:08:26-04:00] 2026-09-24-MEIC-14:00-CALL close REJECTED (Your limit price is significantly away from the current market price. Please adj) — retry 1/3
[2026-09-24T15:08:26-04:00] 2026-09-24-MEIC-12:00-PUT CLOSE (HALT) submitted @ 30.00
[2026-09-24T15:08:27-04:00] 2026-09-24-MEIC-12:30-PUT CLOSE (HALT) submitted @ 30.00
[2026-09-24T15:08:27-04:00] 2026-09-24-MEIC-13:00-CALL CLOSE (HALT) submitted @ 30.00
[2026-09-24T15:08:28-04:00] 2026-09-24-MEIC-14:00-CALL CLOSE (HALT) submitted @ 30.00
[2026-09-24T15:08:59-04:00] 2026-09-24-MEIC-12:00-PUT close REJECTED (Your limit price is significantly away from the current market price. Please adj) — retry 1/3
[2026-09-24T15:08:59-04:00] 2026-09-24-MEIC-12:30-PUT close REJECTED (Your limit price is significantly away from the current market price. Please adj) — retry 1/3
[2026-09-24T15:09:00-04:00] 2026-09-24-MEIC-13:00-CALL close REJECTED (Your limit price is significantly away from the current market price. Please adj) — retry 1/3
[2026-09-24T15:09:00-04:00] 2026-09-24-MEIC-14:00-CALL close REJECTED (Your limit price is significantly away from the current market price. Please adj) — retry 1/3
[2026-09-24T15:09:01-04:00] 2026-09-24-MEIC-12:00-PUT CLOSE (HALT) submitted @ 30.00
[2026-09-24T15:09:01-04:00] 2026-09-24-MEIC-12:30-PUT CLOSE (HALT) submitted @ 30.00
[2026-09-24T15:09:02-04:00] 2026-09-24-MEIC-13:00-CALL CLOSE (HALT) submitted @ 30.00
[2026-09-24T15:09:02-04:00] 2026-09-24-MEIC-14:00-CALL CLOSE (HALT) submitted @ 30.00
[2026-09-24T15:09:34-04:00] 2026-09-24-MEIC-12:00-PUT close REJECTED (Your limit price is significantly away from the current market price. Please adj) — retry 1/3
[2026-09-24T15:09:34-04:00] 2026-09-24-MEIC-12:30-PUT close REJECTED (Your limit price is significantly away from the current market price. Please adj) — retry 1/3
[2026-09-24T15:09:34-04:00] 2026-09-24-MEIC-13:00-CALL close REJECTED (Your limit price is significantly away from the current market price. Please adj) — retry 1/3
[2026-09-24T15:09:35-04:00] 2026-09-24-MEIC-14:00-CALL close REJECTED (Your limit price is significantly away from the current market price. Please adj) — retry 1/3
[2026-09-24T15:09:35-04:00] 2026-09-24-MEIC-12:00-PUT CLOSE (HALT) submitted @ 30.00
[2026-09-24T15:09:36-04:00] 2026-09-24-MEIC-12:30-PUT CLOSE (HALT) submitted @ 30.00
[2026-09-24T15:09:36-04:00] 2026-09-24-MEIC-13:00-CALL CLOSE (HALT) submitted @ 30.00
[2026-09-24T15:09:37-04:00] 2026-09-24-MEIC-14:00-CALL CLOSE (HALT) submitted @ 30.00
[2026-09-24T15:10:08-04:00] 2026-09-24-MEIC-12:00-PUT close REJECTED (Your limit price is significantly away from the current market price. Please adj) — retry 1/3
[2026-09-24T15:10:09-04:00] 2026-09-24-MEIC-12:30-PUT close REJECTED (Your limit price is significantly away from the current market price. Please adj) — retry 1/3
[2026-09-24T15:10:09-04:00] 2026-09-24-MEIC-13:00-CALL close REJECTED (Your limit price is significantly away from the current market price. Please adj) — retry 1/3
[2026-09-24T15:10:10-04:00] 2026-09-24-MEIC-14:00-CALL close REJECTED (Your limit price is significantly away from the current market price. Please adj) — retry 1/3
[2026-09-24T15:10:10-04:00] 2026-09-24-MEIC-12:00-PUT CLOSE (HALT) submitted @ 30.00
[2026-09-24T15:10:11-04:00] 2026-09-24-MEIC-12:30-PUT CLOSE (HALT) submitted @ 30.00
[2026-09-24T15:10:11-04:00] 2026-09-24-MEIC-13:00-CALL CLOSE (HALT) submitted @ 30.00
[2026-09-24T15:10:12-04:00] 2026-09-24-MEIC-14:00-CALL CLOSE (HALT) submitted @ 30.00
[2026-09-24T15:10:43-04:00] 2026-09-24-MEIC-12:00-PUT close REJECTED (Your limit price is significantly away from the current market price. Please adj) — retry 1/3
[2026-09-24T15:10:44-04:00] 2026-09-24-MEIC-12:30-PUT close REJECTED (Your limit price is significantly away from the current market price. Please adj) — retry 1/3
[2026-09-24T15:10:45-04:00] 2026-09-24-MEIC-13:00-CALL close REJECTED (Your limit price is significantly away from the current market price. Please adj) — retry 1/3
[2026-09-24T15:10:45-04:00] 2026-09-24-MEIC-14:00-CALL close REJECTED (Your limit price is significantly away from the current market price. Please adj) — retry 1/3
[2026-09-24T15:10:46-04:00] 2026-09-24-MEIC-12:00-PUT CLOSE (HALT) submitted @ 30.00
[2026-09-24T15:10:46-04:00] 2026-09-24-MEIC-12:30-PUT CLOSE (HALT) submitted @ 30.00
[2026-09-24T15:10:46-04:00] 2026-09-24-MEIC-13:00-CALL CLOSE (HALT) submitted @ 30.00
[2026-09-24T15:10:47-04:00] 2026-09-24-MEIC-14:00-CALL CLOSE (HALT) submitted @ 30.00
[2026-09-24T15:11:18-04:00] 2026-09-24-MEIC-12:00-PUT close REJECTED (Your limit price is significantly away from the current market price. Please adj) — retry 1/3
[2026-09-24T15:11:19-04:00] 2026-09-24-MEIC-12:30-PUT close REJECTED (Your limit price is significantly away from the current market price. Please adj) — retry 1/3
[2026-09-24T15:11:19-04:00] 2026-09-24-MEIC-13:00-CALL close REJECTED (Your limit price is significantly away from the current market price. Please adj) — retry 1/3
[2026-09-24T15:11:19-04:00] 2026-09-24-MEIC-14:00-CALL close REJECTED (Your limit price is significantly away from the current market price. Please adj) — retry 1/3
[2026-09-24T15:11:20-04:00] 2026-09-24-MEIC-12:00-PUT CLOSE (HALT) submitted @ 30.00
[2026-09-24T15:11:21-04:00] 2026-09-24-MEIC-12:30-PUT CLOSE (HALT) submitted @ 30.00
[2026-09-24T15:11:21-04:00] 2026-09-24-MEIC-13:00-CALL CLOSE (HALT) submitted @ 30.00
[2026-09-24T15:11:21-04:00] 2026-09-24-MEIC-14:00-CALL CLOSE (HALT) submitted @ 30.00
[2026-09-24T15:11:53-04:00] 2026-09-24-MEIC-12:00-PUT close REJECTED (Your limit price is significantly away from the current market price. Please adj) — retry 1/3
[2026-09-24T15:11:53-04:00] 2026-09-24-MEIC-12:30-PUT close REJECTED (Your limit price is significantly away from the current market price. Please adj) — retry 1/3
[2026-09-24T15:11:53-04:00] 2026-09-24-MEIC-13:00-CALL close REJECTED (Your limit price is significantly away from the current market price. Please adj) — retry 1/3
[2026-09-24T15:11:54-04:00] 2026-09-24-MEIC-14:00-CALL close REJECTED (Your limit price is significantly away from the current market price. Please adj) — retry 1/3
[2026-09-24T15:11:54-04:00] 2026-09-24-MEIC-12:00-PUT CLOSE (HALT) submitted @ 30.00
[2026-09-24T15:11:55-04:00] 2026-09-24-MEIC-12:30-PUT CLOSE (HALT) submitted @ 30.00
[2026-09-24T15:11:55-04:00] 2026-09-24-MEIC-13:00-CALL CLOSE (HALT) submitted @ 30.00
[2026-09-24T15:11:56-04:00] 2026-09-24-MEIC-14:00-CALL CLOSE (HALT) submitted @ 30.00
[2026-09-24T15:12:27-04:00] 2026-09-24-MEIC-12:00-PUT close REJECTED (Your limit price is significantly away from the current market price. Please adj) — retry 1/3
[2026-09-24T15:12:27-04:00] 2026-09-24-MEIC-12:30-PUT close REJECTED (Your limit price is significantly away from the current market price. Please adj) — retry 1/3
[2026-09-24T15:12:28-04:00] 2026-09-24-MEIC-13:00-CALL close REJECTED (Your limit price is significantly away from the current market price. Please adj) — retry 1/3
[2026-09-24T15:12:28-04:00] 2026-09-24-MEIC-14:00-CALL close REJECTED (Your limit price is significantly away from the current market price. Please adj) — retry 1/3
[2026-09-24T15:12:29-04:00] 2026-09-24-MEIC-12:00-PUT CLOSE (HALT) submitted @ 30.00
[2026-09-24T15:12:29-04:00] 2026-09-24-MEIC-12:30-PUT CLOSE (HALT) submitted @ 30.00
[2026-09-24T15:12:30-04:00] 2026-09-24-MEIC-13:00-CALL CLOSE (HALT) submitted @ 30.00
[2026-09-24T15:12:30-04:00] 2026-09-24-MEIC-14:00-CALL CLOSE (HALT) submitted @ 30.00
[2026-09-24T15:13:02-04:00] 2026-09-24-MEIC-12:00-PUT close REJECTED (Your limit price is significantly away from the current market price. Please adj) — retry 1/3
[2026-09-24T15:13:02-04:00] 2026-09-24-MEIC-12:30-PUT close REJECTED (Your limit price is significantly away from the current market price. Please adj) — retry 1/3
[2026-09-24T15:13:03-04:00] 2026-09-24-MEIC-13:00-CALL close REJECTED (Your limit price is significantly away from the current market price. Please adj) — retry 1/3
[2026-09-24T15:13:03-04:00] 2026-09-24-MEIC-14:00-CALL close REJECTED (Your limit price is significantly away from the current market price. Please adj) — retry 1/3
[2026-09-24T15:13:04-04:00] 2026-09-24-MEIC-12:00-PUT CLOSE (HALT) submitted @ 30.00
[2026-09-24T15:13:04-04:00] 2026-09-24-MEIC-12:30-PUT CLOSE (HALT) submitted @ 30.00
[2026-09-24T15:13:05-04:00] 2026-09-24-MEIC-13:00-CALL CLOSE (HALT) submitted @ 30.00
[2026-09-24T15:13:05-04:00] 2026-09-24-MEIC-14:00-CALL CLOSE (HALT) submitted @ 30.00
[2026-09-24T15:13:37-04:00] 2026-09-24-MEIC-12:00-PUT close REJECTED (Your limit price is significantly away from the current market price. Please adj) — retry 1/3
[2026-09-24T15:13:37-04:00] 2026-09-24-MEIC-12:30-PUT close REJECTED (Your limit price is significantly away from the current market price. Please adj) — retry 1/3
[2026-09-24T15:13:37-04:00] 2026-09-24-MEIC-13:00-CALL close REJECTED (Your limit price is significantly away from the current market price. Please adj) — retry 1/3
[2026-09-24T15:13:38-04:00] 2026-09-24-MEIC-14:00-CALL close REJECTED (Your limit price is significantly away from the current market price. Please adj) — retry 1/3
[2026-09-24T15:13:38-04:00] 2026-09-24-MEIC-12:00-PUT CLOSE (HALT) submitted @ 30.00
[2026-09-24T15:13:39-04:00] 2026-09-24-MEIC-12:30-PUT CLOSE (HALT) submitted @ 30.00
[2026-09-24T15:13:39-04:00] 2026-09-24-MEIC-13:00-CALL CLOSE (HALT) submitted @ 30.00
[2026-09-24T15:13:40-04:00] 2026-09-24-MEIC-14:00-CALL CLOSE (HALT) submitted @ 30.00
[2026-09-24T15:14:11-04:00] 2026-09-24-MEIC-12:00-PUT close REJECTED (Your limit price is significantly away from the current market price. Please adj) — retry 1/3
[2026-09-24T15:14:12-04:00] 2026-09-24-MEIC-12:30-PUT close REJECTED (Your limit price is significantly away from the current market price. Please adj) — retry 1/3
[2026-09-24T15:14:12-04:00] 2026-09-24-MEIC-13:00-CALL close REJECTED (Your limit price is significantly away from the current market price. Please adj) — retry 1/3
[2026-09-24T15:14:12-04:00] 2026-09-24-MEIC-14:00-CALL close REJECTED (Your limit price is significantly away from the current market price. Please adj) — retry 1/3
[2026-09-24T15:14:13-04:00] 2026-09-24-MEIC-12:00-PUT CLOSE (HALT) submitted @ 30.00
[2026-09-24T15:14:14-04:00] 2026-09-24-MEIC-12:30-PUT CLOSE (HALT) submitted @ 30.00
[2026-09-24T15:14:14-04:00] 2026-09-24-MEIC-13:00-CALL CLOSE (HALT) submitted @ 30.00
[2026-09-24T15:14:15-04:00] 2026-09-24-MEIC-14:00-CALL CLOSE (HALT) submitted @ 30.00
[2026-09-24T15:14:46-04:00] 2026-09-24-MEIC-12:00-PUT close REJECTED (Your limit price is significantly away from the current market price. Please adj) — retry 1/3
[2026-09-24T15:14:47-04:00] 2026-09-24-MEIC-12:30-PUT close REJECTED (Your limit price is significantly away from the current market price. Please adj) — retry 1/3
[2026-09-24T15:14:47-04:00] 2026-09-24-MEIC-13:00-CALL close REJECTED (Your limit price is significantly away from the current market price. Please adj) — retry 1/3
[2026-09-24T15:14:47-04:00] 2026-09-24-MEIC-14:00-CALL close REJECTED (Your limit price is significantly away from the current market price. Please adj) — retry 1/3
[2026-09-24T15:14:48-04:00] 2026-09-24-MEIC-12:00-PUT CLOSE (HALT) submitted @ 30.00
[2026-09-24T15:14:49-04:00] 2026-09-24-MEIC-12:30-PUT CLOSE (HALT) submitted @ 30.00
[2026-09-24T15:14:49-04:00] 2026-09-24-MEIC-13:00-CALL CLOSE (HALT) submitted @ 30.00
[2026-09-24T15:14:49-04:00] 2026-09-24-MEIC-14:00-CALL CLOSE (HALT) submitted @ 30.00
[2026-09-24T15:15:21-04:00] 2026-09-24-MEIC-12:00-PUT close REJECTED (Your limit price is significantly away from the current market price. Please adj) — retry 1/3
[2026-09-24T15:15:21-04:00] 2026-09-24-MEIC-12:30-PUT close REJECTED (Your limit price is significantly away from the current market price. Please adj) — retry 1/3
[2026-09-24T15:15:21-04:00] 2026-09-24-MEIC-13:00-CALL close REJECTED (Your limit price is significantly away from the current market price. Please adj) — retry 1/3
[2026-09-24T15:15:22-04:00] 2026-09-24-MEIC-14:00-CALL close REJECTED (Your limit price is significantly away from the current market price. Please adj) — retry 1/3
[2026-09-24T15:15:23-04:00] 2026-09-24-MEIC-12:00-PUT CLOSE (HALT) submitted @ 30.00
[2026-09-24T15:15:23-04:00] 2026-09-24-MEIC-12:30-PUT CLOSE (HALT) submitted @ 30.00
[2026-09-24T15:15:24-04:00] 2026-09-24-MEIC-13:00-CALL CLOSE (HALT) submitted @ 30.00
[2026-09-24T15:15:24-04:00] 2026-09-24-MEIC-14:00-CALL CLOSE (HALT) submitted @ 30.00
[2026-09-24T15:15:55-04:00] 2026-09-24-MEIC-12:00-PUT close REJECTED (Your limit price is significantly away from the current market price. Please adj) — retry 1/3
[2026-09-24T15:15:56-04:00] 2026-09-24-MEIC-12:30-PUT close REJECTED (Your limit price is significantly away from the current market price. Please adj) — retry 1/3
[2026-09-24T15:15:56-04:00] 2026-09-24-MEIC-13:00-CALL close REJECTED (Your limit price is significantly away from the current market price. Please adj) — retry 1/3
[2026-09-24T15:15:57-04:00] 2026-09-24-MEIC-14:00-CALL close REJECTED (Your limit price is significantly away from the current market price. Please adj) — retry 1/3
[2026-09-24T15:15:57-04:00] 2026-09-24-MEIC-12:00-PUT CLOSE (HALT) submitted @ 30.00
[2026-09-24T15:15:58-04:00] 2026-09-24-MEIC-12:30-PUT CLOSE (HALT) submitted @ 30.00
[2026-09-24T15:15:58-04:00] 2026-09-24-MEIC-13:00-CALL CLOSE (HALT) submitted @ 30.00
[2026-09-24T15:15:59-04:00] 2026-09-24-MEIC-14:00-CALL CLOSE (HALT) submitted @ 30.00
[2026-09-24T15:16:30-04:00] 2026-09-24-MEIC-12:00-PUT close REJECTED (Your limit price is significantly away from the current market price. Please adj) — retry 1/3
[2026-09-24T15:16:31-04:00] 2026-09-24-MEIC-12:30-PUT close REJECTED (Your limit price is significantly away from the current market price. Please adj) — retry 1/3
[2026-09-24T15:16:32-04:00] 2026-09-24-MEIC-13:00-CALL close REJECTED (Your limit price is significantly away from the current market price. Please adj) — retry 1/3
[2026-09-24T15:16:32-04:00] 2026-09-24-MEIC-14:00-CALL close REJECTED (Your limit price is significantly away from the current market price. Please adj) — retry 1/3
[2026-09-24T15:16:32-04:00] 2026-09-24-MEIC-12:00-PUT CLOSE (HALT) submitted @ 30.00
[2026-09-24T15:16:33-04:00] 2026-09-24-MEIC-12:30-PUT CLOSE (HALT) submitted @ 30.00
[2026-09-24T15:16:34-04:00] 2026-09-24-MEIC-13:00-CALL CLOSE (HALT) submitted @ 30.00
[2026-09-24T15:16:34-04:00] 2026-09-24-MEIC-14:00-CALL CLOSE (HALT) submitted @ 30.00
[2026-09-24T15:17:06-04:00] 2026-09-24-MEIC-12:00-PUT close REJECTED (Your limit price is significantly away from the current market price. Please adj) — retry 1/3
[2026-09-24T15:17:06-04:00] 2026-09-24-MEIC-12:30-PUT close REJECTED (Your limit price is significantly away from the current market price. Please adj) — retry 1/3
[2026-09-24T15:17:06-04:00] 2026-09-24-MEIC-13:00-CALL close REJECTED (Your limit price is significantly away from the current market price. Please adj) — retry 1/3
[2026-09-24T15:17:07-04:00] 2026-09-24-MEIC-14:00-CALL close REJECTED (Your limit price is significantly away from the current market price. Please adj) — retry 1/3
[2026-09-24T15:17:08-04:00] 2026-09-24-MEIC-12:00-PUT CLOSE (HALT) submitted @ 30.00
[2026-09-24T15:17:08-04:00] 2026-09-24-MEIC-12:30-PUT CLOSE (HALT) submitted @ 30.00
[2026-09-24T15:17:09-04:00] 2026-09-24-MEIC-13:00-CALL CLOSE (HALT) submitted @ 30.00
[2026-09-24T15:17:10-04:00] 2026-09-24-MEIC-14:00-CALL CLOSE (HALT) submitted @ 30.00
[2026-09-24T15:17:41-04:00] 2026-09-24-MEIC-12:00-PUT close REJECTED (Your limit price is significantly away from the current market price. Please adj) — retry 1/3
[2026-09-24T15:17:42-04:00] 2026-09-24-MEIC-12:30-PUT close REJECTED (Your limit price is significantly away from the current market price. Please adj) — retry 1/3
[2026-09-24T15:17:42-04:00] 2026-09-24-MEIC-13:00-CALL close REJECTED (Your limit price is significantly away from the current market price. Please adj) — retry 1/3
[2026-09-24T15:17:43-04:00] 2026-09-24-MEIC-14:00-CALL close REJECTED (Your limit price is significantly away from the current market price. Please adj) — retry 1/3
[2026-09-24T15:17:44-04:00] 2026-09-24-MEIC-12:00-PUT CLOSE (HALT) submitted @ 30.00
[2026-09-24T15:17:44-04:00] 2026-09-24-MEIC-12:30-PUT CLOSE (HALT) submitted @ 30.00
[2026-09-24T15:17:45-04:00] 2026-09-24-MEIC-13:00-CALL CLOSE (HALT) submitted @ 30.00
[2026-09-24T15:17:45-04:00] 2026-09-24-MEIC-14:00-CALL CLOSE (HALT) submitted @ 30.00
[2026-09-24T15:18:17-04:00] 2026-09-24-MEIC-12:00-PUT close REJECTED (Your limit price is significantly away from the current market price. Please adj) — retry 1/3
[2026-09-24T15:18:17-04:00] 2026-09-24-MEIC-12:30-PUT close REJECTED (Your limit price is significantly away from the current market price. Please adj) — retry 1/3
[2026-09-24T15:18:17-04:00] 2026-09-24-MEIC-13:00-CALL close REJECTED (Your limit price is significantly away from the current market price. Please adj) — retry 1/3
[2026-09-24T15:18:18-04:00] 2026-09-24-MEIC-14:00-CALL close REJECTED (Your limit price is significantly away from the current market price. Please adj) — retry 1/3
[2026-09-24T15:18:18-04:00] 2026-09-24-MEIC-12:00-PUT CLOSE (HALT) submitted @ 30.00
[2026-09-24T15:18:19-04:00] 2026-09-24-MEIC-12:30-PUT CLOSE (HALT) submitted @ 30.00
[2026-09-24T15:18:19-04:00] 2026-09-24-MEIC-13:00-CALL CLOSE (HALT) submitted @ 30.00
[2026-09-24T15:18:20-04:00] 2026-09-24-MEIC-14:00-CALL CLOSE (HALT) submitted @ 30.00
[2026-09-24T15:18:51-04:00] 2026-09-24-MEIC-12:00-PUT close REJECTED (Your limit price is significantly away from the current market price. Please adj) — retry 1/3
[2026-09-24T15:18:52-04:00] 2026-09-24-MEIC-12:30-PUT close REJECTED (Your limit price is significantly away from the current market price. Please adj) — retry 1/3
[2026-09-24T15:18:53-04:00] 2026-09-24-MEIC-13:00-CALL close REJECTED (Your limit price is significantly away from the current market price. Please adj) — retry 1/3
[2026-09-24T15:18:53-04:00] 2026-09-24-MEIC-14:00-CALL close REJECTED (Your limit price is significantly away from the current market price. Please adj) — retry 1/3
[2026-09-24T15:18:54-04:00] 2026-09-24-MEIC-12:00-PUT CLOSE (HALT) submitted @ 30.00
[2026-09-24T15:18:54-04:00] 2026-09-24-MEIC-12:30-PUT CLOSE (HALT) submitted @ 30.00
[2026-09-24T15:18:55-04:00] 2026-09-24-MEIC-13:00-CALL CLOSE (HALT) submitted @ 30.00
[2026-09-24T15:18:55-04:00] 2026-09-24-MEIC-14:00-CALL CLOSE (HALT) submitted @ 30.00
[2026-09-24T15:19:27-04:00] 2026-09-24-MEIC-12:00-PUT close REJECTED (Your limit price is significantly away from the current market price. Please adj) — retry 1/3
[2026-09-24T15:19:28-04:00] 2026-09-24-MEIC-12:30-PUT close REJECTED (Your limit price is significantly away from the current market price. Please adj) — retry 1/3
[2026-09-24T15:19:28-04:00] 2026-09-24-MEIC-13:00-CALL close REJECTED (Your limit price is significantly away from the current market price. Please adj) — retry 1/3
[2026-09-24T15:19:29-04:00] 2026-09-24-MEIC-14:00-CALL close REJECTED (Your limit price is significantly away from the current market price. Please adj) — retry 1/3
[2026-09-24T15:19:29-04:00] 2026-09-24-MEIC-12:00-PUT CLOSE (HALT) submitted @ 30.00
[2026-09-24T15:19:30-04:00] 2026-09-24-MEIC-12:30-PUT CLOSE (HALT) submitted @ 30.00
[2026-09-24T15:19:30-04:00] 2026-09-24-MEIC-13:00-CALL CLOSE (HALT) submitted @ 30.00
[2026-09-24T15:19:31-04:00] 2026-09-24-MEIC-14:00-CALL CLOSE (HALT) submitted @ 30.00
[2026-09-24T15:20:03-04:00] 2026-09-24-MEIC-12:00-PUT close REJECTED (Your limit price is significantly away from the current market price. Please adj) — retry 1/3
[2026-09-24T15:20:03-04:00] 2026-09-24-MEIC-12:30-PUT close REJECTED (Your limit price is significantly away from the current market price. Please adj) — retry 1/3
[2026-09-24T15:20:04-04:00] 2026-09-24-MEIC-13:00-CALL close REJECTED (Your limit price is significantly away from the current market price. Please adj) — retry 1/3
[2026-09-24T15:20:04-04:00] 2026-09-24-MEIC-14:00-CALL close REJECTED (Your limit price is significantly away from the current market price. Please adj) — retry 1/3
[2026-09-24T15:20:05-04:00] 2026-09-24-MEIC-12:00-PUT CLOSE (HALT) submitted @ 30.00
[2026-09-24T15:20:05-04:00] 2026-09-24-MEIC-12:30-PUT CLOSE (HALT) submitted @ 30.00
[2026-09-24T15:20:06-04:00] 2026-09-24-MEIC-13:00-CALL CLOSE (HALT) submitted @ 30.00
[2026-09-24T15:20:06-04:00] 2026-09-24-MEIC-14:00-CALL CLOSE (HALT) submitted @ 30.00
[2026-09-24T15:20:38-04:00] 2026-09-24-MEIC-12:00-PUT close REJECTED (Your limit price is significantly away from the current market price. Please adj) — retry 1/3
[2026-09-24T15:20:38-04:00] 2026-09-24-MEIC-12:30-PUT close REJECTED (Your limit price is significantly away from the current market price. Please adj) — retry 1/3
[2026-09-24T15:20:39-04:00] 2026-09-24-MEIC-13:00-CALL close REJECTED (Your limit price is significantly away from the current market price. Please adj) — retry 1/3
[2026-09-24T15:20:39-04:00] 2026-09-24-MEIC-14:00-CALL close REJECTED (Your limit price is significantly away from the current market price. Please adj) — retry 1/3
[2026-09-24T15:20:39-04:00] 2026-09-24-MEIC-12:00-PUT CLOSE (HALT) submitted @ 30.00
[2026-09-24T15:20:40-04:00] 2026-09-24-MEIC-12:30-PUT CLOSE (HALT) submitted @ 30.00
[2026-09-24T15:20:41-04:00] 2026-09-24-MEIC-13:00-CALL CLOSE (HALT) submitted @ 30.00
[2026-09-24T15:20:41-04:00] 2026-09-24-MEIC-14:00-CALL CLOSE (HALT) submitted @ 30.00
[2026-09-24T15:21:13-04:00] 2026-09-24-MEIC-12:00-PUT close REJECTED (Your limit price is significantly away from the current market price. Please adj) — retry 1/3
[2026-09-24T15:21:13-04:00] 2026-09-24-MEIC-12:30-PUT close REJECTED (Your limit price is significantly away from the current market price. Please adj) — retry 1/3
[2026-09-24T15:21:14-04:00] 2026-09-24-MEIC-13:00-CALL close REJECTED (Your limit price is significantly away from the current market price. Please adj) — retry 1/3
[2026-09-24T15:21:15-04:00] 2026-09-24-MEIC-14:00-CALL close REJECTED (Your limit price is significantly away from the current market price. Please adj) — retry 1/3
[2026-09-24T15:21:15-04:00] 2026-09-24-MEIC-12:00-PUT CLOSE (HALT) submitted @ 30.00
[2026-09-24T15:21:15-04:00] 2026-09-24-MEIC-12:30-PUT CLOSE (HALT) submitted @ 30.00
[2026-09-24T15:21:16-04:00] 2026-09-24-MEIC-13:00-CALL CLOSE (HALT) submitted @ 30.00
[2026-09-24T15:21:17-04:00] 2026-09-24-MEIC-14:00-CALL CLOSE (HALT) submitted @ 30.00
[2026-09-24T15:21:48-04:00] 2026-09-24-MEIC-12:00-PUT close REJECTED (Your limit price is significantly away from the current market price. Please adj) — retry 1/3
[2026-09-24T15:21:48-04:00] 2026-09-24-MEIC-12:30-PUT close REJECTED (Your limit price is significantly away from the current market price. Please adj) — retry 1/3
[2026-09-24T15:21:49-04:00] 2026-09-24-MEIC-13:00-CALL close REJECTED (Your limit price is significantly away from the current market price. Please adj) — retry 1/3
[2026-09-24T15:21:49-04:00] 2026-09-24-MEIC-14:00-CALL close REJECTED (Your limit price is significantly away from the current market price. Please adj) — retry 1/3
[2026-09-24T15:21:50-04:00] 2026-09-24-MEIC-12:00-PUT CLOSE (HALT) submitted @ 30.00
[2026-09-24T15:21:50-04:00] 2026-09-24-MEIC-12:30-PUT CLOSE (HALT) submitted @ 30.00
[2026-09-24T15:21:51-04:00] 2026-09-24-MEIC-13:00-CALL CLOSE (HALT) submitted @ 30.00
[2026-09-24T15:21:52-04:00] 2026-09-24-MEIC-14:00-CALL CLOSE (HALT) submitted @ 30.00
[2026-09-24T15:22:23-04:00] 2026-09-24-MEIC-12:00-PUT close REJECTED (Your limit price is significantly away from the current market price. Please adj) — retry 1/3
[2026-09-24T15:22:23-04:00] 2026-09-24-MEIC-12:30-PUT close REJECTED (Your limit price is significantly away from the current market price. Please adj) — retry 1/3
[2026-09-24T15:22:24-04:00] 2026-09-24-MEIC-13:00-CALL close REJECTED (Your limit price is significantly away from the current market price. Please adj) — retry 1/3
[2026-09-24T15:22:24-04:00] 2026-09-24-MEIC-14:00-CALL close REJECTED (Your limit price is significantly away from the current market price. Please adj) — retry 1/3
[2026-09-24T15:22:25-04:00] 2026-09-24-MEIC-12:00-PUT CLOSE (HALT) submitted @ 30.00
[2026-09-24T15:22:25-04:00] 2026-09-24-MEIC-12:30-PUT CLOSE (HALT) submitted @ 30.00
[2026-09-24T15:22:26-04:00] 2026-09-24-MEIC-13:00-CALL CLOSE (HALT) submitted @ 30.00
[2026-09-24T15:22:26-04:00] 2026-09-24-MEIC-14:00-CALL CLOSE (HALT) submitted @ 30.00
[2026-09-24T15:22:57-04:00] 2026-09-24-MEIC-12:00-PUT close REJECTED (Your limit price is significantly away from the current market price. Please adj) — retry 1/3
[2026-09-24T15:22:58-04:00] 2026-09-24-MEIC-12:30-PUT close REJECTED (Your limit price is significantly away from the current market price. Please adj) — retry 1/3
[2026-09-24T15:22:58-04:00] 2026-09-24-MEIC-13:00-CALL close REJECTED (Your limit price is significantly away from the current market price. Please adj) — retry 1/3
[2026-09-24T15:22:59-04:00] 2026-09-24-MEIC-14:00-CALL close REJECTED (Your limit price is significantly away from the current market price. Please adj) — retry 1/3
[2026-09-24T15:22:59-04:00] 2026-09-24-MEIC-12:00-PUT CLOSE (HALT) submitted @ 30.00
[2026-09-24T15:23:00-04:00] 2026-09-24-MEIC-12:30-PUT CLOSE (HALT) submitted @ 30.00
[2026-09-24T15:23:00-04:00] 2026-09-24-MEIC-13:00-CALL CLOSE (HALT) submitted @ 30.00
[2026-09-24T15:23:01-04:00] 2026-09-24-MEIC-14:00-CALL CLOSE (HALT) submitted @ 30.00
[2026-09-24T15:23:32-04:00] 2026-09-24-MEIC-12:00-PUT close REJECTED (Your limit price is significantly away from the current market price. Please adj) — retry 1/3
[2026-09-24T15:23:33-04:00] 2026-09-24-MEIC-12:30-PUT close REJECTED (Your limit price is significantly away from the current market price. Please adj) — retry 1/3
[2026-09-24T15:23:33-04:00] 2026-09-24-MEIC-13:00-CALL close REJECTED (Your limit price is significantly away from the current market price. Please adj) — retry 1/3
[2026-09-24T15:23:34-04:00] 2026-09-24-MEIC-14:00-CALL close REJECTED (Your limit price is significantly away from the current market price. Please adj) — retry 1/3
[2026-09-24T15:23:34-04:00] 2026-09-24-MEIC-12:00-PUT CLOSE (HALT) submitted @ 30.00
[2026-09-24T15:23:35-04:00] 2026-09-24-MEIC-12:30-PUT CLOSE (HALT) submitted @ 30.00
[2026-09-24T15:23:35-04:00] 2026-09-24-MEIC-13:00-CALL CLOSE (HALT) submitted @ 30.00
[2026-09-24T15:23:36-04:00] 2026-09-24-MEIC-14:00-CALL CLOSE (HALT) submitted @ 30.00
[2026-09-24T15:24:07-04:00] 2026-09-24-MEIC-12:00-PUT close REJECTED (Your limit price is significantly away from the current market price. Please adj) — retry 1/3
[2026-09-24T15:24:08-04:00] 2026-09-24-MEIC-12:30-PUT close REJECTED (Your limit price is significantly away from the current market price. Please adj) — retry 1/3
[2026-09-24T15:24:08-04:00] 2026-09-24-MEIC-13:00-CALL close REJECTED (Your limit price is significantly away from the current market price. Please adj) — retry 1/3
[2026-09-24T15:24:09-04:00] 2026-09-24-MEIC-14:00-CALL close REJECTED (Your limit price is significantly away from the current market price. Please adj) — retry 1/3
[2026-09-24T15:24:10-04:00] 2026-09-24-MEIC-12:00-PUT CLOSE (HALT) submitted @ 30.00
[2026-09-24T15:24:10-04:00] 2026-09-24-MEIC-12:30-PUT CLOSE (HALT) submitted @ 30.00
[2026-09-24T15:24:11-04:00] 2026-09-24-MEIC-13:00-CALL CLOSE (HALT) submitted @ 30.00
[2026-09-24T15:24:11-04:00] 2026-09-24-MEIC-14:00-CALL CLOSE (HALT) submitted @ 30.00
[2026-09-24T15:24:43-04:00] 2026-09-24-MEIC-12:00-PUT close REJECTED (Your limit price is significantly away from the current market price. Please adj) — retry 1/3
[2026-09-24T15:24:44-04:00] 2026-09-24-MEIC-12:30-PUT close REJECTED (Your limit price is significantly away from the current market price. Please adj) — retry 1/3
[2026-09-24T15:24:44-04:00] 2026-09-24-MEIC-13:00-CALL close REJECTED (Your limit price is significantly away from the current market price. Please adj) — retry 1/3
[2026-09-24T15:24:44-04:00] 2026-09-24-MEIC-14:00-CALL close REJECTED (Your limit price is significantly away from the current market price. Please adj) — retry 1/3
[2026-09-24T15:24:45-04:00] 2026-09-24-MEIC-12:00-PUT CLOSE (HALT) submitted @ 30.00
[2026-09-24T15:24:45-04:00] 2026-09-24-MEIC-12:30-PUT CLOSE (HALT) submitted @ 30.00
[2026-09-24T15:24:46-04:00] 2026-09-24-MEIC-13:00-CALL CLOSE (HALT) submitted @ 30.00
[2026-09-24T15:24:46-04:00] 2026-09-24-MEIC-14:00-CALL CLOSE (HALT) submitted @ 30.00
[2026-09-24T15:25:18-04:00] 2026-09-24-MEIC-12:00-PUT close REJECTED (Your limit price is significantly away from the current market price. Please adj) — retry 1/3
[2026-09-24T15:25:18-04:00] 2026-09-24-MEIC-12:30-PUT close REJECTED (Your limit price is significantly away from the current market price. Please adj) — retry 1/3
[2026-09-24T15:25:19-04:00] 2026-09-24-MEIC-13:00-CALL close REJECTED (Your limit price is significantly away from the current market price. Please adj) — retry 1/3
[2026-09-24T15:25:19-04:00] 2026-09-24-MEIC-14:00-CALL close REJECTED (Your limit price is significantly away from the current market price. Please adj) — retry 1/3
[2026-09-24T15:25:20-04:00] 2026-09-24-MEIC-12:00-PUT CLOSE (HALT) submitted @ 30.00
[2026-09-24T15:25:20-04:00] 2026-09-24-MEIC-12:30-PUT CLOSE (HALT) submitted @ 30.00
[2026-09-24T15:25:21-04:00] 2026-09-24-MEIC-13:00-CALL CLOSE (HALT) submitted @ 30.00
[2026-09-24T15:25:21-04:00] 2026-09-24-MEIC-14:00-CALL CLOSE (HALT) submitted @ 30.00
[2026-09-24T15:25:53-04:00] 2026-09-24-MEIC-12:00-PUT close REJECTED (Your limit price is significantly away from the current market price. Please adj) — retry 1/3
[2026-09-24T15:25:53-04:00] 2026-09-24-MEIC-12:30-PUT close REJECTED (Your limit price is significantly away from the current market price. Please adj) — retry 1/3
[2026-09-24T15:25:54-04:00] 2026-09-24-MEIC-13:00-CALL close REJECTED (Your limit price is significantly away from the current market price. Please adj) — retry 1/3
[2026-09-24T15:25:54-04:00] 2026-09-24-MEIC-14:00-CALL close REJECTED (Your limit price is significantly away from the current market price. Please adj) — retry 1/3
[2026-09-24T15:25:55-04:00] 2026-09-24-MEIC-12:00-PUT CLOSE (HALT) submitted @ 30.00
[2026-09-24T15:25:55-04:00] 2026-09-24-MEIC-12:30-PUT CLOSE (HALT) submitted @ 30.00
[2026-09-24T15:25:56-04:00] 2026-09-24-MEIC-13:00-CALL CLOSE (HALT) submitted @ 30.00
[2026-09-24T15:25:56-04:00] 2026-09-24-MEIC-14:00-CALL CLOSE (HALT) submitted @ 30.00
[2026-09-24T15:26:28-04:00] 2026-09-24-MEIC-12:00-PUT close REJECTED (Your limit price is significantly away from the current market price. Please adj) — retry 1/3
[2026-09-24T15:26:28-04:00] 2026-09-24-MEIC-12:30-PUT close REJECTED (Your limit price is significantly away from the current market price. Please adj) — retry 1/3
[2026-09-24T15:26:28-04:00] 2026-09-24-MEIC-13:00-CALL close REJECTED (Your limit price is significantly away from the current market price. Please adj) — retry 1/3
[2026-09-24T15:26:29-04:00] 2026-09-24-MEIC-14:00-CALL close REJECTED (Your limit price is significantly away from the current market price. Please adj) — retry 1/3
[2026-09-24T15:26:30-04:00] 2026-09-24-MEIC-12:00-PUT CLOSE (HALT) submitted @ 30.00
[2026-09-24T15:26:30-04:00] 2026-09-24-MEIC-12:30-PUT CLOSE (HALT) submitted @ 30.00
[2026-09-24T15:26:31-04:00] 2026-09-24-MEIC-13:00-CALL CLOSE (HALT) submitted @ 30.00
[2026-09-24T15:26:31-04:00] 2026-09-24-MEIC-14:00-CALL CLOSE (HALT) submitted @ 30.00
[2026-09-24T15:27:03-04:00] 2026-09-24-MEIC-12:00-PUT close REJECTED (Your limit price is significantly away from the current market price. Please adj) — retry 1/3
[2026-09-24T15:27:03-04:00] 2026-09-24-MEIC-12:30-PUT close REJECTED (Your limit price is significantly away from the current market price. Please adj) — retry 1/3
[2026-09-24T15:27:04-04:00] 2026-09-24-MEIC-13:00-CALL close REJECTED (Your limit price is significantly away from the current market price. Please adj) — retry 1/3
[2026-09-24T15:27:04-04:00] 2026-09-24-MEIC-14:00-CALL close REJECTED (Your limit price is significantly away from the current market price. Please adj) — retry 1/3
[2026-09-24T15:27:05-04:00] 2026-09-24-MEIC-12:00-PUT CLOSE (HALT) submitted @ 30.00
[2026-09-24T15:27:05-04:00] 2026-09-24-MEIC-12:30-PUT CLOSE (HALT) submitted @ 30.00
[2026-09-24T15:27:06-04:00] 2026-09-24-MEIC-13:00-CALL CLOSE (HALT) submitted @ 30.00
[2026-09-24T15:27:06-04:00] 2026-09-24-MEIC-14:00-CALL CLOSE (HALT) submitted @ 30.00
[2026-09-24T15:27:37-04:00] 2026-09-24-MEIC-12:00-PUT close REJECTED (Your limit price is significantly away from the current market price. Please adj) — retry 1/3
[2026-09-24T15:27:38-04:00] 2026-09-24-MEIC-12:30-PUT close REJECTED (Your limit price is significantly away from the current market price. Please adj) — retry 1/3
[2026-09-24T15:27:38-04:00] 2026-09-24-MEIC-13:00-CALL close REJECTED (Your limit price is significantly away from the current market price. Please adj) — retry 1/3
[2026-09-24T15:27:39-04:00] 2026-09-24-MEIC-14:00-CALL close REJECTED (Your limit price is significantly away from the current market price. Please adj) — retry 1/3
[2026-09-24T15:27:39-04:00] 2026-09-24-MEIC-12:00-PUT CLOSE (HALT) submitted @ 30.00
[2026-09-24T15:27:40-04:00] 2026-09-24-MEIC-12:30-PUT CLOSE (HALT) submitted @ 30.00
[2026-09-24T15:27:40-04:00] 2026-09-24-MEIC-13:00-CALL CLOSE (HALT) submitted @ 30.00
[2026-09-24T15:27:41-04:00] 2026-09-24-MEIC-14:00-CALL CLOSE (HALT) submitted @ 30.00
[2026-09-24T15:28:12-04:00] 2026-09-24-MEIC-12:00-PUT close REJECTED (Your limit price is significantly away from the current market price. Please adj) — retry 1/3
[2026-09-24T15:28:13-04:00] 2026-09-24-MEIC-12:30-PUT close REJECTED (Your limit price is significantly away from the current market price. Please adj) — retry 1/3
[2026-09-24T15:28:13-04:00] 2026-09-24-MEIC-13:00-CALL close REJECTED (Your limit price is significantly away from the current market price. Please adj) — retry 1/3
[2026-09-24T15:28:13-04:00] 2026-09-24-MEIC-14:00-CALL close REJECTED (Your limit price is significantly away from the current market price. Please adj) — retry 1/3
[2026-09-24T15:28:14-04:00] 2026-09-24-MEIC-12:00-PUT CLOSE (HALT) submitted @ 30.00
[2026-09-24T15:28:14-04:00] 2026-09-24-MEIC-12:30-PUT CLOSE (HALT) submitted @ 30.00
[2026-09-24T15:28:15-04:00] 2026-09-24-MEIC-13:00-CALL CLOSE (HALT) submitted @ 30.00
[2026-09-24T15:28:16-04:00] 2026-09-24-MEIC-14:00-CALL CLOSE (HALT) submitted @ 30.00
[2026-09-24T15:28:47-04:00] 2026-09-24-MEIC-12:00-PUT close REJECTED (Your limit price is significantly away from the current market price. Please adj) — retry 1/3
[2026-09-24T15:28:47-04:00] 2026-09-24-MEIC-12:30-PUT close REJECTED (Your limit price is significantly away from the current market price. Please adj) — retry 1/3
[2026-09-24T15:28:48-04:00] 2026-09-24-MEIC-13:00-CALL close REJECTED (Your limit price is significantly away from the current market price. Please adj) — retry 1/3
[2026-09-24T15:28:48-04:00] 2026-09-24-MEIC-14:00-CALL close REJECTED (Your limit price is significantly away from the current market price. Please adj) — retry 1/3
[2026-09-24T15:28:49-04:00] 2026-09-24-MEIC-12:00-PUT CLOSE (HALT) submitted @ 30.00
[2026-09-24T15:28:49-04:00] 2026-09-24-MEIC-12:30-PUT CLOSE (HALT) submitted @ 30.00
[2026-09-24T15:28:50-04:00] 2026-09-24-MEIC-13:00-CALL CLOSE (HALT) submitted @ 30.00
[2026-09-24T15:28:50-04:00] 2026-09-24-MEIC-14:00-CALL CLOSE (HALT) submitted @ 30.00
[2026-09-24T15:29:21-04:00] 2026-09-24-MEIC-12:00-PUT close REJECTED (Your limit price is significantly away from the current market price. Please adj) — retry 1/3
[2026-09-24T15:29:22-04:00] 2026-09-24-MEIC-12:30-PUT close REJECTED (Your limit price is significantly away from the current market price. Please adj) — retry 1/3
[2026-09-24T15:29:22-04:00] 2026-09-24-MEIC-13:00-CALL close REJECTED (Your limit price is significantly away from the current market price. Please adj) — retry 1/3
[2026-09-24T15:29:23-04:00] 2026-09-24-MEIC-14:00-CALL close REJECTED (Your limit price is significantly away from the current market price. Please adj) — retry 1/3
[2026-09-24T15:29:23-04:00] 2026-09-24-MEIC-12:00-PUT CLOSE (HALT) submitted @ 30.00
[2026-09-24T15:29:24-04:00] 2026-09-24-MEIC-12:30-PUT CLOSE (HALT) submitted @ 30.00
[2026-09-24T15:29:24-04:00] 2026-09-24-MEIC-13:00-CALL CLOSE (HALT) submitted @ 30.00
[2026-09-24T15:29:25-04:00] 2026-09-24-MEIC-14:00-CALL CLOSE (HALT) submitted @ 30.00
[2026-09-24T15:29:56-04:00] 2026-09-24-MEIC-12:00-PUT close REJECTED (Your limit price is significantly away from the current market price. Please adj) — retry 1/3
[2026-09-24T15:29:57-04:00] 2026-09-24-MEIC-12:30-PUT close REJECTED (Your limit price is significantly away from the current market price. Please adj) — retry 1/3
[2026-09-24T15:29:57-04:00] 2026-09-24-MEIC-13:00-CALL close REJECTED (Your limit price is significantly away from the current market price. Please adj) — retry 1/3
[2026-09-24T15:29:58-04:00] 2026-09-24-MEIC-14:00-CALL close REJECTED (Your limit price is significantly away from the current market price. Please adj) — retry 1/3
[2026-09-24T15:29:58-04:00] 2026-09-24-MEIC-12:00-PUT CLOSE (HALT) submitted @ 30.00
[2026-09-24T15:29:59-04:00] 2026-09-24-MEIC-12:30-PUT CLOSE (HALT) submitted @ 30.00
[2026-09-24T15:29:59-04:00] 2026-09-24-MEIC-13:00-CALL CLOSE (HALT) submitted @ 30.00
[2026-09-24T15:30:00-04:00] 2026-09-24-MEIC-14:00-CALL CLOSE (HALT) submitted @ 30.00
[2026-09-24T15:30:31-04:00] 2026-09-24-MEIC-12:00-PUT close REJECTED (Your limit price is significantly away from the current market price. Please adj) — retry 1/3
[2026-09-24T15:30:32-04:00] 2026-09-24-MEIC-12:30-PUT close REJECTED (Your limit price is significantly away from the current market price. Please adj) — retry 1/3
[2026-09-24T15:30:32-04:00] 2026-09-24-MEIC-13:00-CALL close REJECTED (Your limit price is significantly away from the current market price. Please adj) — retry 1/3
[2026-09-24T15:30:33-04:00] 2026-09-24-MEIC-14:00-CALL close REJECTED (Your limit price is significantly away from the current market price. Please adj) — retry 1/3
[2026-09-24T15:30:33-04:00] 2026-09-24-MEIC-12:00-PUT CLOSE (HALT) submitted @ 30.00
[2026-09-24T15:30:34-04:00] 2026-09-24-MEIC-12:30-PUT CLOSE (HALT) submitted @ 30.00
[2026-09-24T15:30:35-04:00] 2026-09-24-MEIC-13:00-CALL CLOSE (HALT) submitted @ 30.00
[2026-09-24T15:30:35-04:00] 2026-09-24-MEIC-14:00-CALL CLOSE (HALT) submitted @ 30.00
[2026-09-24T15:31:07-04:00] 2026-09-24-MEIC-12:00-PUT close REJECTED (Your limit price is significantly away from the current market price. Please adj) — retry 1/3
[2026-09-24T15:31:08-04:00] 2026-09-24-MEIC-12:30-PUT close REJECTED (Your limit price is significantly away from the current market price. Please adj) — retry 1/3
[2026-09-24T15:31:08-04:00] 2026-09-24-MEIC-13:00-CALL close REJECTED (Your limit price is significantly away from the current market price. Please adj) — retry 1/3
[2026-09-24T15:31:08-04:00] 2026-09-24-MEIC-14:00-CALL close REJECTED (Your limit price is significantly away from the current market price. Please adj) — retry 1/3
[2026-09-24T15:31:09-04:00] 2026-09-24-MEIC-12:00-PUT CLOSE (HALT) submitted @ 30.00
[2026-09-24T15:31:10-04:00] 2026-09-24-MEIC-12:30-PUT CLOSE (HALT) submitted @ 30.00
[2026-09-24T15:31:10-04:00] 2026-09-24-MEIC-13:00-CALL CLOSE (HALT) submitted @ 30.00
[2026-09-24T15:31:11-04:00] 2026-09-24-MEIC-14:00-CALL CLOSE (HALT) submitted @ 30.00
[2026-09-24T15:31:42-04:00] 2026-09-24-MEIC-12:00-PUT close REJECTED (Your limit price is significantly away from the current market price. Please adj) — retry 1/3
[2026-09-24T15:31:42-04:00] 2026-09-24-MEIC-12:30-PUT close REJECTED (Your limit price is significantly away from the current market price. Please adj) — retry 1/3
[2026-09-24T15:31:43-04:00] 2026-09-24-MEIC-13:00-CALL close REJECTED (Your limit price is significantly away from the current market price. Please adj) — retry 1/3
[2026-09-24T15:31:43-04:00] 2026-09-24-MEIC-14:00-CALL close REJECTED (Your limit price is significantly away from the current market price. Please adj) — retry 1/3
[2026-09-24T15:31:43-04:00] 2026-09-24-MEIC-12:00-PUT CLOSE (HALT) submitted @ 30.00
[2026-09-24T15:31:44-04:00] 2026-09-24-MEIC-12:30-PUT CLOSE (HALT) submitted @ 30.00
[2026-09-24T15:31:44-04:00] 2026-09-24-MEIC-13:00-CALL CLOSE (HALT) submitted @ 30.00
[2026-09-24T15:31:45-04:00] 2026-09-24-MEIC-14:00-CALL CLOSE (HALT) submitted @ 30.00
[2026-09-24T15:32:16-04:00] 2026-09-24-MEIC-12:00-PUT close REJECTED (Your limit price is significantly away from the current market price. Please adj) — retry 1/3
[2026-09-24T15:32:17-04:00] 2026-09-24-MEIC-12:30-PUT close REJECTED (Your limit price is significantly away from the current market price. Please adj) — retry 1/3
[2026-09-24T15:32:17-04:00] 2026-09-24-MEIC-13:00-CALL close REJECTED (Your limit price is significantly away from the current market price. Please adj) — retry 1/3
[2026-09-24T15:32:17-04:00] 2026-09-24-MEIC-14:00-CALL close REJECTED (Your limit price is significantly away from the current market price. Please adj) — retry 1/3
[2026-09-24T15:32:18-04:00] 2026-09-24-MEIC-12:00-PUT CLOSE (HALT) submitted @ 30.00
[2026-09-24T15:32:18-04:00] 2026-09-24-MEIC-12:30-PUT CLOSE (HALT) submitted @ 30.00
[2026-09-24T15:32:19-04:00] 2026-09-24-MEIC-13:00-CALL CLOSE (HALT) submitted @ 30.00
[2026-09-24T15:32:19-04:00] 2026-09-24-MEIC-14:00-CALL CLOSE (HALT) submitted @ 30.00
[2026-09-24T15:32:51-04:00] 2026-09-24-MEIC-12:00-PUT close REJECTED (Your limit price is significantly away from the current market price. Please adj) — retry 1/3
[2026-09-24T15:32:51-04:00] 2026-09-24-MEIC-12:30-PUT close REJECTED (Your limit price is significantly away from the current market price. Please adj) — retry 1/3
[2026-09-24T15:32:51-04:00] 2026-09-24-MEIC-13:00-CALL close REJECTED (Your limit price is significantly away from the current market price. Please adj) — retry 1/3
[2026-09-24T15:32:52-04:00] 2026-09-24-MEIC-14:00-CALL close REJECTED (Your limit price is significantly away from the current market price. Please adj) — retry 1/3
[2026-09-24T15:32:52-04:00] 2026-09-24-MEIC-12:00-PUT CLOSE (HALT) submitted @ 30.00
[2026-09-24T15:32:53-04:00] 2026-09-24-MEIC-12:30-PUT CLOSE (HALT) submitted @ 30.00
[2026-09-24T15:32:53-04:00] 2026-09-24-MEIC-13:00-CALL CLOSE (HALT) submitted @ 30.00
[2026-09-24T15:32:54-04:00] 2026-09-24-MEIC-14:00-CALL CLOSE (HALT) submitted @ 30.00
[2026-09-24T15:33:25-04:00] 2026-09-24-MEIC-12:00-PUT close REJECTED (Your limit price is significantly away from the current market price. Please adj) — retry 1/3
[2026-09-24T15:33:26-04:00] 2026-09-24-MEIC-12:30-PUT close REJECTED (Your limit price is significantly away from the current market price. Please adj) — retry 1/3
[2026-09-24T15:33:26-04:00] 2026-09-24-MEIC-13:00-CALL close REJECTED (Your limit price is significantly away from the current market price. Please adj) — retry 1/3
[2026-09-24T15:33:27-04:00] 2026-09-24-MEIC-14:00-CALL close REJECTED (Your limit price is significantly away from the current market price. Please adj) — retry 1/3
[2026-09-24T15:33:27-04:00] 2026-09-24-MEIC-12:00-PUT CLOSE (HALT) submitted @ 30.00
[2026-09-24T15:33:28-04:00] 2026-09-24-MEIC-12:30-PUT CLOSE (HALT) submitted @ 30.00
[2026-09-24T15:33:28-04:00] 2026-09-24-MEIC-13:00-CALL CLOSE (HALT) submitted @ 30.00
[2026-09-24T15:33:29-04:00] 2026-09-24-MEIC-14:00-CALL CLOSE (HALT) submitted @ 30.00
[2026-09-24T15:34:00-04:00] 2026-09-24-MEIC-12:00-PUT close REJECTED (Your limit price is significantly away from the current market price. Please adj) — retry 1/3
[2026-09-24T15:34:01-04:00] 2026-09-24-MEIC-12:30-PUT close REJECTED (Your limit price is significantly away from the current market price. Please adj) — retry 1/3
[2026-09-24T15:34:02-04:00] 2026-09-24-MEIC-13:00-CALL close REJECTED (Your limit price is significantly away from the current market price. Please adj) — retry 1/3
[2026-09-24T15:34:02-04:00] 2026-09-24-MEIC-14:00-CALL close REJECTED (Your limit price is significantly away from the current market price. Please adj) — retry 1/3
[2026-09-24T15:34:02-04:00] 2026-09-24-MEIC-12:00-PUT CLOSE (HALT) submitted @ 30.00
[2026-09-24T15:34:03-04:00] 2026-09-24-MEIC-12:30-PUT CLOSE (HALT) submitted @ 30.00
[2026-09-24T15:34:03-04:00] 2026-09-24-MEIC-13:00-CALL CLOSE (HALT) submitted @ 30.00
[2026-09-24T15:34:04-04:00] 2026-09-24-MEIC-14:00-CALL CLOSE (HALT) submitted @ 30.00
[2026-09-24T15:34:35-04:00] 2026-09-24-MEIC-12:00-PUT close REJECTED (Your limit price is significantly away from the current market price. Please adj) — retry 1/3
[2026-09-24T15:34:36-04:00] 2026-09-24-MEIC-12:30-PUT close REJECTED (Your limit price is significantly away from the current market price. Please adj) — retry 1/3
[2026-09-24T15:34:36-04:00] 2026-09-24-MEIC-13:00-CALL close REJECTED (Your limit price is significantly away from the current market price. Please adj) — retry 1/3
[2026-09-24T15:34:37-04:00] 2026-09-24-MEIC-14:00-CALL close REJECTED (Your limit price is significantly away from the current market price. Please adj) — retry 1/3
[2026-09-24T15:34:38-04:00] 2026-09-24-MEIC-12:00-PUT CLOSE (HALT) submitted @ 30.00
[2026-09-24T15:34:38-04:00] 2026-09-24-MEIC-12:30-PUT CLOSE (HALT) submitted @ 30.00
[2026-09-24T15:34:40-04:00] 2026-09-24-MEIC-13:00-CALL CLOSE (HALT) submitted @ 30.00
[2026-09-24T15:34:40-04:00] 2026-09-24-MEIC-14:00-CALL CLOSE (HALT) submitted @ 30.00
[2026-09-24T15:35:12-04:00] 2026-09-24-MEIC-12:00-PUT close REJECTED (Your limit price is significantly away from the current market price. Please adj) — retry 1/3
[2026-09-24T15:35:12-04:00] 2026-09-24-MEIC-12:30-PUT close REJECTED (Your limit price is significantly away from the current market price. Please adj) — retry 1/3
[2026-09-24T15:35:13-04:00] 2026-09-24-MEIC-13:00-CALL close REJECTED (Your limit price is significantly away from the current market price. Please adj) — retry 1/3
[2026-09-24T15:35:13-04:00] 2026-09-24-MEIC-14:00-CALL close REJECTED (Your limit price is significantly away from the current market price. Please adj) — retry 1/3
[2026-09-24T15:35:13-04:00] 2026-09-24-MEIC-12:00-PUT CLOSE (HALT) submitted @ 30.00
[2026-09-24T15:35:14-04:00] 2026-09-24-MEIC-12:30-PUT CLOSE (HALT) submitted @ 30.00
[2026-09-24T15:35:15-04:00] 2026-09-24-MEIC-13:00-CALL CLOSE (HALT) submitted @ 30.00
[2026-09-24T15:35:15-04:00] 2026-09-24-MEIC-14:00-CALL CLOSE (HALT) submitted @ 30.00
[2026-09-24T15:35:46-04:00] 2026-09-24-MEIC-12:00-PUT close REJECTED (Your limit price is significantly away from the current market price. Please adj) — retry 1/3
[2026-09-24T15:35:47-04:00] 2026-09-24-MEIC-12:30-PUT close REJECTED (Your limit price is significantly away from the current market price. Please adj) — retry 1/3
[2026-09-24T15:35:47-04:00] 2026-09-24-MEIC-13:00-CALL close REJECTED (Your limit price is significantly away from the current market price. Please adj) — retry 1/3
[2026-09-24T15:35:47-04:00] 2026-09-24-MEIC-14:00-CALL close REJECTED (Your limit price is significantly away from the current market price. Please adj) — retry 1/3
[2026-09-24T15:35:48-04:00] 2026-09-24-MEIC-12:00-PUT CLOSE (HALT) submitted @ 30.00
[2026-09-24T15:35:48-04:00] 2026-09-24-MEIC-12:30-PUT CLOSE (HALT) submitted @ 30.00
[2026-09-24T15:35:49-04:00] 2026-09-24-MEIC-13:00-CALL CLOSE (HALT) submitted @ 30.00
[2026-09-24T15:35:49-04:00] 2026-09-24-MEIC-14:00-CALL CLOSE (HALT) submitted @ 30.00
[2026-09-24T15:36:20-04:00] 2026-09-24-MEIC-12:00-PUT close REJECTED (Your limit price is significantly away from the current market price. Please adj) — retry 1/3
[2026-09-24T15:36:21-04:00] 2026-09-24-MEIC-12:30-PUT close REJECTED (Your limit price is significantly away from the current market price. Please adj) — retry 1/3
[2026-09-24T15:36:21-04:00] 2026-09-24-MEIC-13:00-CALL close REJECTED (Your limit price is significantly away from the current market price. Please adj) — retry 1/3
[2026-09-24T15:36:22-04:00] 2026-09-24-MEIC-14:00-CALL close REJECTED (Your limit price is significantly away from the current market price. Please adj) — retry 1/3
[2026-09-24T15:36:22-04:00] 2026-09-24-MEIC-12:00-PUT CLOSE (HALT) submitted @ 30.00
[2026-09-24T15:36:23-04:00] 2026-09-24-MEIC-12:30-PUT CLOSE (HALT) submitted @ 30.00
[2026-09-24T15:36:23-04:00] 2026-09-24-MEIC-13:00-CALL CLOSE (HALT) submitted @ 30.00
[2026-09-24T15:36:24-04:00] 2026-09-24-MEIC-14:00-CALL CLOSE (HALT) submitted @ 30.00
[2026-09-24T15:36:55-04:00] 2026-09-24-MEIC-12:00-PUT close REJECTED (Your limit price is significantly away from the current market price. Please adj) — retry 1/3
[2026-09-24T15:36:55-04:00] 2026-09-24-MEIC-12:30-PUT close REJECTED (Your limit price is significantly away from the current market price. Please adj) — retry 1/3
[2026-09-24T15:36:56-04:00] 2026-09-24-MEIC-13:00-CALL close REJECTED (Your limit price is significantly away from the current market price. Please adj) — retry 1/3
[2026-09-24T15:36:56-04:00] 2026-09-24-MEIC-14:00-CALL close REJECTED (Your limit price is significantly away from the current market price. Please adj) — retry 1/3
[2026-09-24T15:36:57-04:00] 2026-09-24-MEIC-12:00-PUT CLOSE (HALT) submitted @ 30.00
[2026-09-24T15:36:57-04:00] 2026-09-24-MEIC-12:30-PUT CLOSE (HALT) submitted @ 30.00
[2026-09-24T15:36:58-04:00] 2026-09-24-MEIC-13:00-CALL CLOSE (HALT) submitted @ 30.00
[2026-09-24T15:36:58-04:00] 2026-09-24-MEIC-14:00-CALL CLOSE (HALT) submitted @ 30.00
[2026-09-24T15:37:30-04:00] 2026-09-24-MEIC-12:00-PUT close REJECTED (Your limit price is significantly away from the current market price. Please adj) — retry 1/3
[2026-09-24T15:37:30-04:00] 2026-09-24-MEIC-12:30-PUT close REJECTED (Your limit price is significantly away from the current market price. Please adj) — retry 1/3
[2026-09-24T15:37:31-04:00] 2026-09-24-MEIC-13:00-CALL close REJECTED (Your limit price is significantly away from the current market price. Please adj) — retry 1/3
[2026-09-24T15:37:31-04:00] 2026-09-24-MEIC-14:00-CALL close REJECTED (Your limit price is significantly away from the current market price. Please adj) — retry 1/3
[2026-09-24T15:37:32-04:00] 2026-09-24-MEIC-12:00-PUT CLOSE (HALT) submitted @ 30.00
[2026-09-24T15:37:32-04:00] 2026-09-24-MEIC-12:30-PUT CLOSE (HALT) submitted @ 30.00
[2026-09-24T15:37:33-04:00] 2026-09-24-MEIC-13:00-CALL CLOSE (HALT) submitted @ 30.00
[2026-09-24T15:37:33-04:00] 2026-09-24-MEIC-14:00-CALL CLOSE (HALT) submitted @ 30.00
[2026-09-24T15:38:04-04:00] 2026-09-24-MEIC-12:00-PUT close REJECTED (Your limit price is significantly away from the current market price. Please adj) — retry 1/3
[2026-09-24T15:38:05-04:00] 2026-09-24-MEIC-12:30-PUT close REJECTED (Your limit price is significantly away from the current market price. Please adj) — retry 1/3
[2026-09-24T15:38:05-04:00] 2026-09-24-MEIC-13:00-CALL close REJECTED (Your limit price is significantly away from the current market price. Please adj) — retry 1/3
[2026-09-24T15:38:06-04:00] 2026-09-24-MEIC-14:00-CALL close REJECTED (Your limit price is significantly away from the current market price. Please adj) — retry 1/3
[2026-09-24T15:38:06-04:00] 2026-09-24-MEIC-12:00-PUT CLOSE (HALT) submitted @ 30.00
[2026-09-24T15:38:07-04:00] 2026-09-24-MEIC-12:30-PUT CLOSE (HALT) submitted @ 30.00
[2026-09-24T15:38:07-04:00] 2026-09-24-MEIC-13:00-CALL CLOSE (HALT) submitted @ 30.00
[2026-09-24T15:38:08-04:00] 2026-09-24-MEIC-14:00-CALL CLOSE (HALT) submitted @ 30.00
[2026-09-24T15:38:39-04:00] 2026-09-24-MEIC-12:00-PUT close REJECTED (Your limit price is significantly away from the current market price. Please adj) — retry 1/3
[2026-09-24T15:38:39-04:00] 2026-09-24-MEIC-12:30-PUT close REJECTED (Your limit price is significantly away from the current market price. Please adj) — retry 1/3
[2026-09-24T15:38:40-04:00] 2026-09-24-MEIC-13:00-CALL close REJECTED (Your limit price is significantly away from the current market price. Please adj) — retry 1/3
[2026-09-24T15:38:40-04:00] 2026-09-24-MEIC-14:00-CALL close REJECTED (Your limit price is significantly away from the current market price. Please adj) — retry 1/3
[2026-09-24T15:38:41-04:00] 2026-09-24-MEIC-12:00-PUT CLOSE (HALT) submitted @ 30.00
[2026-09-24T15:38:42-04:00] 2026-09-24-MEIC-12:30-PUT CLOSE (HALT) submitted @ 30.00
[2026-09-24T15:38:42-04:00] 2026-09-24-MEIC-13:00-CALL CLOSE (HALT) submitted @ 30.00
[2026-09-24T15:38:43-04:00] 2026-09-24-MEIC-14:00-CALL CLOSE (HALT) submitted @ 30.00
[2026-09-24T15:39:14-04:00] 2026-09-24-MEIC-12:00-PUT close REJECTED (Your limit price is significantly away from the current market price. Please adj) — retry 1/3
[2026-09-24T15:39:15-04:00] 2026-09-24-MEIC-12:30-PUT close REJECTED (Your limit price is significantly away from the current market price. Please adj) — retry 1/3
[2026-09-24T15:39:15-04:00] 2026-09-24-MEIC-13:00-CALL close REJECTED (Your limit price is significantly away from the current market price. Please adj) — retry 1/3
[2026-09-24T15:39:16-04:00] 2026-09-24-MEIC-14:00-CALL close REJECTED (Your limit price is significantly away from the current market price. Please adj) — retry 1/3
[2026-09-24T15:39:16-04:00] 2026-09-24-MEIC-12:00-PUT CLOSE (HALT) submitted @ 30.00
[2026-09-24T15:39:17-04:00] 2026-09-24-MEIC-12:30-PUT CLOSE (HALT) submitted @ 30.00
[2026-09-24T15:39:17-04:00] 2026-09-24-MEIC-13:00-CALL CLOSE (HALT) submitted @ 30.00
[2026-09-24T15:39:18-04:00] 2026-09-24-MEIC-14:00-CALL CLOSE (HALT) submitted @ 30.00
[2026-09-24T15:39:49-04:00] 2026-09-24-MEIC-12:00-PUT close REJECTED (Your limit price is significantly away from the current market price. Please adj) — retry 1/3
[2026-09-24T15:39:50-04:00] 2026-09-24-MEIC-12:30-PUT close REJECTED (Your limit price is significantly away from the current market price. Please adj) — retry 1/3
[2026-09-24T15:39:50-04:00] 2026-09-24-MEIC-13:00-CALL close REJECTED (Your limit price is significantly away from the current market price. Please adj) — retry 1/3
[2026-09-24T15:39:51-04:00] 2026-09-24-MEIC-14:00-CALL close REJECTED (Your limit price is significantly away from the current market price. Please adj) — retry 1/3
[2026-09-24T15:39:51-04:00] 2026-09-24-MEIC-12:00-PUT CLOSE (HALT) submitted @ 30.00
[2026-09-24T15:39:52-04:00] 2026-09-24-MEIC-12:30-PUT CLOSE (HALT) submitted @ 30.00
[2026-09-24T15:39:52-04:00] 2026-09-24-MEIC-13:00-CALL CLOSE (HALT) submitted @ 30.00
[2026-09-24T15:39:52-04:00] 2026-09-24-MEIC-14:00-CALL CLOSE (HALT) submitted @ 30.00
[2026-09-24T15:40:24-04:00] 2026-09-24-MEIC-12:00-PUT close REJECTED (Your limit price is significantly away from the current market price. Please adj) — retry 1/3
[2026-09-24T15:40:24-04:00] 2026-09-24-MEIC-12:30-PUT close REJECTED (Your limit price is significantly away from the current market price. Please adj) — retry 1/3
[2026-09-24T15:40:25-04:00] 2026-09-24-MEIC-13:00-CALL close REJECTED (Your limit price is significantly away from the current market price. Please adj) — retry 1/3
[2026-09-24T15:40:25-04:00] 2026-09-24-MEIC-14:00-CALL close REJECTED (Your limit price is significantly away from the current market price. Please adj) — retry 1/3
[2026-09-24T15:40:26-04:00] 2026-09-24-MEIC-12:00-PUT CLOSE (HALT) submitted @ 30.00
[2026-09-24T15:40:26-04:00] 2026-09-24-MEIC-12:30-PUT CLOSE (HALT) submitted @ 30.00
[2026-09-24T15:40:27-04:00] 2026-09-24-MEIC-13:00-CALL CLOSE (HALT) submitted @ 30.00
[2026-09-24T15:40:27-04:00] 2026-09-24-MEIC-14:00-CALL CLOSE (HALT) submitted @ 30.00
[2026-09-24T15:40:59-04:00] 2026-09-24-MEIC-12:00-PUT close REJECTED (Your limit price is significantly away from the current market price. Please adj) — retry 1/3
[2026-09-24T15:40:59-04:00] 2026-09-24-MEIC-12:30-PUT close REJECTED (Your limit price is significantly away from the current market price. Please adj) — retry 1/3
[2026-09-24T15:40:59-04:00] 2026-09-24-MEIC-13:00-CALL close REJECTED (Your limit price is significantly away from the current market price. Please adj) — retry 1/3
[2026-09-24T15:41:00-04:00] 2026-09-24-MEIC-14:00-CALL close REJECTED (Your limit price is significantly away from the current market price. Please adj) — retry 1/3
[2026-09-24T15:41:00-04:00] 2026-09-24-MEIC-12:00-PUT CLOSE (HALT) submitted @ 30.00
[2026-09-24T15:41:01-04:00] 2026-09-24-MEIC-12:30-PUT CLOSE (HALT) submitted @ 30.00
[2026-09-24T15:41:01-04:00] 2026-09-24-MEIC-13:00-CALL CLOSE (HALT) submitted @ 30.00
[2026-09-24T15:41:02-04:00] 2026-09-24-MEIC-14:00-CALL CLOSE (HALT) submitted @ 30.00
[2026-09-24T15:41:33-04:00] 2026-09-24-MEIC-12:00-PUT close REJECTED (Your limit price is significantly away from the current market price. Please adj) — retry 1/3
[2026-09-24T15:41:33-04:00] 2026-09-24-MEIC-12:30-PUT close REJECTED (Your limit price is significantly away from the current market price. Please adj) — retry 1/3
[2026-09-24T15:41:34-04:00] 2026-09-24-MEIC-13:00-CALL close REJECTED (Your limit price is significantly away from the current market price. Please adj) — retry 1/3
[2026-09-24T15:41:34-04:00] 2026-09-24-MEIC-14:00-CALL close REJECTED (Your limit price is significantly away from the current market price. Please adj) — retry 1/3
[2026-09-24T15:41:35-04:00] 2026-09-24-MEIC-12:00-PUT CLOSE (HALT) submitted @ 30.00
[2026-09-24T15:41:35-04:00] 2026-09-24-MEIC-12:30-PUT CLOSE (HALT) submitted @ 30.00
[2026-09-24T15:41:36-04:00] 2026-09-24-MEIC-13:00-CALL CLOSE (HALT) submitted @ 30.00
[2026-09-24T15:41:36-04:00] 2026-09-24-MEIC-14:00-CALL CLOSE (HALT) submitted @ 30.00
[2026-09-24T15:42:07-04:00] 2026-09-24-MEIC-12:00-PUT close REJECTED (Your limit price is significantly away from the current market price. Please adj) — retry 1/3
[2026-09-24T15:42:08-04:00] 2026-09-24-MEIC-12:30-PUT close REJECTED (Your limit price is significantly away from the current market price. Please adj) — retry 1/3
[2026-09-24T15:42:08-04:00] 2026-09-24-MEIC-13:00-CALL close REJECTED (Your limit price is significantly away from the current market price. Please adj) — retry 1/3
[2026-09-24T15:42:09-04:00] 2026-09-24-MEIC-14:00-CALL close REJECTED (Your limit price is significantly away from the current market price. Please adj) — retry 1/3
[2026-09-24T15:42:09-04:00] 2026-09-24-MEIC-12:00-PUT CLOSE (HALT) submitted @ 30.00
[2026-09-24T15:42:10-04:00] 2026-09-24-MEIC-12:30-PUT CLOSE (HALT) submitted @ 30.00
[2026-09-24T15:42:10-04:00] 2026-09-24-MEIC-13:00-CALL CLOSE (HALT) submitted @ 30.00
[2026-09-24T15:42:10-04:00] 2026-09-24-MEIC-14:00-CALL CLOSE (HALT) submitted @ 30.00
[2026-09-24T15:42:42-04:00] 2026-09-24-MEIC-12:00-PUT close REJECTED (Your limit price is significantly away from the current market price. Please adj) — retry 1/3
[2026-09-24T15:42:42-04:00] 2026-09-24-MEIC-12:30-PUT close REJECTED (Your limit price is significantly away from the current market price. Please adj) — retry 1/3
[2026-09-24T15:42:42-04:00] 2026-09-24-MEIC-13:00-CALL close REJECTED (Your limit price is significantly away from the current market price. Please adj) — retry 1/3
[2026-09-24T15:42:43-04:00] 2026-09-24-MEIC-14:00-CALL close REJECTED (Your limit price is significantly away from the current market price. Please adj) — retry 1/3
[2026-09-24T15:42:43-04:00] 2026-09-24-MEIC-12:00-PUT CLOSE (HALT) submitted @ 30.00
[2026-09-24T15:42:44-04:00] 2026-09-24-MEIC-12:30-PUT CLOSE (HALT) submitted @ 30.00
[2026-09-24T15:42:44-04:00] 2026-09-24-MEIC-13:00-CALL CLOSE (HALT) submitted @ 30.00
[2026-09-24T15:42:45-04:00] 2026-09-24-MEIC-14:00-CALL CLOSE (HALT) submitted @ 30.00
[2026-09-24T15:43:16-04:00] 2026-09-24-MEIC-12:00-PUT close REJECTED (Your limit price is significantly away from the current market price. Please adj) — retry 1/3
[2026-09-24T15:43:16-04:00] 2026-09-24-MEIC-12:30-PUT close REJECTED (Your limit price is significantly away from the current market price. Please adj) — retry 1/3
[2026-09-24T15:43:17-04:00] 2026-09-24-MEIC-13:00-CALL close REJECTED (Your limit price is significantly away from the current market price. Please adj) — retry 1/3
[2026-09-24T15:43:18-04:00] 2026-09-24-MEIC-14:00-CALL close REJECTED (Your limit price is significantly away from the current market price. Please adj) — retry 1/3
[2026-09-24T15:43:18-04:00] 2026-09-24-MEIC-12:00-PUT CLOSE (HALT) submitted @ 30.00
[2026-09-24T15:43:18-04:00] 2026-09-24-MEIC-12:30-PUT CLOSE (HALT) submitted @ 30.00
[2026-09-24T15:43:19-04:00] 2026-09-24-MEIC-13:00-CALL CLOSE (HALT) submitted @ 30.00
[2026-09-24T15:43:19-04:00] 2026-09-24-MEIC-14:00-CALL CLOSE (HALT) submitted @ 30.00
[2026-09-24T15:43:51-04:00] 2026-09-24-MEIC-12:00-PUT close REJECTED (Your limit price is significantly away from the current market price. Please adj) — retry 1/3
[2026-09-24T15:43:52-04:00] 2026-09-24-MEIC-12:30-PUT close REJECTED (Your limit price is significantly away from the current market price. Please adj) — retry 1/3
[2026-09-24T15:43:52-04:00] 2026-09-24-MEIC-13:00-CALL close REJECTED (Your limit price is significantly away from the current market price. Please adj) — retry 1/3
[2026-09-24T15:43:53-04:00] 2026-09-24-MEIC-14:00-CALL close REJECTED (Your limit price is significantly away from the current market price. Please adj) — retry 1/3
[2026-09-24T15:43:53-04:00] 2026-09-24-MEIC-12:00-PUT CLOSE (HALT) submitted @ 30.00
[2026-09-24T15:43:54-04:00] 2026-09-24-MEIC-12:30-PUT CLOSE (HALT) submitted @ 30.00
[2026-09-24T15:43:54-04:00] 2026-09-24-MEIC-13:00-CALL CLOSE (HALT) submitted @ 30.00
[2026-09-24T15:43:55-04:00] 2026-09-24-MEIC-14:00-CALL CLOSE (HALT) submitted @ 30.00
[2026-09-24T15:44:26-04:00] 2026-09-24-MEIC-12:00-PUT close REJECTED (Your limit price is significantly away from the current market price. Please adj) — retry 1/3
[2026-09-24T15:44:27-04:00] 2026-09-24-MEIC-12:30-PUT close REJECTED (Your limit price is significantly away from the current market price. Please adj) — retry 1/3
[2026-09-24T15:44:27-04:00] 2026-09-24-MEIC-13:00-CALL close REJECTED (Your limit price is significantly away from the current market price. Please adj) — retry 1/3
[2026-09-24T15:44:28-04:00] 2026-09-24-MEIC-14:00-CALL close REJECTED (Your limit price is significantly away from the current market price. Please adj) — retry 1/3
[2026-09-24T15:44:28-04:00] 2026-09-24-MEIC-12:00-PUT CLOSE (HALT) submitted @ 30.00
[2026-09-24T15:44:29-04:00] 2026-09-24-MEIC-12:30-PUT CLOSE (HALT) submitted @ 30.00
[2026-09-24T15:44:29-04:00] 2026-09-24-MEIC-13:00-CALL CLOSE (HALT) submitted @ 30.00
[2026-09-24T15:44:30-04:00] 2026-09-24-MEIC-14:00-CALL CLOSE (HALT) submitted @ 30.00
[2026-09-24T15:45:01-04:00] 2026-09-24-MEIC-12:00-PUT close REJECTED (Your limit price is significantly away from the current market price. Please adj) — retry 1/3
[2026-09-24T15:45:02-04:00] 2026-09-24-MEIC-12:30-PUT close REJECTED (Your limit price is significantly away from the current market price. Please adj) — retry 1/3
[2026-09-24T15:45:02-04:00] 2026-09-24-MEIC-13:00-CALL close REJECTED (Your limit price is significantly away from the current market price. Please adj) — retry 1/3
[2026-09-24T15:45:03-04:00] 2026-09-24-MEIC-14:00-CALL close REJECTED (Your limit price is significantly away from the current market price. Please adj) — retry 1/3
[2026-09-24T15:45:03-04:00] 2026-09-24-MEIC-12:00-PUT CLOSE (HALT) submitted @ 30.00
[2026-09-24T15:45:03-04:00] 2026-09-24-MEIC-12:30-PUT CLOSE (HALT) submitted @ 30.00
[2026-09-24T15:45:04-04:00] 2026-09-24-MEIC-13:00-CALL CLOSE (HALT) submitted @ 30.00
[2026-09-24T15:45:05-04:00] 2026-09-24-MEIC-14:00-CALL CLOSE (HALT) submitted @ 30.00
[2026-09-24T15:45:36-04:00] 2026-09-24-MEIC-12:00-PUT close REJECTED (Your limit price is significantly away from the current market price. Please adj) — retry 1/3
[2026-09-24T15:45:37-04:00] 2026-09-24-MEIC-12:30-PUT close REJECTED (Your limit price is significantly away from the current market price. Please adj) — retry 1/3
[2026-09-24T15:45:37-04:00] 2026-09-24-MEIC-13:00-CALL close REJECTED (Your limit price is significantly away from the current market price. Please adj) — retry 1/3
[2026-09-24T15:45:37-04:00] 2026-09-24-MEIC-14:00-CALL close REJECTED (Your limit price is significantly away from the current market price. Please adj) — retry 1/3
[2026-09-24T15:45:38-04:00] 2026-09-24-MEIC-12:00-PUT CLOSE (HALT) submitted @ 30.00
[2026-09-24T15:45:39-04:00] 2026-09-24-MEIC-12:30-PUT CLOSE (HALT) submitted @ 30.00
[2026-09-24T15:45:39-04:00] 2026-09-24-MEIC-13:00-CALL CLOSE (HALT) submitted @ 30.00
[2026-09-24T15:45:40-04:00] 2026-09-24-MEIC-14:00-CALL CLOSE (HALT) submitted @ 30.00
[2026-09-24T15:46:11-04:00] 2026-09-24-MEIC-12:00-PUT close REJECTED (Your limit price is significantly away from the current market price. Please adj) — retry 1/3
[2026-09-24T15:46:12-04:00] 2026-09-24-MEIC-12:30-PUT close REJECTED (Your limit price is significantly away from the current market price. Please adj) — retry 1/3
[2026-09-24T15:46:12-04:00] 2026-09-24-MEIC-13:00-CALL close REJECTED (Your limit price is significantly away from the current market price. Please adj) — retry 1/3
[2026-09-24T15:46:12-04:00] 2026-09-24-MEIC-14:00-CALL close REJECTED (Your limit price is significantly away from the current market price. Please adj) — retry 1/3
[2026-09-24T15:46:13-04:00] 2026-09-24-MEIC-12:00-PUT CLOSE (HALT) submitted @ 30.00
[2026-09-24T15:46:13-04:00] 2026-09-24-MEIC-12:30-PUT CLOSE (HALT) submitted @ 30.00
[2026-09-24T15:46:14-04:00] 2026-09-24-MEIC-13:00-CALL CLOSE (HALT) submitted @ 30.00
[2026-09-24T15:46:14-04:00] 2026-09-24-MEIC-14:00-CALL CLOSE (HALT) submitted @ 30.00
[2026-09-24T15:46:46-04:00] 2026-09-24-MEIC-12:00-PUT close REJECTED (Your limit price is significantly away from the current market price. Please adj) — retry 1/3
[2026-09-24T15:46:46-04:00] 2026-09-24-MEIC-12:30-PUT close REJECTED (Your limit price is significantly away from the current market price. Please adj) — retry 1/3
[2026-09-24T15:46:46-04:00] 2026-09-24-MEIC-13:00-CALL close REJECTED (Your limit price is significantly away from the current market price. Please adj) — retry 1/3
[2026-09-24T15:46:47-04:00] 2026-09-24-MEIC-14:00-CALL close REJECTED (Your limit price is significantly away from the current market price. Please adj) — retry 1/3
[2026-09-24T15:46:47-04:00] 2026-09-24-MEIC-12:00-PUT CLOSE (HALT) submitted @ 30.00
[2026-09-24T15:46:48-04:00] 2026-09-24-MEIC-12:30-PUT CLOSE (HALT) submitted @ 30.00
[2026-09-24T15:46:48-04:00] 2026-09-24-MEIC-13:00-CALL CLOSE (HALT) submitted @ 30.00
[2026-09-24T15:46:49-04:00] 2026-09-24-MEIC-14:00-CALL CLOSE (HALT) submitted @ 30.00
[2026-09-24T15:47:20-04:00] 2026-09-24-MEIC-12:00-PUT close REJECTED (Your limit price is significantly away from the current market price. Please adj) — retry 1/3
[2026-09-24T15:47:20-04:00] 2026-09-24-MEIC-12:30-PUT close REJECTED (Your limit price is significantly away from the current market price. Please adj) — retry 1/3
[2026-09-24T15:47:21-04:00] 2026-09-24-MEIC-13:00-CALL close REJECTED (Your limit price is significantly away from the current market price. Please adj) — retry 1/3
[2026-09-24T15:47:21-04:00] 2026-09-24-MEIC-14:00-CALL close REJECTED (Your limit price is significantly away from the current market price. Please adj) — retry 1/3
[2026-09-24T15:47:22-04:00] 2026-09-24-MEIC-12:00-PUT CLOSE (HALT) submitted @ 30.00
[2026-09-24T15:47:22-04:00] 2026-09-24-MEIC-12:30-PUT CLOSE (HALT) submitted @ 30.00
[2026-09-24T15:47:22-04:00] 2026-09-24-MEIC-13:00-CALL CLOSE (HALT) submitted @ 30.00
[2026-09-24T15:47:23-04:00] 2026-09-24-MEIC-14:00-CALL CLOSE (HALT) submitted @ 30.00
[2026-09-24T15:47:54-04:00] 2026-09-24-MEIC-12:00-PUT close REJECTED (Your limit price is significantly away from the current market price. Please adj) — retry 1/3
[2026-09-24T15:47:55-04:00] 2026-09-24-MEIC-12:30-PUT close REJECTED (Your limit price is significantly away from the current market price. Please adj) — retry 1/3
[2026-09-24T15:47:55-04:00] 2026-09-24-MEIC-13:00-CALL close REJECTED (Your limit price is significantly away from the current market price. Please adj) — retry 1/3
[2026-09-24T15:47:55-04:00] 2026-09-24-MEIC-14:00-CALL close REJECTED (Your limit price is significantly away from the current market price. Please adj) — retry 1/3
[2026-09-24T15:47:56-04:00] 2026-09-24-MEIC-12:00-PUT CLOSE (HALT) submitted @ 30.00
[2026-09-24T15:47:56-04:00] 2026-09-24-MEIC-12:30-PUT CLOSE (HALT) submitted @ 30.00
[2026-09-24T15:47:57-04:00] 2026-09-24-MEIC-13:00-CALL CLOSE (HALT) submitted @ 30.00
[2026-09-24T15:47:57-04:00] 2026-09-24-MEIC-14:00-CALL CLOSE (HALT) submitted @ 30.00
[2026-09-24T15:48:29-04:00] 2026-09-24-MEIC-12:00-PUT close REJECTED (Your limit price is significantly away from the current market price. Please adj) — retry 1/3
[2026-09-24T15:48:29-04:00] 2026-09-24-MEIC-12:30-PUT close REJECTED (Your limit price is significantly away from the current market price. Please adj) — retry 1/3
[2026-09-24T15:48:30-04:00] 2026-09-24-MEIC-13:00-CALL close REJECTED (Your limit price is significantly away from the current market price. Please adj) — retry 1/3
[2026-09-24T15:48:30-04:00] 2026-09-24-MEIC-14:00-CALL close REJECTED (Your limit price is significantly away from the current market price. Please adj) — retry 1/3
[2026-09-24T15:48:31-04:00] 2026-09-24-MEIC-12:00-PUT CLOSE (HALT) submitted @ 30.00
[2026-09-24T15:48:31-04:00] 2026-09-24-MEIC-12:30-PUT CLOSE (HALT) submitted @ 30.00
[2026-09-24T15:48:32-04:00] 2026-09-24-MEIC-13:00-CALL CLOSE (HALT) submitted @ 30.00
[2026-09-24T15:48:32-04:00] 2026-09-24-MEIC-14:00-CALL CLOSE (HALT) submitted @ 30.00
[2026-09-24T15:49:04-04:00] 2026-09-24-MEIC-12:00-PUT close REJECTED (Your limit price is significantly away from the current market price. Please adj) — retry 1/3
[2026-09-24T15:49:04-04:00] 2026-09-24-MEIC-12:30-PUT close REJECTED (Your limit price is significantly away from the current market price. Please adj) — retry 1/3
[2026-09-24T15:49:05-04:00] 2026-09-24-MEIC-13:00-CALL close REJECTED (Your limit price is significantly away from the current market price. Please adj) — retry 1/3
[2026-09-24T15:49:05-04:00] 2026-09-24-MEIC-14:00-CALL close REJECTED (Your limit price is significantly away from the current market price. Please adj) — retry 1/3
[2026-09-24T15:49:06-04:00] 2026-09-24-MEIC-12:00-PUT CLOSE (HALT) submitted @ 30.00
[2026-09-24T15:49:06-04:00] 2026-09-24-MEIC-12:30-PUT CLOSE (HALT) submitted @ 30.00
[2026-09-24T15:49:07-04:00] 2026-09-24-MEIC-13:00-CALL CLOSE (HALT) submitted @ 30.00
[2026-09-24T15:49:07-04:00] 2026-09-24-MEIC-14:00-CALL CLOSE (HALT) submitted @ 30.00
[2026-09-24T15:49:39-04:00] 2026-09-24-MEIC-12:00-PUT close REJECTED (Your limit price is significantly away from the current market price. Please adj) — retry 1/3
[2026-09-24T15:49:39-04:00] 2026-09-24-MEIC-12:30-PUT close REJECTED (Your limit price is significantly away from the current market price. Please adj) — retry 1/3
[2026-09-24T15:49:39-04:00] 2026-09-24-MEIC-13:00-CALL close REJECTED (Your limit price is significantly away from the current market price. Please adj) — retry 1/3
[2026-09-24T15:49:40-04:00] 2026-09-24-MEIC-14:00-CALL close REJECTED (Your limit price is significantly away from the current market price. Please adj) — retry 1/3
[2026-09-24T15:49:40-04:00] 2026-09-24-MEIC-12:00-PUT CLOSE (HALT) submitted @ 30.00
[2026-09-24T15:49:41-04:00] 2026-09-24-MEIC-12:30-PUT CLOSE (HALT) submitted @ 30.00
[2026-09-24T15:49:41-04:00] 2026-09-24-MEIC-13:00-CALL CLOSE (HALT) submitted @ 30.00
[2026-09-24T15:49:42-04:00] 2026-09-24-MEIC-14:00-CALL CLOSE (HALT) submitted @ 30.00
[2026-09-24T15:50:13-04:00] 2026-09-24-MEIC-12:00-PUT close REJECTED (Your limit price is significantly away from the current market price. Please adj) — retry 1/3
[2026-09-24T15:50:14-04:00] 2026-09-24-MEIC-12:30-PUT close REJECTED (Your limit price is significantly away from the current market price. Please adj) — retry 1/3
[2026-09-24T15:50:14-04:00] 2026-09-24-MEIC-13:00-CALL close REJECTED (Your limit price is significantly away from the current market price. Please adj) — retry 1/3
[2026-09-24T15:50:14-04:00] 2026-09-24-MEIC-14:00-CALL close REJECTED (Your limit price is significantly away from the current market price. Please adj) — retry 1/3
[2026-09-24T15:50:15-04:00] 2026-09-24-MEIC-12:00-PUT CLOSE (HALT) submitted @ 30.00
[2026-09-24T15:50:15-04:00] 2026-09-24-MEIC-12:30-PUT CLOSE (HALT) submitted @ 30.00
[2026-09-24T15:50:16-04:00] 2026-09-24-MEIC-13:00-CALL CLOSE (HALT) submitted @ 30.00
[2026-09-24T15:50:17-04:00] 2026-09-24-MEIC-14:00-CALL CLOSE (HALT) submitted @ 30.00
[2026-09-24T15:50:48-04:00] 2026-09-24-MEIC-12:00-PUT close REJECTED (Your limit price is significantly away from the current market price. Please adj) — retry 1/3
[2026-09-24T15:50:48-04:00] 2026-09-24-MEIC-12:30-PUT close REJECTED (Your limit price is significantly away from the current market price. Please adj) — retry 1/3
[2026-09-24T15:50:49-04:00] 2026-09-24-MEIC-13:00-CALL close REJECTED (Your limit price is significantly away from the current market price. Please adj) — retry 1/3
[2026-09-24T15:50:49-04:00] 2026-09-24-MEIC-14:00-CALL close REJECTED (Your limit price is significantly away from the current market price. Please adj) — retry 1/3
[2026-09-24T15:50:50-04:00] 2026-09-24-MEIC-12:00-PUT CLOSE (HALT) submitted @ 30.00
[2026-09-24T15:50:50-04:00] 2026-09-24-MEIC-12:30-PUT CLOSE (HALT) submitted @ 30.00
[2026-09-24T15:50:50-04:00] 2026-09-24-MEIC-13:00-CALL CLOSE (HALT) submitted @ 30.00
[2026-09-24T15:50:51-04:00] 2026-09-24-MEIC-14:00-CALL CLOSE (HALT) submitted @ 30.00
[2026-09-24T15:51:22-04:00] 2026-09-24-MEIC-12:00-PUT close REJECTED (Your limit price is significantly away from the current market price. Please adj) — retry 1/3
[2026-09-24T15:51:23-04:00] 2026-09-24-MEIC-12:30-PUT close REJECTED (Your limit price is significantly away from the current market price. Please adj) — retry 1/3
[2026-09-24T15:51:23-04:00] 2026-09-24-MEIC-13:00-CALL close REJECTED (Your limit price is significantly away from the current market price. Please adj) — retry 1/3
[2026-09-24T15:51:23-04:00] 2026-09-24-MEIC-14:00-CALL close REJECTED (Your limit price is significantly away from the current market price. Please adj) — retry 1/3
[2026-09-24T15:51:24-04:00] 2026-09-24-MEIC-12:00-PUT CLOSE (HALT) submitted @ 30.00
[2026-09-24T15:51:25-04:00] 2026-09-24-MEIC-12:30-PUT CLOSE (HALT) submitted @ 30.00
[2026-09-24T15:51:25-04:00] 2026-09-24-MEIC-13:00-CALL CLOSE (HALT) submitted @ 30.00
[2026-09-24T15:51:25-04:00] 2026-09-24-MEIC-14:00-CALL CLOSE (HALT) submitted @ 30.00
[2026-09-24T15:51:56-04:00] 2026-09-24-MEIC-12:00-PUT close REJECTED (Your limit price is significantly away from the current market price. Please adj) — retry 1/3
[2026-09-24T15:51:57-04:00] 2026-09-24-MEIC-12:30-PUT close REJECTED (Your limit price is significantly away from the current market price. Please adj) — retry 1/3
[2026-09-24T15:51:57-04:00] 2026-09-24-MEIC-13:00-CALL close REJECTED (Your limit price is significantly away from the current market price. Please adj) — retry 1/3
[2026-09-24T15:51:58-04:00] 2026-09-24-MEIC-14:00-CALL close REJECTED (Your limit price is significantly away from the current market price. Please adj) — retry 1/3
[2026-09-24T15:51:58-04:00] 2026-09-24-MEIC-12:00-PUT CLOSE (HALT) submitted @ 30.00
[2026-09-24T15:51:59-04:00] 2026-09-24-MEIC-12:30-PUT CLOSE (HALT) submitted @ 30.00
[2026-09-24T15:51:59-04:00] 2026-09-24-MEIC-13:00-CALL CLOSE (HALT) submitted @ 30.00
[2026-09-24T15:52:00-04:00] 2026-09-24-MEIC-14:00-CALL CLOSE (HALT) submitted @ 30.00
[2026-09-24T15:52:31-04:00] 2026-09-24-MEIC-12:00-PUT close REJECTED (Your limit price is significantly away from the current market price. Please adj) — retry 1/3
[2026-09-24T15:52:31-04:00] 2026-09-24-MEIC-12:30-PUT close REJECTED (Your limit price is significantly away from the current market price. Please adj) — retry 1/3
[2026-09-24T15:52:32-04:00] 2026-09-24-MEIC-13:00-CALL close REJECTED (Your limit price is significantly away from the current market price. Please adj) — retry 1/3
[2026-09-24T15:52:32-04:00] 2026-09-24-MEIC-14:00-CALL close REJECTED (Your limit price is significantly away from the current market price. Please adj) — retry 1/3
[2026-09-24T15:52:33-04:00] 2026-09-24-MEIC-12:00-PUT CLOSE (HALT) submitted @ 30.00
[2026-09-24T15:52:33-04:00] 2026-09-24-MEIC-12:30-PUT CLOSE (HALT) submitted @ 30.00
[2026-09-24T15:52:34-04:00] 2026-09-24-MEIC-13:00-CALL CLOSE (HALT) submitted @ 30.00
[2026-09-24T15:52:34-04:00] 2026-09-24-MEIC-14:00-CALL CLOSE (HALT) submitted @ 30.00
[2026-09-24T15:53:05-04:00] 2026-09-24-MEIC-12:00-PUT close REJECTED (Your limit price is significantly away from the current market price. Please adj) — retry 1/3
[2026-09-24T15:53:06-04:00] 2026-09-24-MEIC-12:30-PUT close REJECTED (Your limit price is significantly away from the current market price. Please adj) — retry 1/3
[2026-09-24T15:53:06-04:00] 2026-09-24-MEIC-13:00-CALL close REJECTED (Your limit price is significantly away from the current market price. Please adj) — retry 1/3
[2026-09-24T15:53:07-04:00] 2026-09-24-MEIC-14:00-CALL close REJECTED (Your limit price is significantly away from the current market price. Please adj) — retry 1/3
[2026-09-24T15:53:07-04:00] 2026-09-24-MEIC-12:00-PUT CLOSE (HALT) submitted @ 30.00
[2026-09-24T15:53:08-04:00] 2026-09-24-MEIC-12:30-PUT CLOSE (HALT) submitted @ 30.00
[2026-09-24T15:53:08-04:00] 2026-09-24-MEIC-13:00-CALL CLOSE (HALT) submitted @ 30.00
[2026-09-24T15:53:09-04:00] 2026-09-24-MEIC-14:00-CALL CLOSE (HALT) submitted @ 30.00
[2026-09-24T15:53:40-04:00] 2026-09-24-MEIC-12:00-PUT close REJECTED (Your limit price is significantly away from the current market price. Please adj) — retry 1/3
[2026-09-24T15:53:40-04:00] 2026-09-24-MEIC-12:30-PUT close REJECTED (Your limit price is significantly away from the current market price. Please adj) — retry 1/3
[2026-09-24T15:53:41-04:00] 2026-09-24-MEIC-13:00-CALL close REJECTED (Your limit price is significantly away from the current market price. Please adj) — retry 1/3
[2026-09-24T15:53:41-04:00] 2026-09-24-MEIC-14:00-CALL close REJECTED (Your limit price is significantly away from the current market price. Please adj) — retry 1/3
[2026-09-24T15:53:42-04:00] 2026-09-24-MEIC-12:00-PUT CLOSE (HALT) submitted @ 30.00
[2026-09-24T15:53:42-04:00] 2026-09-24-MEIC-12:30-PUT CLOSE (HALT) submitted @ 30.00
[2026-09-24T15:53:43-04:00] 2026-09-24-MEIC-13:00-CALL CLOSE (HALT) submitted @ 30.00
[2026-09-24T15:53:43-04:00] 2026-09-24-MEIC-14:00-CALL CLOSE (HALT) submitted @ 30.00
[2026-09-24T15:54:14-04:00] 2026-09-24-MEIC-12:00-PUT close REJECTED (Your limit price is significantly away from the current market price. Please adj) — retry 1/3
[2026-09-24T15:54:15-04:00] 2026-09-24-MEIC-12:30-PUT close REJECTED (Your limit price is significantly away from the current market price. Please adj) — retry 1/3
[2026-09-24T15:54:15-04:00] 2026-09-24-MEIC-13:00-CALL close REJECTED (Your limit price is significantly away from the current market price. Please adj) — retry 1/3
[2026-09-24T15:54:16-04:00] 2026-09-24-MEIC-14:00-CALL close REJECTED (Your limit price is significantly away from the current market price. Please adj) — retry 1/3
[2026-09-24T15:54:16-04:00] 2026-09-24-MEIC-12:00-PUT CLOSE (HALT) submitted @ 30.00
[2026-09-24T15:54:17-04:00] 2026-09-24-MEIC-12:30-PUT CLOSE (HALT) submitted @ 30.00
[2026-09-24T15:54:17-04:00] 2026-09-24-MEIC-13:00-CALL CLOSE (HALT) submitted @ 30.00
[2026-09-24T15:54:18-04:00] 2026-09-24-MEIC-14:00-CALL CLOSE (HALT) submitted @ 30.00
[2026-09-24T15:54:49-04:00] 2026-09-24-MEIC-12:00-PUT close REJECTED (Your limit price is significantly away from the current market price. Please adj) — retry 1/3
[2026-09-24T15:54:49-04:00] 2026-09-24-MEIC-12:30-PUT close REJECTED (Your limit price is significantly away from the current market price. Please adj) — retry 1/3
[2026-09-24T15:54:50-04:00] 2026-09-24-MEIC-13:00-CALL close REJECTED (Your limit price is significantly away from the current market price. Please adj) — retry 1/3
[2026-09-24T15:54:50-04:00] 2026-09-24-MEIC-14:00-CALL close REJECTED (Your limit price is significantly away from the current market price. Please adj) — retry 1/3
[2026-09-24T15:54:51-04:00] 2026-09-24-MEIC-12:00-PUT CLOSE (HALT) submitted @ 30.00
[2026-09-24T15:54:51-04:00] 2026-09-24-MEIC-12:30-PUT CLOSE (HALT) submitted @ 30.00
[2026-09-24T15:54:52-04:00] 2026-09-24-MEIC-13:00-CALL CLOSE (HALT) submitted @ 30.00
[2026-09-24T15:54:53-04:00] 2026-09-24-MEIC-14:00-CALL CLOSE (HALT) submitted @ 30.00
[2026-09-24T15:55:24-04:00] 2026-09-24-MEIC-12:00-PUT close REJECTED (Your limit price is significantly away from the current market price. Please adj) — retry 1/3
[2026-09-24T15:55:24-04:00] 2026-09-24-MEIC-12:30-PUT close REJECTED (Your limit price is significantly away from the current market price. Please adj) — retry 1/3
[2026-09-24T15:55:25-04:00] 2026-09-24-MEIC-13:00-CALL close REJECTED (Your limit price is significantly away from the current market price. Please adj) — retry 1/3
[2026-09-24T15:55:25-04:00] 2026-09-24-MEIC-14:00-CALL close REJECTED (Your limit price is significantly away from the current market price. Please adj) — retry 1/3
[2026-09-24T15:55:26-04:00] 2026-09-24-MEIC-12:00-PUT CLOSE (HALT) submitted @ 30.00
[2026-09-24T15:55:26-04:00] 2026-09-24-MEIC-12:30-PUT CLOSE (HALT) submitted @ 30.00
[2026-09-24T15:55:27-04:00] 2026-09-24-MEIC-13:00-CALL CLOSE (HALT) submitted @ 30.00
[2026-09-24T15:55:27-04:00] 2026-09-24-MEIC-14:00-CALL CLOSE (HALT) submitted @ 30.00
[2026-09-24T15:55:58-04:00] 2026-09-24-MEIC-12:00-PUT close REJECTED (Your limit price is significantly away from the current market price. Please adj) — retry 1/3
[2026-09-24T15:55:59-04:00] 2026-09-24-MEIC-12:30-PUT close REJECTED (Your limit price is significantly away from the current market price. Please adj) — retry 1/3
[2026-09-24T15:55:59-04:00] 2026-09-24-MEIC-13:00-CALL close REJECTED (Your limit price is significantly away from the current market price. Please adj) — retry 1/3
[2026-09-24T15:55:59-04:00] 2026-09-24-MEIC-14:00-CALL close REJECTED (Your limit price is significantly away from the current market price. Please adj) — retry 1/3
[2026-09-24T15:56:00-04:00] 2026-09-24-MEIC-12:00-PUT CLOSE (HALT) submitted @ 30.00
[2026-09-24T15:56:00-04:00] 2026-09-24-MEIC-12:30-PUT CLOSE (HALT) submitted @ 30.00
[2026-09-24T15:56:01-04:00] 2026-09-24-MEIC-13:00-CALL CLOSE (HALT) submitted @ 30.00
[2026-09-24T15:56:02-04:00] 2026-09-24-MEIC-14:00-CALL CLOSE (HALT) submitted @ 30.00
[2026-09-24T15:56:33-04:00] 2026-09-24-MEIC-12:00-PUT close REJECTED (Your limit price is significantly away from the current market price. Please adj) — retry 1/3
[2026-09-24T15:56:33-04:00] 2026-09-24-MEIC-12:30-PUT close REJECTED (Your limit price is significantly away from the current market price. Please adj) — retry 1/3
[2026-09-24T15:56:34-04:00] 2026-09-24-MEIC-13:00-CALL close REJECTED (Your limit price is significantly away from the current market price. Please adj) — retry 1/3
[2026-09-24T15:56:34-04:00] 2026-09-24-MEIC-14:00-CALL close REJECTED (Your limit price is significantly away from the current market price. Please adj) — retry 1/3
[2026-09-24T15:56:35-04:00] 2026-09-24-MEIC-12:00-PUT CLOSE (HALT) submitted @ 30.00
[2026-09-24T15:56:35-04:00] 2026-09-24-MEIC-12:30-PUT CLOSE (HALT) submitted @ 30.00
[2026-09-24T15:56:35-04:00] 2026-09-24-MEIC-13:00-CALL CLOSE (HALT) submitted @ 30.00
[2026-09-24T15:56:36-04:00] 2026-09-24-MEIC-14:00-CALL CLOSE (HALT) submitted @ 30.00
[2026-09-24T15:57:07-04:00] 2026-09-24-MEIC-12:00-PUT close REJECTED (Your limit price is significantly away from the current market price. Please adj) — retry 1/3
[2026-09-24T15:57:08-04:00] 2026-09-24-MEIC-12:30-PUT close REJECTED (Your limit price is significantly away from the current market price. Please adj) — retry 1/3
[2026-09-24T15:57:08-04:00] 2026-09-24-MEIC-13:00-CALL close REJECTED (Your limit price is significantly away from the current market price. Please adj) — retry 1/3
[2026-09-24T15:57:09-04:00] 2026-09-24-MEIC-14:00-CALL close REJECTED (Your limit price is significantly away from the current market price. Please adj) — retry 1/3
[2026-09-24T15:57:09-04:00] 2026-09-24-MEIC-12:00-PUT CLOSE (HALT) submitted @ 30.00
[2026-09-24T15:57:10-04:00] 2026-09-24-MEIC-12:30-PUT CLOSE (HALT) submitted @ 30.00
[2026-09-24T15:57:10-04:00] 2026-09-24-MEIC-13:00-CALL CLOSE (HALT) submitted @ 30.00
[2026-09-24T15:57:11-04:00] 2026-09-24-MEIC-14:00-CALL CLOSE (HALT) submitted @ 30.00
[2026-09-24T15:57:42-04:00] 2026-09-24-MEIC-12:00-PUT close REJECTED (Your limit price is significantly away from the current market price. Please adj) — retry 1/3
[2026-09-24T15:57:42-04:00] 2026-09-24-MEIC-12:30-PUT close REJECTED (Your limit price is significantly away from the current market price. Please adj) — retry 1/3
[2026-09-24T15:57:43-04:00] 2026-09-24-MEIC-13:00-CALL close REJECTED (Your limit price is significantly away from the current market price. Please adj) — retry 1/3
[2026-09-24T15:57:43-04:00] 2026-09-24-MEIC-14:00-CALL close REJECTED (Your limit price is significantly away from the current market price. Please adj) — retry 1/3
[2026-09-24T15:57:44-04:00] 2026-09-24-MEIC-12:00-PUT CLOSE (HALT) submitted @ 30.00
[2026-09-24T15:57:45-04:00] 2026-09-24-MEIC-12:30-PUT CLOSE (HALT) submitted @ 30.00
[2026-09-24T15:57:45-04:00] 2026-09-24-MEIC-13:00-CALL CLOSE (HALT) submitted @ 30.00
[2026-09-24T15:57:46-04:00] 2026-09-24-MEIC-14:00-CALL CLOSE (HALT) submitted @ 30.00
[2026-09-24T15:58:17-04:00] 2026-09-24-MEIC-12:00-PUT close REJECTED (Your limit price is significantly away from the current market price. Please adj) — retry 1/3
[2026-09-24T15:58:18-04:00] 2026-09-24-MEIC-12:30-PUT close REJECTED (Your limit price is significantly away from the current market price. Please adj) — retry 1/3
[2026-09-24T15:58:18-04:00] 2026-09-24-MEIC-13:00-CALL close REJECTED (Your limit price is significantly away from the current market price. Please adj) — retry 1/3
[2026-09-24T15:58:18-04:00] 2026-09-24-MEIC-14:00-CALL close REJECTED (Your limit price is significantly away from the current market price. Please adj) — retry 1/3
[2026-09-24T15:58:19-04:00] 2026-09-24-MEIC-12:00-PUT CLOSE (HALT) submitted @ 30.00
[2026-09-24T15:58:19-04:00] 2026-09-24-MEIC-12:30-PUT CLOSE (HALT) submitted @ 30.00
[2026-09-24T15:58:20-04:00] 2026-09-24-MEIC-13:00-CALL CLOSE (HALT) submitted @ 30.00
[2026-09-24T15:58:20-04:00] 2026-09-24-MEIC-14:00-CALL CLOSE (HALT) submitted @ 30.00
[2026-09-24T15:58:52-04:00] 2026-09-24-MEIC-12:00-PUT close REJECTED (Your limit price is significantly away from the current market price. Please adj) — retry 1/3
[2026-09-24T15:58:52-04:00] 2026-09-24-MEIC-12:30-PUT close REJECTED (Your limit price is significantly away from the current market price. Please adj) — retry 1/3
[2026-09-24T15:58:53-04:00] 2026-09-24-MEIC-13:00-CALL close REJECTED (Your limit price is significantly away from the current market price. Please adj) — retry 1/3
[2026-09-24T15:58:53-04:00] 2026-09-24-MEIC-14:00-CALL close REJECTED (Your limit price is significantly away from the current market price. Please adj) — retry 1/3
[2026-09-24T15:58:54-04:00] 2026-09-24-MEIC-12:00-PUT CLOSE (HALT) submitted @ 30.00
[2026-09-24T15:58:54-04:00] 2026-09-24-MEIC-12:30-PUT CLOSE (HALT) submitted @ 30.00
[2026-09-24T15:58:55-04:00] 2026-09-24-MEIC-13:00-CALL CLOSE (HALT) submitted @ 30.00
[2026-09-24T15:58:55-04:00] 2026-09-24-MEIC-14:00-CALL CLOSE (HALT) submitted @ 30.00
[2026-09-24T15:59:26-04:00] 2026-09-24-MEIC-12:00-PUT close REJECTED (Your limit price is significantly away from the current market price. Please adj) — retry 1/3
[2026-09-24T15:59:27-04:00] 2026-09-24-MEIC-12:30-PUT close REJECTED (Your limit price is significantly away from the current market price. Please adj) — retry 1/3
[2026-09-24T15:59:27-04:00] 2026-09-24-MEIC-13:00-CALL close REJECTED (Your limit price is significantly away from the current market price. Please adj) — retry 1/3
[2026-09-24T15:59:28-04:00] 2026-09-24-MEIC-14:00-CALL close REJECTED (Your limit price is significantly away from the current market price. Please adj) — retry 1/3
[2026-09-24T15:59:28-04:00] 2026-09-24-MEIC-12:00-PUT CLOSE (HALT) submitted @ 30.00
[2026-09-24T15:59:29-04:00] 2026-09-24-MEIC-12:30-PUT CLOSE (HALT) submitted @ 30.00
[2026-09-24T15:59:29-04:00] 2026-09-24-MEIC-13:00-CALL CLOSE (HALT) submitted @ 30.00
[2026-09-24T15:59:30-04:00] 2026-09-24-MEIC-14:00-CALL CLOSE (HALT) submitted @ 30.00
[2026-09-24T16:00:02-04:00] 2026-09-24-MEIC-12:00-PUT close REJECTED (Your limit price is significantly away from the current market price. Please adj) — retry 1/3
[2026-09-24T16:00:02-04:00] 2026-09-24-MEIC-12:30-PUT close REJECTED (Your limit price is significantly away from the current market price. Please adj) — retry 1/3
[2026-09-24T16:00:03-04:00] 2026-09-24-MEIC-13:00-CALL close REJECTED (Your limit price is significantly away from the current market price. Please adj) — retry 1/3
[2026-09-24T16:00:04-04:00] 2026-09-24-MEIC-14:00-CALL close REJECTED (Your limit price is significantly away from the current market price. Please adj) — retry 1/3
[2026-09-24T16:00:04-04:00] 2026-09-24-MEIC-12:00-PUT CLOSE (HALT) submitted @ 30.00
[2026-09-24T16:00:05-04:00] 2026-09-24-MEIC-12:30-PUT CLOSE (HALT) submitted @ 30.00
[2026-09-24T16:00:06-04:00] 2026-09-24-MEIC-13:00-CALL CLOSE (HALT) submitted @ 30.00
[2026-09-24T16:00:06-04:00] 2026-09-24-MEIC-14:00-CALL CLOSE (HALT) submitted @ 30.00
[2026-09-24T16:00:38-04:00] 2026-09-24-MEIC-12:00-PUT close REJECTED (Your limit price is significantly away from the current market price. Please adj) — retry 1/3
[2026-09-24T16:00:38-04:00] 2026-09-24-MEIC-12:30-PUT close REJECTED (Your limit price is significantly away from the current market price. Please adj) — retry 1/3
[2026-09-24T16:00:39-04:00] 2026-09-24-MEIC-13:00-CALL close REJECTED (Your limit price is significantly away from the current market price. Please adj) — retry 1/3
[2026-09-24T16:00:39-04:00] 2026-09-24-MEIC-14:00-CALL close REJECTED (Your limit price is significantly away from the current market price. Please adj) — retry 1/3
[2026-09-24T16:00:40-04:00] 2026-09-24-MEIC-12:00-PUT CLOSE (HALT) submitted @ 30.00
[2026-09-24T16:00:40-04:00] 2026-09-24-MEIC-12:30-PUT CLOSE (HALT) submitted @ 30.00
[2026-09-24T16:00:41-04:00] 2026-09-24-MEIC-13:00-CALL CLOSE (HALT) submitted @ 30.00
[2026-09-24T16:00:41-04:00] 2026-09-24-MEIC-14:00-CALL CLOSE (HALT) submitted @ 30.00
[2026-09-24T16:01:13-04:00] 2026-09-24-MEIC-12:00-PUT close REJECTED (Your limit price is significantly away from the current market price. Please adj) — retry 1/3
[2026-09-24T16:01:14-04:00] 2026-09-24-MEIC-12:30-PUT close REJECTED (Your limit price is significantly away from the current market price. Please adj) — retry 1/3
[2026-09-24T16:01:14-04:00] 2026-09-24-MEIC-13:00-CALL close REJECTED (Your limit price is significantly away from the current market price. Please adj) — retry 1/3
[2026-09-24T16:01:15-04:00] 2026-09-24-MEIC-14:00-CALL close REJECTED (Your limit price is significantly away from the current market price. Please adj) — retry 1/3
[2026-09-24T16:01:15-04:00] 2026-09-24-MEIC-12:00-PUT CLOSE (HALT) submitted @ 30.00
[2026-09-24T16:01:16-04:00] 2026-09-24-MEIC-12:30-PUT CLOSE (HALT) submitted @ 30.00
[2026-09-24T16:01:16-04:00] 2026-09-24-MEIC-13:00-CALL CLOSE (HALT) submitted @ 30.00
[2026-09-24T16:01:17-04:00] 2026-09-24-MEIC-14:00-CALL CLOSE (HALT) submitted @ 30.00
[2026-09-24T16:01:48-04:00] 2026-09-24-MEIC-12:00-PUT close REJECTED (Your limit price is significantly away from the current market price. Please adj) — retry 1/3
[2026-09-24T16:01:49-04:00] 2026-09-24-MEIC-12:30-PUT close REJECTED (Your limit price is significantly away from the current market price. Please adj) — retry 1/3
[2026-09-24T16:01:49-04:00] 2026-09-24-MEIC-13:00-CALL close REJECTED (Your limit price is significantly away from the current market price. Please adj) — retry 1/3
[2026-09-24T16:01:50-04:00] 2026-09-24-MEIC-14:00-CALL close REJECTED (Your limit price is significantly away from the current market price. Please adj) — retry 1/3
[2026-09-24T16:01:50-04:00] 2026-09-24-MEIC-12:00-PUT CLOSE (HALT) submitted @ 30.00
[2026-09-24T16:01:51-04:00] 2026-09-24-MEIC-12:30-PUT CLOSE (HALT) submitted @ 30.00
[2026-09-24T16:01:51-04:00] 2026-09-24-MEIC-13:00-CALL CLOSE (HALT) submitted @ 30.00
[2026-09-24T16:01:52-04:00] 2026-09-24-MEIC-14:00-CALL CLOSE (HALT) submitted @ 30.00
[2026-09-24T16:02:23-04:00] 2026-09-24-MEIC-12:00-PUT close REJECTED (Your limit price is significantly away from the current market price. Please adj) — retry 1/3
[2026-09-24T16:02:24-04:00] 2026-09-24-MEIC-12:30-PUT close REJECTED (Your limit price is significantly away from the current market price. Please adj) — retry 1/3
[2026-09-24T16:02:24-04:00] 2026-09-24-MEIC-13:00-CALL close REJECTED (Your limit price is significantly away from the current market price. Please adj) — retry 1/3
[2026-09-24T16:02:24-04:00] 2026-09-24-MEIC-14:00-CALL close REJECTED (Your limit price is significantly away from the current market price. Please adj) — retry 1/3
[2026-09-24T16:02:25-04:00] 2026-09-24-MEIC-12:00-PUT CLOSE (HALT) submitted @ 30.00
[2026-09-24T16:02:25-04:00] 2026-09-24-MEIC-12:30-PUT CLOSE (HALT) submitted @ 30.00
[2026-09-24T16:02:26-04:00] 2026-09-24-MEIC-13:00-CALL CLOSE (HALT) submitted @ 30.00
[2026-09-24T16:02:26-04:00] 2026-09-24-MEIC-14:00-CALL CLOSE (HALT) submitted @ 30.00
[2026-09-24T16:02:58-04:00] 2026-09-24-MEIC-12:00-PUT close REJECTED (Your limit price is significantly away from the current market price. Please adj) — retry 1/3
[2026-09-24T16:02:58-04:00] 2026-09-24-MEIC-12:30-PUT close REJECTED (Your limit price is significantly away from the current market price. Please adj) — retry 1/3
[2026-09-24T16:02:59-04:00] 2026-09-24-MEIC-13:00-CALL close REJECTED (Your limit price is significantly away from the current market price. Please adj) — retry 1/3
[2026-09-24T16:02:59-04:00] 2026-09-24-MEIC-14:00-CALL close REJECTED (Your limit price is significantly away from the current market price. Please adj) — retry 1/3
[2026-09-24T16:03:00-04:00] 2026-09-24-MEIC-12:00-PUT CLOSE (HALT) submitted @ 30.00
[2026-09-24T16:03:00-04:00] 2026-09-24-MEIC-12:30-PUT CLOSE (HALT) submitted @ 30.00
[2026-09-24T16:03:01-04:00] 2026-09-24-MEIC-13:00-CALL CLOSE (HALT) submitted @ 30.00
[2026-09-24T16:03:01-04:00] 2026-09-24-MEIC-14:00-CALL CLOSE (HALT) submitted @ 30.00
[2026-09-24T16:03:33-04:00] 2026-09-24-MEIC-12:00-PUT close REJECTED (Your limit price is significantly away from the current market price. Please adj) — retry 1/3
[2026-09-24T16:03:33-04:00] 2026-09-24-MEIC-12:30-PUT close REJECTED (Your limit price is significantly away from the current market price. Please adj) — retry 1/3
[2026-09-24T16:03:33-04:00] 2026-09-24-MEIC-13:00-CALL close REJECTED (Your limit price is significantly away from the current market price. Please adj) — retry 1/3
[2026-09-24T16:03:34-04:00] 2026-09-24-MEIC-14:00-CALL close REJECTED (Your limit price is significantly away from the current market price. Please adj) — retry 1/3
[2026-09-24T16:03:34-04:00] 2026-09-24-MEIC-12:00-PUT CLOSE (HALT) submitted @ 30.00
[2026-09-24T16:03:35-04:00] 2026-09-24-MEIC-12:30-PUT CLOSE (HALT) submitted @ 30.00
[2026-09-24T16:03:36-04:00] 2026-09-24-MEIC-13:00-CALL CLOSE (HALT) submitted @ 30.00
[2026-09-24T16:03:37-04:00] 2026-09-24-MEIC-14:00-CALL CLOSE (HALT) submitted @ 30.00
[2026-09-24T16:04:08-04:00] 2026-09-24-MEIC-12:00-PUT close REJECTED (Your limit price is significantly away from the current market price. Please adj) — retry 1/3
[2026-09-24T16:04:09-04:00] 2026-09-24-MEIC-12:30-PUT close REJECTED (Your limit price is significantly away from the current market price. Please adj) — retry 1/3
[2026-09-24T16:04:09-04:00] 2026-09-24-MEIC-13:00-CALL close REJECTED (Your limit price is significantly away from the current market price. Please adj) — retry 1/3
[2026-09-24T16:04:09-04:00] 2026-09-24-MEIC-14:00-CALL close REJECTED (Your limit price is significantly away from the current market price. Please adj) — retry 1/3
[2026-09-24T16:04:10-04:00] 2026-09-24-MEIC-12:00-PUT CLOSE (HALT) submitted @ 30.00
[2026-09-24T16:04:10-04:00] 2026-09-24-MEIC-12:30-PUT CLOSE (HALT) submitted @ 30.00
[2026-09-24T16:04:11-04:00] 2026-09-24-MEIC-13:00-CALL CLOSE (HALT) submitted @ 30.00
[2026-09-24T16:04:12-04:00] 2026-09-24-MEIC-14:00-CALL CLOSE (HALT) submitted @ 30.00
[2026-09-24T16:04:43-04:00] 2026-09-24-MEIC-12:00-PUT close REJECTED (Your limit price is significantly away from the current market price. Please adj) — retry 1/3
[2026-09-24T16:04:43-04:00] 2026-09-24-MEIC-12:30-PUT close REJECTED (Your limit price is significantly away from the current market price. Please adj) — retry 1/3
[2026-09-24T16:04:44-04:00] 2026-09-24-MEIC-13:00-CALL close REJECTED (Your limit price is significantly away from the current market price. Please adj) — retry 1/3
[2026-09-24T16:04:44-04:00] 2026-09-24-MEIC-14:00-CALL close REJECTED (Your limit price is significantly away from the current market price. Please adj) — retry 1/3
[2026-09-24T16:04:45-04:00] 2026-09-24-MEIC-12:00-PUT CLOSE (HALT) submitted @ 30.00
[2026-09-24T16:04:45-04:00] 2026-09-24-MEIC-12:30-PUT CLOSE (HALT) submitted @ 30.00
[2026-09-24T16:04:46-04:00] 2026-09-24-MEIC-13:00-CALL CLOSE (HALT) submitted @ 30.00
[2026-09-24T16:04:46-04:00] 2026-09-24-MEIC-14:00-CALL CLOSE (HALT) submitted @ 30.00
[2026-09-24T16:05:17-04:00] 2026-09-24-MEIC-12:00-PUT close REJECTED (Your limit price is significantly away from the current market price. Please adj) — retry 1/3
[2026-09-24T16:05:18-04:00] 2026-09-24-MEIC-12:30-PUT close REJECTED (Your limit price is significantly away from the current market price. Please adj) — retry 1/3
[2026-09-24T16:05:18-04:00] 2026-09-24-MEIC-13:00-CALL close REJECTED (Your limit price is significantly away from the current market price. Please adj) — retry 1/3
[2026-09-24T16:05:18-04:00] 2026-09-24-MEIC-14:00-CALL close REJECTED (Your limit price is significantly away from the current market price. Please adj) — retry 1/3
[2026-09-24T16:05:19-04:00] 2026-09-24-MEIC-12:00-PUT CLOSE (HALT) submitted @ 30.00
[2026-09-24T16:05:19-04:00] 2026-09-24-MEIC-12:30-PUT CLOSE (HALT) submitted @ 30.00
[2026-09-24T16:05:20-04:00] 2026-09-24-MEIC-13:00-CALL CLOSE (HALT) submitted @ 30.00
[2026-09-24T16:05:20-04:00] 2026-09-24-MEIC-14:00-CALL CLOSE (HALT) submitted @ 30.00
[2026-09-24T16:05:51-04:00] 2026-09-24-MEIC-12:00-PUT close REJECTED (Your limit price is significantly away from the current market price. Please adj) — retry 1/3
[2026-09-24T16:05:52-04:00] 2026-09-24-MEIC-12:30-PUT close REJECTED (Your limit price is significantly away from the current market price. Please adj) — retry 1/3
[2026-09-24T16:05:52-04:00] 2026-09-24-MEIC-13:00-CALL close REJECTED (Your limit price is significantly away from the current market price. Please adj) — retry 1/3
[2026-09-24T16:05:53-04:00] 2026-09-24-MEIC-14:00-CALL close REJECTED (Your limit price is significantly away from the current market price. Please adj) — retry 1/3
[2026-09-24T16:05:54-04:00] 2026-09-24-MEIC-12:00-PUT CLOSE (HALT) submitted @ 30.00
[2026-09-24T16:05:54-04:00] 2026-09-24-MEIC-12:30-PUT CLOSE (HALT) submitted @ 30.00
[2026-09-24T16:05:55-04:00] 2026-09-24-MEIC-13:00-CALL CLOSE (HALT) submitted @ 30.00
[2026-09-24T16:05:55-04:00] 2026-09-24-MEIC-14:00-CALL CLOSE (HALT) submitted @ 30.00
[2026-09-24T16:06:26-04:00] 2026-09-24-MEIC-12:00-PUT close REJECTED (Your limit price is significantly away from the current market price. Please adj) — retry 1/3
[2026-09-24T16:06:26-04:00] 2026-09-24-MEIC-12:30-PUT close REJECTED (Your limit price is significantly away from the current market price. Please adj) — retry 1/3
[2026-09-24T16:06:27-04:00] 2026-09-24-MEIC-13:00-CALL close REJECTED (Your limit price is significantly away from the current market price. Please adj) — retry 1/3
[2026-09-24T16:06:27-04:00] 2026-09-24-MEIC-14:00-CALL close REJECTED (Your limit price is significantly away from the current market price. Please adj) — retry 1/3
[2026-09-24T16:06:28-04:00] 2026-09-24-MEIC-12:00-PUT CLOSE (HALT) submitted @ 30.00
[2026-09-24T16:06:28-04:00] 2026-09-24-MEIC-12:30-PUT CLOSE (HALT) submitted @ 30.00
[2026-09-24T16:06:28-04:00] 2026-09-24-MEIC-13:00-CALL CLOSE (HALT) submitted @ 30.00
[2026-09-24T16:06:29-04:00] 2026-09-24-MEIC-14:00-CALL CLOSE (HALT) submitted @ 30.00
[2026-09-24T16:07:00-04:00] 2026-09-24-MEIC-12:00-PUT close REJECTED (Your limit price is significantly away from the current market price. Please adj) — retry 1/3
[2026-09-24T16:07:01-04:00] 2026-09-24-MEIC-12:30-PUT close REJECTED (Your limit price is significantly away from the current market price. Please adj) — retry 1/3
[2026-09-24T16:07:01-04:00] 2026-09-24-MEIC-13:00-CALL close REJECTED (Your limit price is significantly away from the current market price. Please adj) — retry 1/3
[2026-09-24T16:07:02-04:00] 2026-09-24-MEIC-14:00-CALL close REJECTED (Your limit price is significantly away from the current market price. Please adj) — retry 1/3
[2026-09-24T16:07:02-04:00] 2026-09-24-MEIC-12:00-PUT CLOSE (HALT) submitted @ 30.00
[2026-09-24T16:07:03-04:00] 2026-09-24-MEIC-12:30-PUT CLOSE (HALT) submitted @ 30.00
[2026-09-24T16:07:03-04:00] 2026-09-24-MEIC-13:00-CALL CLOSE (HALT) submitted @ 30.00
[2026-09-24T16:07:04-04:00] 2026-09-24-MEIC-14:00-CALL CLOSE (HALT) submitted @ 30.00
[2026-09-24T16:07:04-04:00] cancel 1008059878465: HTTP 400
[2026-09-24T16:07:04-04:00] 2026-09-24-MEIC-12:00-PUT settled at intrinsic 0.00 pnl +175
[2026-09-24T16:07:05-04:00] cancel 1008059878468: HTTP 400
[2026-09-24T16:07:05-04:00] 2026-09-24-MEIC-12:30-PUT settled at intrinsic 0.00 pnl +150
[2026-09-24T16:07:05-04:00] cancel 1008059878470: HTTP 400
[2026-09-24T16:07:05-04:00] 2026-09-24-MEIC-13:00-CALL settled at intrinsic 0.00 pnl +180
[2026-09-24T16:07:06-04:00] cancel 1008059878473: HTTP 400
[2026-09-24T16:07:06-04:00] 2026-09-24-MEIC-14:00-CALL settled at intrinsic 0.00 pnl +220
[2026-09-25T12:00:22-04:00] 2026-09-25-MEIC-12:00-PUT OPEN submitted 1.65 cr (order 1008068796771)
[2026-09-25T12:00:23-04:00] 2026-09-25-MEIC-12:00-CALL OPEN submitted 1.65 cr (order 1008068796774)
[2026-09-25T12:00:54-04:00] 2026-09-25-MEIC-12:00-CALL FILLED @ 1.85 (theo limit 1.65)
[2026-09-25T12:03:33-04:00] 2026-09-25-MEIC-12:00-CALL CLOSE (STOPPED) submitted @ 4.60
[2026-09-25T12:04:37-04:00] 2026-09-25-MEIC-12:00-PUT repriced to 1.55
[2026-09-25T12:04:38-04:00] 2026-09-25-MEIC-12:00-CALL CLOSED @ 4.60 pnl -280
[2026-09-25T12:08:50-04:00] 2026-09-25-MEIC-12:00-PUT unfilled after reprice — skipped
[2026-09-25T12:30:26-04:00] 2026-09-25-MEIC-12:30-PUT OPEN submitted 1.70 cr (order 1008070002777)
[2026-09-25T12:30:27-04:00] 2026-09-25-MEIC-12:30-CALL OPEN submitted 1.90 cr (order 1008070002780)
[2026-09-25T12:30:58-04:00] 2026-09-25-MEIC-12:30-PUT FILLED @ 1.90 (theo limit 1.70)
[2026-09-25T12:32:01-04:00] 2026-09-25-MEIC-12:30-CALL FILLED @ 1.90 (theo limit 1.90)
[2026-09-25T13:00:20-04:00] 2026-09-25-MEIC-13:00-PUT OPEN submitted 1.70 cr (order 1008071444174)
[2026-09-25T13:00:20-04:00] 2026-09-25-MEIC-13:00-CALL OPEN submitted 1.80 cr (order 1008071444176)
[2026-09-25T13:00:51-04:00] 2026-09-25-MEIC-13:00-PUT FILLED @ 1.70 (theo limit 1.70)
[2026-09-25T13:00:51-04:00] 2026-09-25-MEIC-13:00-CALL FILLED @ 1.80 (theo limit 1.80)
[2026-09-25T13:30:15-04:00] 2026-09-25-MEIC-13:30-PUT OPEN submitted 1.70 cr (order 1008071445585)
[2026-09-25T13:30:15-04:00] 2026-09-25-MEIC-13:30-CALL OPEN submitted 1.70 cr (order 1008071445587)
[2026-09-25T13:30:46-04:00] 2026-09-25-MEIC-13:30-PUT FILLED @ 1.80 (theo limit 1.70)
[2026-09-25T13:30:46-04:00] 2026-09-25-MEIC-13:30-CALL FILLED @ 1.70 (theo limit 1.70)
[2026-09-25T14:00:07-04:00] 2026-09-25-MEIC-14:00-PUT OPEN submitted 1.95 cr (order 1008072698882)
[2026-09-25T14:00:08-04:00] 2026-09-25-MEIC-14:00-CALL OPEN submitted 2.40 cr (order 1008072698885)
[2026-09-25T14:00:38-04:00] 2026-09-25-MEIC-14:00-PUT FILLED @ 2.00 (theo limit 1.95)
[2026-09-25T14:00:39-04:00] 2026-09-25-MEIC-14:00-CALL FILLED @ 2.40 (theo limit 2.40)
[2026-09-25T14:30:30-04:00] 2026-09-25-MEIC-14:30-PUT OPEN submitted 1.95 cr (order 1008074148055)
[2026-09-25T14:30:31-04:00] 2026-09-25-MEIC-14:30-CALL OPEN submitted 2.65 cr (order 1008074148058)
[2026-09-25T14:31:02-04:00] 2026-09-25-MEIC-14:30-CALL FILLED @ 3.30 (theo limit 2.65)
[2026-09-25T14:34:42-04:00] 2026-09-25-MEIC-14:30-PUT repriced to 1.85
[2026-09-25T14:37:50-04:00] 2026-09-25-MEIC-14:30-PUT FILLED @ 1.85 (theo limit 1.85)
[2026-09-25T15:27:50-04:00] 2026-09-25-MEIC-12:30-CALL CLOSE (TP) submitted @ 0.10
[2026-09-25T15:32:03-04:00] 2026-09-25-MEIC-12:30-CALL CLOSE (TP) submitted @ 0.30
[2026-09-25T15:36:15-04:00] 2026-09-25-MEIC-12:30-CALL CLOSE (TP) submitted @ 0.75
[2026-09-25T15:36:47-04:00] 2026-09-25-MEIC-12:30-CALL close REJECTED (Your limit price is significantly away from the current market price. Please adj) — retry 1/3
[2026-09-25T15:36:48-04:00] 2026-09-25-MEIC-12:30-CALL CLOSE (TP) submitted @ 0.10
[2026-09-25T15:40:58-04:00] 2026-09-25-MEIC-12:30-CALL CLOSE (TP) submitted @ 0.30
[2026-09-25T15:45:10-04:00] 2026-09-25-MEIC-12:30-CALL CLOSE (TP) submitted @ 0.75
[2026-09-25T15:45:41-04:00] 2026-09-25-MEIC-12:30-CALL close REJECTED (Your limit price is significantly away from the current market price. Please adj) — retry 1/3
[2026-09-25T15:45:42-04:00] 2026-09-25-MEIC-12:30-CALL CLOSE (TP) submitted @ 0.10
[2026-09-25T15:47:47-04:00] 2026-09-25-MEIC-12:30-CALL CLOSED @ 0.05 pnl +180
[2026-09-25T15:47:49-04:00] 2026-09-25-MEIC-14:30-CALL CLOSE (STOPPED) submitted @ 5.90
[2026-09-25T15:48:19-04:00] 2026-09-25-MEIC-14:30-CALL close REJECTED (Your limit price is significantly away from the current market price. Please adj) — retry 1/3
[2026-09-25T15:48:20-04:00] 2026-09-25-MEIC-12:30-PUT CLOSE (TP) submitted @ 0.15
[2026-09-25T15:48:21-04:00] 2026-09-25-MEIC-13:00-PUT CLOSE (TP) submitted @ 0.10
[2026-09-25T15:48:21-04:00] 2026-09-25-MEIC-14:30-CALL CLOSE (STOPPED) submitted @ 5.90
[2026-09-25T15:48:53-04:00] 2026-09-25-MEIC-14:30-CALL close REJECTED (Your limit price is significantly away from the current market price. Please adj) — retry 1/3
[2026-09-25T15:48:54-04:00] 2026-09-25-MEIC-14:30-CALL CLOSE (STOPPED) submitted @ 5.90
[2026-09-25T15:49:26-04:00] 2026-09-25-MEIC-14:30-CALL close REJECTED (Your limit price is significantly away from the current market price. Please adj) — retry 1/3
[2026-09-25T15:49:26-04:00] 2026-09-25-MEIC-14:30-CALL CLOSE (STOPPED) submitted @ 5.90
[2026-09-25T15:49:58-04:00] 2026-09-25-MEIC-14:30-CALL close REJECTED (Your limit price is significantly away from the current market price. Please adj) — retry 1/3
[2026-09-25T15:50:00-04:00] 2026-09-25-MEIC-14:30-CALL CLOSE (STOPPED) submitted @ 5.90
[2026-09-25T15:50:31-04:00] 2026-09-25-MEIC-12:30-PUT CLOSED @ 0.05 pnl +180
[2026-09-25T15:50:31-04:00] 2026-09-25-MEIC-14:30-CALL close REJECTED (Your limit price is significantly away from the current market price. Please adj) — retry 1/3
[2026-09-25T15:50:33-04:00] 2026-09-25-MEIC-14:30-CALL CLOSE (STOPPED) submitted @ 5.90
[2026-09-25T15:51:03-04:00] 2026-09-25-MEIC-13:00-PUT CLOSED @ 0.05 pnl +160
[2026-09-25T15:51:04-04:00] 2026-09-25-MEIC-14:30-CALL CLOSED @ 5.85 pnl -260
[2026-09-25T15:56:43-04:00] 2026-09-25-MEIC-13:30-CALL CLOSE (TP) submitted @ 0.10
[2026-09-25T15:57:46-04:00] 2026-09-25-MEIC-13:30-PUT CLOSE (TP) submitted @ 0.10
[2026-09-25T15:57:47-04:00] 2026-09-25-MEIC-14:00-PUT CLOSE (TP) submitted @ 0.10
[2026-09-25T15:57:48-04:00] 2026-09-25-MEIC-14:30-PUT CLOSE (TP) submitted @ 0.10
[2026-09-25T15:58:53-04:00] 2026-09-25-MEIC-13:00-CALL CLOSE (TP) submitted @ 0.15
[2026-09-25T15:59:59-04:00] 2026-09-25-MEIC-14:00-CALL CLOSE (TP) submitted @ 0.10
[2026-09-25T16:00:30-04:00] 2026-09-25-MEIC-13:00-CALL close REJECTED (This option contract has either changed, no longer trades or has expired.) — retry 1/3
[2026-09-25T16:00:31-04:00] 2026-09-25-MEIC-13:30-CALL close REJECTED (This option contract has either changed, no longer trades or has expired.) — retry 1/3
[2026-09-25T16:00:32-04:00] 2026-09-25-MEIC-14:00-PUT close REJECTED (This option contract has either changed, no longer trades or has expired.) — retry 1/3
[2026-09-25T16:00:34-04:00] 2026-09-25-MEIC-13:00-CALL CLOSE (TP) submitted @ 0.15
[2026-09-25T16:00:34-04:00] 2026-09-25-MEIC-13:30-CALL CLOSE (TP) submitted @ 0.10
[2026-09-25T16:00:35-04:00] 2026-09-25-MEIC-14:00-PUT CLOSE (TP) submitted @ 0.10
[2026-09-25T16:01:06-04:00] 2026-09-25-MEIC-13:00-CALL close REJECTED (This option contract has either changed, no longer trades or has expired.) — retry 1/3
[2026-09-25T16:01:06-04:00] 2026-09-25-MEIC-13:30-CALL close REJECTED (This option contract is no longer valid. Please check the expiration date.) — retry 1/3
[2026-09-25T16:01:07-04:00] 2026-09-25-MEIC-14:00-PUT close REJECTED (This option contract has either changed, no longer trades or has expired.) — retry 1/3
[2026-09-25T16:01:09-04:00] 2026-09-25-MEIC-13:00-CALL CLOSE (TP) submitted @ 0.15
[2026-09-25T16:01:09-04:00] 2026-09-25-MEIC-13:30-CALL CLOSE (TP) submitted @ 0.10
[2026-09-25T16:01:10-04:00] 2026-09-25-MEIC-14:00-PUT CLOSE (TP) submitted @ 0.10
[2026-09-25T16:01:40-04:00] 2026-09-25-MEIC-13:00-CALL close REJECTED (Your order was not placed. It was direct routed to a market center that does not) — retry 1/3
[2026-09-25T16:01:42-04:00] 2026-09-25-MEIC-14:00-PUT close REJECTED (This option contract has either changed, no longer trades or has expired.) — retry 1/3
[2026-09-25T16:01:43-04:00] 2026-09-25-MEIC-13:00-CALL CLOSE (TP) submitted @ 0.15
[2026-09-25T16:01:44-04:00] 2026-09-25-MEIC-14:00-PUT CLOSE (TP) submitted @ 0.10
[2026-09-25T16:02:14-04:00] 2026-09-25-MEIC-13:00-CALL close REJECTED (Your order was not placed. It was direct routed to a market center that does not) — retry 1/3
[2026-09-25T16:02:16-04:00] 2026-09-25-MEIC-13:30-PUT CLOSE (TP) submitted @ 0.30
[2026-09-25T16:02:16-04:00] 2026-09-25-MEIC-14:00-PUT close REJECTED (This option contract has either changed, no longer trades or has expired.) — retry 1/3
[2026-09-25T16:02:18-04:00] 2026-09-25-MEIC-14:30-PUT CLOSE (TP) submitted @ 0.30
[2026-09-25T16:02:19-04:00] 2026-09-25-MEIC-13:00-CALL CLOSE (TP) submitted @ 0.15
[2026-09-25T16:02:20-04:00] 2026-09-25-MEIC-14:00-PUT CLOSE (TP) submitted @ 0.10
[2026-09-25T16:02:50-04:00] 2026-09-25-MEIC-13:00-CALL close REJECTED (This option contract is no longer valid. Please check the expiration date.) — retry 1/3
[2026-09-25T16:02:51-04:00] 2026-09-25-MEIC-13:30-PUT close REJECTED (This option contract is no longer valid. Please check the expiration date.) — retry 1/3
[2026-09-25T16:02:52-04:00] 2026-09-25-MEIC-14:00-PUT close REJECTED (This option contract has either changed, no longer trades or has expired.) — retry 1/3
[2026-09-25T16:02:52-04:00] 2026-09-25-MEIC-14:30-PUT close REJECTED (Your order was not placed. It was direct routed to a market center that does not) — retry 1/3
[2026-09-25T16:02:53-04:00] 2026-09-25-MEIC-13:00-CALL CLOSE (TP) submitted @ 0.15
[2026-09-25T16:02:54-04:00] 2026-09-25-MEIC-13:30-PUT CLOSE (TP) submitted @ 0.10
[2026-09-25T16:02:54-04:00] 2026-09-25-MEIC-14:00-PUT CLOSE (TP) submitted @ 0.10
[2026-09-25T16:02:55-04:00] 2026-09-25-MEIC-14:30-PUT CLOSE (TP) submitted @ 0.10
[2026-09-25T16:03:25-04:00] 2026-09-25-MEIC-13:00-CALL close REJECTED (Your order was not placed. It was direct routed to a market center that does not) — retry 1/3
[2026-09-25T16:03:26-04:00] 2026-09-25-MEIC-13:30-PUT close REJECTED (This option contract has either changed, no longer trades or has expired.) — retry 1/3
[2026-09-25T16:03:26-04:00] 2026-09-25-MEIC-14:00-PUT close REJECTED (This option contract is no longer valid. Please check the expiration date.) — retry 1/3
[2026-09-25T16:03:27-04:00] 2026-09-25-MEIC-14:30-PUT close REJECTED (This option contract has either changed, no longer trades or has expired.) — retry 1/3
[2026-09-25T16:03:28-04:00] 2026-09-25-MEIC-13:00-CALL CLOSE (TP) submitted @ 0.15
[2026-09-25T16:03:28-04:00] 2026-09-25-MEIC-13:30-PUT CLOSE (TP) submitted @ 0.10
[2026-09-25T16:03:29-04:00] 2026-09-25-MEIC-14:00-PUT CLOSE (TP) submitted @ 0.10
[2026-09-25T16:03:29-04:00] 2026-09-25-MEIC-14:30-PUT CLOSE (TP) submitted @ 0.10
[2026-09-25T16:04:00-04:00] 2026-09-25-MEIC-13:00-CALL close REJECTED (Your order was not placed. It was direct routed to a market center that does not) — retry 1/3
[2026-09-25T16:04:00-04:00] 2026-09-25-MEIC-13:30-PUT close REJECTED (This option contract is no longer valid. Please check the expiration date.) — retry 1/3
[2026-09-25T16:04:01-04:00] 2026-09-25-MEIC-14:00-PUT close REJECTED (This option contract has either changed, no longer trades or has expired.) — retry 1/3
[2026-09-25T16:04:03-04:00] 2026-09-25-MEIC-14:00-CALL CLOSE (TP) submitted @ 0.30
[2026-09-25T16:04:04-04:00] 2026-09-25-MEIC-13:00-CALL CLOSE (TP) submitted @ 0.15
[2026-09-25T16:04:04-04:00] 2026-09-25-MEIC-13:30-PUT CLOSE (TP) submitted @ 0.10
[2026-09-25T16:04:05-04:00] 2026-09-25-MEIC-14:00-PUT CLOSE (TP) submitted @ 0.10
[2026-09-25T16:04:35-04:00] 2026-09-25-MEIC-13:00-CALL close REJECTED (This option contract is no longer valid. Please check the expiration date.) — retry 1/3
[2026-09-25T16:04:36-04:00] 2026-09-25-MEIC-13:30-PUT close REJECTED (This option contract has either changed, no longer trades or has expired.) — retry 1/3
[2026-09-25T16:04:37-04:00] 2026-09-25-MEIC-14:00-PUT close REJECTED (Your order was not placed. It was direct routed to a market center that does not) — retry 1/3
[2026-09-25T16:04:37-04:00] 2026-09-25-MEIC-14:00-CALL close REJECTED (Your order was not placed. It was direct routed to a market center that does not) — retry 1/3
[2026-09-25T16:04:38-04:00] 2026-09-25-MEIC-13:00-CALL CLOSE (TP) submitted @ 0.15
[2026-09-25T16:04:39-04:00] 2026-09-25-MEIC-13:30-PUT CLOSE (TP) submitted @ 0.10
[2026-09-25T16:04:39-04:00] 2026-09-25-MEIC-14:00-PUT CLOSE (TP) submitted @ 0.10
[2026-09-25T16:04:40-04:00] 2026-09-25-MEIC-14:00-CALL CLOSE (TP) submitted @ 0.10
[2026-09-25T16:05:11-04:00] 2026-09-25-MEIC-13:00-CALL close REJECTED (This option contract has either changed, no longer trades or has expired.) — retry 1/3
[2026-09-25T16:05:11-04:00] 2026-09-25-MEIC-13:30-PUT close REJECTED (This option contract is no longer valid. Please check the expiration date.) — retry 1/3
[2026-09-25T16:05:12-04:00] 2026-09-25-MEIC-13:30-CALL CLOSE (TP) submitted @ 0.30
[2026-09-25T16:05:13-04:00] 2026-09-25-MEIC-14:00-PUT close REJECTED (This option contract has either changed, no longer trades or has expired.) — retry 1/3
[2026-09-25T16:05:13-04:00] 2026-09-25-MEIC-14:00-CALL close REJECTED (Your order was not placed. It was direct routed to a market center that does not) — retry 1/3
[2026-09-25T16:05:15-04:00] 2026-09-25-MEIC-13:00-CALL CLOSE (TP) submitted @ 0.15
[2026-09-25T16:05:15-04:00] 2026-09-25-MEIC-13:30-PUT CLOSE (TP) submitted @ 0.10
[2026-09-25T16:05:15-04:00] 2026-09-25-MEIC-14:00-PUT CLOSE (TP) submitted @ 0.10
[2026-09-25T16:05:16-04:00] 2026-09-25-MEIC-14:00-CALL CLOSE (TP) submitted @ 0.10
[2026-09-25T16:05:47-04:00] 2026-09-25-MEIC-13:30-PUT close REJECTED (This option contract has either changed, no longer trades or has expired.) — retry 1/3
[2026-09-25T16:05:47-04:00] 2026-09-25-MEIC-13:30-CALL close REJECTED (This option contract is no longer valid. Please check the expiration date.) — retry 1/3
[2026-09-25T16:05:48-04:00] 2026-09-25-MEIC-14:00-PUT close REJECTED (Your order was not placed. It was direct routed to a market center that does not) — retry 1/3
[2026-09-25T16:05:48-04:00] 2026-09-25-MEIC-14:00-CALL close REJECTED (This option contract has either changed, no longer trades or has expired.) — retry 1/3
[2026-09-25T16:05:50-04:00] 2026-09-25-MEIC-13:30-PUT CLOSE (TP) submitted @ 0.10
[2026-09-25T16:05:50-04:00] 2026-09-25-MEIC-13:30-CALL CLOSE (TP) submitted @ 0.10
[2026-09-25T16:05:51-04:00] 2026-09-25-MEIC-14:00-PUT CLOSE (TP) submitted @ 0.10
[2026-09-25T16:05:51-04:00] 2026-09-25-MEIC-14:00-CALL CLOSE (TP) submitted @ 0.10
[2026-09-25T16:06:22-04:00] 2026-09-25-MEIC-13:30-PUT close REJECTED (This option contract is no longer valid. Please check the expiration date.) — retry 1/3
[2026-09-25T16:06:23-04:00] 2026-09-25-MEIC-13:30-CALL close REJECTED (This option contract has either changed, no longer trades or has expired.) — retry 1/3
[2026-09-25T16:06:23-04:00] 2026-09-25-MEIC-14:00-PUT close REJECTED (Your order was not placed. It was direct routed to a market center that does not) — retry 1/3
[2026-09-25T16:06:23-04:00] 2026-09-25-MEIC-14:00-CALL close REJECTED (This option contract is no longer valid. Please check the expiration date.) — retry 1/3
[2026-09-25T16:06:25-04:00] 2026-09-25-MEIC-13:30-PUT CLOSE (TP) submitted @ 0.10
[2026-09-25T16:06:25-04:00] 2026-09-25-MEIC-13:30-CALL CLOSE (TP) submitted @ 0.10
[2026-09-25T16:06:26-04:00] 2026-09-25-MEIC-14:00-PUT CLOSE (TP) submitted @ 0.10
[2026-09-25T16:06:26-04:00] 2026-09-25-MEIC-14:00-CALL CLOSE (TP) submitted @ 0.10
[2026-09-25T16:06:57-04:00] 2026-09-25-MEIC-13:30-PUT close REJECTED (This option contract has either changed, no longer trades or has expired.) — retry 1/3
[2026-09-25T16:06:58-04:00] 2026-09-25-MEIC-13:30-CALL close REJECTED (Your order was not placed. It was direct routed to a market center that does not) — retry 1/3
[2026-09-25T16:06:58-04:00] 2026-09-25-MEIC-14:00-PUT close REJECTED (This option contract has either changed, no longer trades or has expired.) — retry 1/3
[2026-09-25T16:06:58-04:00] 2026-09-25-MEIC-14:00-CALL close REJECTED (This option contract is no longer valid. Please check the expiration date.) — retry 1/3
[2026-09-25T16:07:00-04:00] 2026-09-25-MEIC-13:30-PUT CLOSE (TP) submitted @ 0.10
[2026-09-25T16:07:00-04:00] 2026-09-25-MEIC-13:30-CALL CLOSE (TP) submitted @ 0.10
[2026-09-25T16:07:01-04:00] 2026-09-25-MEIC-14:00-PUT CLOSE (TP) submitted @ 0.10
[2026-09-25T16:07:01-04:00] 2026-09-25-MEIC-14:00-CALL CLOSE (TP) submitted @ 0.10
[2026-09-25T16:07:02-04:00] 2026-09-25-MEIC-13:00-CALL settled at intrinsic 0.00 pnl +178
[2026-09-25T16:07:02-04:00] 2026-09-25-MEIC-13:30-PUT settled at intrinsic 0.00 pnl +178
[2026-09-25T16:07:03-04:00] cancel 1008076914050: HTTP 400
[2026-09-25T16:07:03-04:00] 2026-09-25-MEIC-13:30-CALL settled at intrinsic 0.00 pnl +168
[2026-09-25T16:07:03-04:00] cancel 1008076914052: HTTP 400
[2026-09-25T16:07:03-04:00] 2026-09-25-MEIC-14:00-PUT settled at intrinsic 0.00 pnl +198
[2026-09-25T16:07:04-04:00] cancel 1008076914054: HTTP 400
[2026-09-25T16:07:04-04:00] 2026-09-25-MEIC-14:00-CALL settled at intrinsic 0.00 pnl +238
[2026-09-25T16:07:04-04:00] 2026-09-25-MEIC-14:30-PUT settled at intrinsic 0.00 pnl +183
[2026-09-26T20:28:10-04:00] schwab audit: 500 Server Error: Internal Server Error for url: https://api.schwabapi.com/trader/v1/accounts/9243454752FF7A9222225FC96965292E4009F109774DD4E0BA2FA5E318884C14?fields=positions
[2026-09-26T20:38:10-04:00] schwab audit: 503 Server Error: Service Unavailable for url: https://api.schwabapi.com/trader/v1/accounts/9243454752FF7A9222225FC96965292E4009F109774DD4E0BA2FA5E318884C14?fields=positions
[2026-09-26T20:48:11-04:00] schwab audit: 503 Server Error: Service Unavailable for url: https://api.schwabapi.com/trader/v1/accounts/9243454752FF7A9222225FC96965292E4009F109774DD4E0BA2FA5E318884C14?fields=positions
[2026-09-26T20:58:12-04:00] schwab audit: 503 Server Error: Service Unavailable for url: https://api.schwabapi.com/trader/v1/accounts/9243454752FF7A9222225FC96965292E4009F109774DD4E0BA2FA5E318884C14?fields=positions
[2026-09-26T21:08:13-04:00] schwab audit: 503 Server Error: Service Unavailable for url: https://api.schwabapi.com/trader/v1/accounts/9243454752FF7A9222225FC96965292E4009F109774DD4E0BA2FA5E318884C14?fields=positions
[2026-09-26T22:48:21-04:00] schwab audit: 500 Server Error: Internal Server Error for url: https://api.schwabapi.com/trader/v1/accounts/9243454752FF7A9222225FC96965292E4009F109774DD4E0BA2FA5E318884C14?fields=positions
[2026-09-26T22:58:21-04:00] schwab audit: 503 Server Error: Service Unavailable for url: https://api.schwabapi.com/trader/v1/accounts/9243454752FF7A9222225FC96965292E4009F109774DD4E0BA2FA5E318884C14?fields=positions
[2026-09-28T10:01:09-04:00] schwab audit: token refresh failed: HTTP 400
[2026-09-28T10:11:10-04:00] schwab audit: token refresh failed: HTTP 400
[2026-09-28T12:00:04-04:00] 2026-09-28-MEIC-12:00-PUT OPEN submitted 1.45 cr (order 1008086243783)
[2026-09-28T12:00:05-04:00] 2026-09-28-MEIC-12:00-CALL OPEN submitted 1.45 cr (order 1008086243785)
[2026-09-28T12:00:36-04:00] 2026-09-28-MEIC-12:00-PUT FILLED @ 1.50 (theo limit 1.45)
[2026-09-28T12:00:36-04:00] 2026-09-28-MEIC-12:00-CALL FILLED @ 1.45 (theo limit 1.45)
[2026-09-28T12:17:39-04:00] 2026-09-28-MEIC-12:00-CALL CLOSE (STOPPED) submitted @ 3.50
[2026-09-28T12:18:10-04:00] 2026-09-28-MEIC-12:00-CALL CLOSED @ 3.20 pnl -180
[2026-09-28T12:30:32-04:00] 2026-09-28-MEIC-12:30-PUT OPEN submitted 1.50 cr (order 1008087299929)
[2026-09-28T12:30:32-04:00] 2026-09-28-MEIC-12:30-CALL OPEN submitted 1.55 cr (order 1008087299931)
[2026-09-28T12:31:03-04:00] 2026-09-28-MEIC-12:30-PUT FILLED @ 1.80 (theo limit 1.50)
[2026-09-28T12:34:44-04:00] 2026-09-28-MEIC-12:30-CALL repriced to 1.45
[2026-09-28T12:38:54-04:00] 2026-09-28-MEIC-12:30-CALL unfilled after reprice — skipped
[2026-09-28T12:42:30-04:00] 2026-09-28-MEIC-12:30-PUT CLOSE (STOPPED) submitted @ 3.30
[2026-09-28T12:43:02-04:00] 2026-09-28-MEIC-12:30-PUT CLOSED @ 3.30 pnl -155
[2026-09-28T13:00:32-04:00] 2026-09-28-MEIC-13:00-PUT OPEN submitted 1.95 cr (order 1008088377923)
[2026-09-28T13:00:33-04:00] 2026-09-28-MEIC-13:00-CALL OPEN submitted 1.50 cr (order 1008088377925)
[2026-09-28T13:01:04-04:00] 2026-09-28-MEIC-13:00-PUT FILLED @ 2.45 (theo limit 1.95)
[2026-09-28T13:01:36-04:00] 2026-09-28-MEIC-13:00-CALL FILLED @ 1.50 (theo limit 1.50)
[2026-09-28T13:12:25-04:00] 2026-09-28-MEIC-13:00-CALL CLOSE (STOPPED) submitted @ 5.40
[2026-09-28T13:12:56-04:00] 2026-09-28-MEIC-13:00-CALL CLOSED @ 5.40 pnl -395
[2026-09-28T13:30:25-04:00] 2026-09-28-MEIC-13:30-PUT OPEN submitted 1.80 cr (order 1008089477804)
[2026-09-28T13:30:26-04:00] 2026-09-28-MEIC-13:30-CALL OPEN submitted 1.80 cr (order 1008089477806)
[2026-09-28T13:30:57-04:00] 2026-09-28-MEIC-13:30-CALL FILLED @ 1.85 (theo limit 1.80)
[2026-09-28T13:34:06-04:00] 2026-09-28-MEIC-13:30-PUT FILLED @ 1.80 (theo limit 1.80)
[2026-09-28T14:00:22-04:00] 2026-09-28-MEIC-14:00-PUT OPEN submitted 1.45 cr (order 1008090573071)
[2026-09-28T14:00:23-04:00] 2026-09-28-MEIC-14:00-CALL OPEN submitted 1.45 cr (order 1008090573074)
[2026-09-28T14:00:53-04:00] 2026-09-28-MEIC-14:00-PUT FILLED @ 1.55 (theo limit 1.45)
[2026-09-28T14:04:32-04:00] 2026-09-28-MEIC-14:00-CALL FILLED @ 1.45 (theo limit 1.45)
[2026-09-28T14:30:18-04:00] 2026-09-28-MEIC-14:30-PUT OPEN submitted 1.50 cr (order 1008091950357)
[2026-09-28T14:30:18-04:00] 2026-09-28-MEIC-14:30-CALL OPEN submitted 1.65 cr (order 1008091950359)
[2026-09-28T14:30:49-04:00] 2026-09-28-MEIC-14:30-PUT FILLED @ 1.50 (theo limit 1.50)
[2026-09-28T14:30:50-04:00] 2026-09-28-MEIC-14:30-CALL FILLED @ 1.65 (theo limit 1.65)
[2026-09-28T15:39:23-04:00] 2026-09-28-MEIC-14:00-PUT CLOSE (STOPPED) submitted @ 3.60
[2026-09-28T15:39:23-04:00] 2026-09-28-MEIC-14:30-PUT CLOSE (STOPPED) submitted @ 3.60
[2026-09-28T15:39:54-04:00] 2026-09-28-MEIC-14:00-PUT CLOSED @ 3.30 pnl -180
[2026-09-28T15:39:55-04:00] 2026-09-28-MEIC-14:30-PUT CLOSED @ 3.25 pnl -180
[2026-09-28T15:39:55-04:00] DAILY STOP hit (-1089) — halting
[2026-09-28T15:39:55-04:00] 2026-09-28-MEIC-12:00-PUT CLOSE (HALT) submitted @ 30.00
[2026-09-28T15:39:56-04:00] 2026-09-28-MEIC-13:00-PUT CLOSE (HALT) submitted @ 30.00
[2026-09-28T15:39:56-04:00] 2026-09-28-MEIC-13:30-PUT CLOSE (HALT) submitted @ 30.00
[2026-09-28T15:39:57-04:00] 2026-09-28-MEIC-13:30-CALL CLOSE (HALT) submitted @ 30.00
[2026-09-28T15:39:57-04:00] 2026-09-28-MEIC-14:00-CALL CLOSE (HALT) submitted @ 30.00
[2026-09-28T15:39:57-04:00] 2026-09-28-MEIC-14:30-CALL CLOSE (HALT) submitted @ 30.00
[2026-09-28T15:40:29-04:00] 2026-09-28-MEIC-12:00-PUT close REJECTED (Your limit price is significantly away from the current market price. Please adj) — retry 1/3
[2026-09-28T15:40:29-04:00] 2026-09-28-MEIC-13:00-PUT close REJECTED (Your limit price is significantly away from the current market price. Please adj) — retry 1/3
[2026-09-28T15:40:30-04:00] 2026-09-28-MEIC-13:30-PUT close REJECTED (Your limit price is significantly away from the current market price. Please adj) — retry 1/3
[2026-09-28T15:40:30-04:00] 2026-09-28-MEIC-13:30-CALL close REJECTED (Your limit price is significantly away from the current market price. Please adj) — retry 1/3
[2026-09-28T15:40:30-04:00] 2026-09-28-MEIC-14:00-CALL close REJECTED (Your limit price is significantly away from the current market price. Please adj) — retry 1/3
[2026-09-28T15:40:31-04:00] 2026-09-28-MEIC-14:30-CALL close REJECTED (Your limit price is significantly away from the current market price. Please adj) — retry 1/3
[2026-09-28T15:40:31-04:00] 2026-09-28-MEIC-12:00-PUT CLOSE (HALT) submitted @ 30.00
[2026-09-28T15:40:32-04:00] 2026-09-28-MEIC-13:00-PUT CLOSE (HALT) submitted @ 30.00
[2026-09-28T15:40:32-04:00] 2026-09-28-MEIC-13:30-PUT CLOSE (HALT) submitted @ 30.00
[2026-09-28T15:40:33-04:00] 2026-09-28-MEIC-13:30-CALL CLOSE (HALT) submitted @ 30.00
[2026-09-28T15:40:34-04:00] 2026-09-28-MEIC-14:00-CALL CLOSE (HALT) submitted @ 30.00
[2026-09-28T15:40:34-04:00] 2026-09-28-MEIC-14:30-CALL CLOSE (HALT) submitted @ 30.00
[2026-09-28T15:41:05-04:00] 2026-09-28-MEIC-12:00-PUT close REJECTED (Your limit price is significantly away from the current market price. Please adj) — retry 1/3
[2026-09-28T15:41:06-04:00] 2026-09-28-MEIC-13:00-PUT close REJECTED (Your limit price is significantly away from the current market price. Please adj) — retry 1/3
[2026-09-28T15:41:06-04:00] 2026-09-28-MEIC-13:30-PUT close REJECTED (Your limit price is significantly away from the current market price. Please adj) — retry 1/3
[2026-09-28T15:41:07-04:00] 2026-09-28-MEIC-13:30-CALL close REJECTED (Your limit price is significantly away from the current market price. Please adj) — retry 1/3
[2026-09-28T15:41:07-04:00] 2026-09-28-MEIC-14:00-CALL close REJECTED (Your limit price is significantly away from the current market price. Please adj) — retry 1/3
[2026-09-28T15:41:08-04:00] 2026-09-28-MEIC-14:30-CALL close REJECTED (Your limit price is significantly away from the current market price. Please adj) — retry 1/3
[2026-09-28T15:41:08-04:00] 2026-09-28-MEIC-12:00-PUT CLOSE (HALT) submitted @ 30.00
[2026-09-28T15:41:09-04:00] 2026-09-28-MEIC-13:00-PUT CLOSE (HALT) submitted @ 30.00
[2026-09-28T15:41:09-04:00] 2026-09-28-MEIC-13:30-PUT CLOSE (HALT) submitted @ 30.00
[2026-09-28T15:41:10-04:00] 2026-09-28-MEIC-13:30-CALL CLOSE (HALT) submitted @ 30.00
[2026-09-28T15:41:10-04:00] 2026-09-28-MEIC-14:00-CALL CLOSE (HALT) submitted @ 30.00
[2026-09-28T15:41:11-04:00] 2026-09-28-MEIC-14:30-CALL CLOSE (HALT) submitted @ 30.00
[2026-09-28T15:41:42-04:00] 2026-09-28-MEIC-12:00-PUT close REJECTED (Your limit price is significantly away from the current market price. Please adj) — retry 1/3
[2026-09-28T15:41:43-04:00] 2026-09-28-MEIC-13:00-PUT close REJECTED (Your limit price is significantly away from the current market price. Please adj) — retry 1/3
[2026-09-28T15:41:43-04:00] 2026-09-28-MEIC-13:30-PUT close REJECTED (Your limit price is significantly away from the current market price. Please adj) — retry 1/3
[2026-09-28T15:41:43-04:00] 2026-09-28-MEIC-13:30-CALL close REJECTED (Your limit price is significantly away from the current market price. Please adj) — retry 1/3
[2026-09-28T15:41:44-04:00] 2026-09-28-MEIC-14:00-CALL close REJECTED (Your limit price is significantly away from the current market price. Please adj) — retry 1/3
[2026-09-28T15:41:44-04:00] 2026-09-28-MEIC-14:30-CALL close REJECTED (Your limit price is significantly away from the current market price. Please adj) — retry 1/3
[2026-09-28T15:41:45-04:00] 2026-09-28-MEIC-12:00-PUT CLOSE (HALT) submitted @ 30.00
[2026-09-28T15:41:45-04:00] 2026-09-28-MEIC-13:00-PUT CLOSE (HALT) submitted @ 30.00
[2026-09-28T15:41:46-04:00] 2026-09-28-MEIC-13:30-PUT CLOSE (HALT) submitted @ 30.00
[2026-09-28T15:41:46-04:00] 2026-09-28-MEIC-13:30-CALL CLOSE (HALT) submitted @ 30.00
[2026-09-28T15:41:46-04:00] 2026-09-28-MEIC-14:00-CALL CLOSE (HALT) submitted @ 30.00
[2026-09-28T15:41:47-04:00] 2026-09-28-MEIC-14:30-CALL CLOSE (HALT) submitted @ 30.00
[2026-09-28T15:42:18-04:00] 2026-09-28-MEIC-12:00-PUT close REJECTED (Your limit price is significantly away from the current market price. Please adj) — retry 1/3
[2026-09-28T15:42:19-04:00] 2026-09-28-MEIC-13:00-PUT close REJECTED (Your limit price is significantly away from the current market price. Please adj) — retry 1/3
[2026-09-28T15:42:19-04:00] 2026-09-28-MEIC-13:30-PUT close REJECTED (Your limit price is significantly away from the current market price. Please adj) — retry 1/3
[2026-09-28T15:42:19-04:00] 2026-09-28-MEIC-13:30-CALL close REJECTED (Your limit price is significantly away from the current market price. Please adj) — retry 1/3
[2026-09-28T15:42:20-04:00] 2026-09-28-MEIC-14:00-CALL close REJECTED (Your limit price is significantly away from the current market price. Please adj) — retry 1/3
[2026-09-28T15:42:20-04:00] 2026-09-28-MEIC-14:30-CALL close REJECTED (Your limit price is significantly away from the current market price. Please adj) — retry 1/3
[2026-09-28T15:42:21-04:00] 2026-09-28-MEIC-12:00-PUT CLOSE (HALT) submitted @ 30.00
[2026-09-28T15:42:21-04:00] 2026-09-28-MEIC-13:00-PUT CLOSE (HALT) submitted @ 30.00
[2026-09-28T15:42:22-04:00] 2026-09-28-MEIC-13:30-PUT CLOSE (HALT) submitted @ 30.00
[2026-09-28T15:42:22-04:00] 2026-09-28-MEIC-13:30-CALL CLOSE (HALT) submitted @ 30.00
[2026-09-28T15:42:23-04:00] 2026-09-28-MEIC-14:00-CALL CLOSE (HALT) submitted @ 30.00
[2026-09-28T15:42:23-04:00] 2026-09-28-MEIC-14:30-CALL CLOSE (HALT) submitted @ 30.00
[2026-09-28T15:42:54-04:00] 2026-09-28-MEIC-12:00-PUT close REJECTED (Your limit price is significantly away from the current market price. Please adj) — retry 1/3
[2026-09-28T15:42:55-04:00] 2026-09-28-MEIC-13:00-PUT close REJECTED (Your limit price is significantly away from the current market price. Please adj) — retry 1/3
[2026-09-28T15:42:56-04:00] 2026-09-28-MEIC-13:30-PUT close REJECTED (Your limit price is significantly away from the current market price. Please adj) — retry 1/3
[2026-09-28T15:42:56-04:00] 2026-09-28-MEIC-13:30-CALL close REJECTED (Your limit price is significantly away from the current market price. Please adj) — retry 1/3
[2026-09-28T15:42:57-04:00] 2026-09-28-MEIC-14:00-CALL close REJECTED (Your limit price is significantly away from the current market price. Please adj) — retry 1/3
[2026-09-28T15:42:57-04:00] 2026-09-28-MEIC-14:30-CALL close REJECTED (Your limit price is significantly away from the current market price. Please adj) — retry 1/3
[2026-09-28T15:42:57-04:00] 2026-09-28-MEIC-12:00-PUT CLOSE (HALT) submitted @ 30.00
[2026-09-28T15:42:58-04:00] 2026-09-28-MEIC-13:00-PUT CLOSE (HALT) submitted @ 30.00
[2026-09-28T15:42:58-04:00] 2026-09-28-MEIC-13:30-PUT CLOSE (HALT) submitted @ 30.00
[2026-09-28T15:42:59-04:00] 2026-09-28-MEIC-13:30-CALL CLOSE (HALT) submitted @ 30.00
[2026-09-28T15:42:59-04:00] 2026-09-28-MEIC-14:00-CALL CLOSE (HALT) submitted @ 30.00
[2026-09-28T15:43:00-04:00] 2026-09-28-MEIC-14:30-CALL CLOSE (HALT) submitted @ 30.00
[2026-09-28T15:43:31-04:00] 2026-09-28-MEIC-12:00-PUT close REJECTED (Your limit price is significantly away from the current market price. Please adj) — retry 1/3
[2026-09-28T15:43:31-04:00] 2026-09-28-MEIC-13:00-PUT close REJECTED (Your limit price is significantly away from the current market price. Please adj) — retry 1/3
[2026-09-28T15:43:32-04:00] 2026-09-28-MEIC-13:30-PUT close REJECTED (Your limit price is significantly away from the current market price. Please adj) — retry 1/3
[2026-09-28T15:43:32-04:00] 2026-09-28-MEIC-13:30-CALL close REJECTED (Your limit price is significantly away from the current market price. Please adj) — retry 1/3
[2026-09-28T15:43:33-04:00] 2026-09-28-MEIC-14:00-CALL close REJECTED (Your limit price is significantly away from the current market price. Please adj) — retry 1/3
[2026-09-28T15:43:33-04:00] 2026-09-28-MEIC-14:30-CALL close REJECTED (Your limit price is significantly away from the current market price. Please adj) — retry 1/3
[2026-09-28T15:43:34-04:00] 2026-09-28-MEIC-12:00-PUT CLOSE (HALT) submitted @ 30.00
[2026-09-28T15:43:34-04:00] 2026-09-28-MEIC-13:00-PUT CLOSE (HALT) submitted @ 30.00
[2026-09-28T15:43:35-04:00] 2026-09-28-MEIC-13:30-PUT CLOSE (HALT) submitted @ 30.00
[2026-09-28T15:43:35-04:00] 2026-09-28-MEIC-13:30-CALL CLOSE (HALT) submitted @ 30.00
[2026-09-28T15:43:36-04:00] 2026-09-28-MEIC-14:00-CALL CLOSE (HALT) submitted @ 30.00
[2026-09-28T15:43:36-04:00] 2026-09-28-MEIC-14:30-CALL CLOSE (HALT) submitted @ 30.00
[2026-09-28T15:44:07-04:00] 2026-09-28-MEIC-12:00-PUT close REJECTED (Your limit price is significantly away from the current market price. Please adj) — retry 1/3
[2026-09-28T15:44:08-04:00] 2026-09-28-MEIC-13:00-PUT close REJECTED (Your limit price is significantly away from the current market price. Please adj) — retry 1/3
[2026-09-28T15:44:08-04:00] 2026-09-28-MEIC-13:30-PUT close REJECTED (Your limit price is significantly away from the current market price. Please adj) — retry 1/3
[2026-09-28T15:44:09-04:00] 2026-09-28-MEIC-13:30-CALL close REJECTED (Your limit price is significantly away from the current market price. Please adj) — retry 1/3
[2026-09-28T15:44:09-04:00] 2026-09-28-MEIC-14:00-CALL close REJECTED (Your limit price is significantly away from the current market price. Please adj) — retry 1/3
[2026-09-28T15:44:09-04:00] 2026-09-28-MEIC-14:30-CALL close REJECTED (Your limit price is significantly away from the current market price. Please adj) — retry 1/3
[2026-09-28T15:44:10-04:00] 2026-09-28-MEIC-12:00-PUT CLOSE (HALT) submitted @ 30.00
[2026-09-28T15:44:10-04:00] 2026-09-28-MEIC-13:00-PUT CLOSE (HALT) submitted @ 30.00
[2026-09-28T15:44:11-04:00] 2026-09-28-MEIC-13:30-PUT CLOSE (HALT) submitted @ 30.00
[2026-09-28T15:44:11-04:00] 2026-09-28-MEIC-13:30-CALL CLOSE (HALT) submitted @ 30.00
[2026-09-28T15:44:12-04:00] 2026-09-28-MEIC-14:00-CALL CLOSE (HALT) submitted @ 30.00
[2026-09-28T15:44:13-04:00] 2026-09-28-MEIC-14:30-CALL CLOSE (HALT) submitted @ 30.00
[2026-09-28T15:44:44-04:00] 2026-09-28-MEIC-12:00-PUT close REJECTED (Your limit price is significantly away from the current market price. Please adj) — retry 1/3
[2026-09-28T15:44:44-04:00] 2026-09-28-MEIC-13:00-PUT close REJECTED (Your limit price is significantly away from the current market price. Please adj) — retry 1/3
[2026-09-28T15:44:45-04:00] 2026-09-28-MEIC-13:30-PUT close REJECTED (Your limit price is significantly away from the current market price. Please adj) — retry 1/3
[2026-09-28T15:44:45-04:00] 2026-09-28-MEIC-13:30-CALL close REJECTED (Your limit price is significantly away from the current market price. Please adj) — retry 1/3
[2026-09-28T15:44:46-04:00] 2026-09-28-MEIC-14:00-CALL close REJECTED (Your limit price is significantly away from the current market price. Please adj) — retry 1/3
[2026-09-28T15:44:46-04:00] 2026-09-28-MEIC-14:30-CALL close REJECTED (Your limit price is significantly away from the current market price. Please adj) — retry 1/3
[2026-09-28T15:44:47-04:00] 2026-09-28-MEIC-12:00-PUT CLOSE (HALT) submitted @ 30.00
[2026-09-28T15:44:48-04:00] 2026-09-28-MEIC-13:00-PUT CLOSE (HALT) submitted @ 30.00
[2026-09-28T15:44:49-04:00] 2026-09-28-MEIC-13:30-PUT CLOSE (HALT) submitted @ 30.00
[2026-09-28T15:44:49-04:00] 2026-09-28-MEIC-13:30-CALL CLOSE (HALT) submitted @ 30.00
[2026-09-28T15:44:50-04:00] 2026-09-28-MEIC-14:00-CALL CLOSE (HALT) submitted @ 30.00
[2026-09-28T15:44:50-04:00] 2026-09-28-MEIC-14:30-CALL CLOSE (HALT) submitted @ 30.00
[2026-09-28T15:45:22-04:00] 2026-09-28-MEIC-12:00-PUT close REJECTED (Your limit price is significantly away from the current market price. Please adj) — retry 1/3
[2026-09-28T15:45:22-04:00] 2026-09-28-MEIC-13:00-PUT close REJECTED (Your limit price is significantly away from the current market price. Please adj) — retry 1/3
[2026-09-28T15:45:22-04:00] 2026-09-28-MEIC-13:30-PUT close REJECTED (Your limit price is significantly away from the current market price. Please adj) — retry 1/3
[2026-09-28T15:45:23-04:00] 2026-09-28-MEIC-13:30-CALL close REJECTED (Your limit price is significantly away from the current market price. Please adj) — retry 1/3
[2026-09-28T15:45:23-04:00] 2026-09-28-MEIC-14:00-CALL close REJECTED (Your limit price is significantly away from the current market price. Please adj) — retry 1/3
[2026-09-28T15:45:24-04:00] 2026-09-28-MEIC-14:30-CALL close REJECTED (Your limit price is significantly away from the current market price. Please adj) — retry 1/3
[2026-09-28T15:45:24-04:00] 2026-09-28-MEIC-12:00-PUT CLOSE (HALT) submitted @ 30.00
[2026-09-28T15:45:25-04:00] 2026-09-28-MEIC-13:00-PUT CLOSE (HALT) submitted @ 30.00
[2026-09-28T15:45:25-04:00] 2026-09-28-MEIC-13:30-PUT CLOSE (HALT) submitted @ 30.00
[2026-09-28T15:45:26-04:00] 2026-09-28-MEIC-13:30-CALL CLOSE (HALT) submitted @ 30.00
[2026-09-28T15:45:26-04:00] 2026-09-28-MEIC-14:00-CALL CLOSE (HALT) submitted @ 30.00
[2026-09-28T15:45:27-04:00] 2026-09-28-MEIC-14:30-CALL CLOSE (HALT) submitted @ 30.00
[2026-09-28T15:45:58-04:00] 2026-09-28-MEIC-12:00-PUT close REJECTED (Your limit price is significantly away from the current market price. Please adj) — retry 1/3
[2026-09-28T15:45:58-04:00] 2026-09-28-MEIC-13:00-PUT close REJECTED (Your limit price is significantly away from the current market price. Please adj) — retry 1/3
[2026-09-28T15:45:59-04:00] 2026-09-28-MEIC-13:30-PUT close REJECTED (Your limit price is significantly away from the current market price. Please adj) — retry 1/3
[2026-09-28T15:45:59-04:00] 2026-09-28-MEIC-13:30-CALL close REJECTED (Your limit price is significantly away from the current market price. Please adj) — retry 1/3
[2026-09-28T15:46:00-04:00] 2026-09-28-MEIC-14:00-CALL close REJECTED (Your limit price is significantly away from the current market price. Please adj) — retry 1/3
[2026-09-28T15:46:00-04:00] 2026-09-28-MEIC-14:30-CALL close REJECTED (Your limit price is significantly away from the current market price. Please adj) — retry 1/3
[2026-09-28T15:46:01-04:00] 2026-09-28-MEIC-12:00-PUT CLOSE (HALT) submitted @ 30.00
[2026-09-28T15:46:01-04:00] 2026-09-28-MEIC-13:00-PUT CLOSE (HALT) submitted @ 30.00
[2026-09-28T15:46:02-04:00] 2026-09-28-MEIC-13:30-PUT CLOSE (HALT) submitted @ 30.00
[2026-09-28T15:46:02-04:00] 2026-09-28-MEIC-13:30-CALL CLOSE (HALT) submitted @ 30.00
[2026-09-28T15:46:03-04:00] 2026-09-28-MEIC-14:00-CALL CLOSE (HALT) submitted @ 30.00
[2026-09-28T15:46:03-04:00] 2026-09-28-MEIC-14:30-CALL CLOSE (HALT) submitted @ 30.00
[2026-09-28T15:46:35-04:00] 2026-09-28-MEIC-12:00-PUT close REJECTED (Your limit price is significantly away from the current market price. Please adj) — retry 1/3
[2026-09-28T15:46:35-04:00] 2026-09-28-MEIC-13:00-PUT close REJECTED (Your limit price is significantly away from the current market price. Please adj) — retry 1/3
[2026-09-28T15:46:36-04:00] 2026-09-28-MEIC-13:30-PUT close REJECTED (Your limit price is significantly away from the current market price. Please adj) — retry 1/3
[2026-09-28T15:46:37-04:00] 2026-09-28-MEIC-13:30-CALL close REJECTED (Your limit price is significantly away from the current market price. Please adj) — retry 1/3
[2026-09-28T15:46:37-04:00] 2026-09-28-MEIC-14:00-CALL close REJECTED (Your limit price is significantly away from the current market price. Please adj) — retry 1/3
[2026-09-28T15:46:38-04:00] 2026-09-28-MEIC-14:30-CALL close REJECTED (Your limit price is significantly away from the current market price. Please adj) — retry 1/3
[2026-09-28T15:46:38-04:00] 2026-09-28-MEIC-12:00-PUT CLOSE (HALT) submitted @ 30.00
[2026-09-28T15:46:39-04:00] 2026-09-28-MEIC-13:00-PUT CLOSE (HALT) submitted @ 30.00
[2026-09-28T15:46:39-04:00] 2026-09-28-MEIC-13:30-PUT CLOSE (HALT) submitted @ 30.00
[2026-09-28T15:46:40-04:00] 2026-09-28-MEIC-13:30-CALL CLOSE (HALT) submitted @ 30.00
[2026-09-28T15:46:40-04:00] 2026-09-28-MEIC-14:00-CALL CLOSE (HALT) submitted @ 30.00
[2026-09-28T15:46:41-04:00] 2026-09-28-MEIC-14:30-CALL CLOSE (HALT) submitted @ 30.00
[2026-09-28T15:47:12-04:00] 2026-09-28-MEIC-12:00-PUT close REJECTED (Your limit price is significantly away from the current market price. Please adj) — retry 1/3
[2026-09-28T15:47:13-04:00] 2026-09-28-MEIC-13:00-PUT close REJECTED (Your limit price is significantly away from the current market price. Please adj) — retry 1/3
[2026-09-28T15:47:13-04:00] 2026-09-28-MEIC-13:30-PUT close REJECTED (Your limit price is significantly away from the current market price. Please adj) — retry 1/3
[2026-09-28T15:47:14-04:00] 2026-09-28-MEIC-13:30-CALL close REJECTED (Your limit price is significantly away from the current market price. Please adj) — retry 1/3
[2026-09-28T15:47:14-04:00] 2026-09-28-MEIC-14:00-CALL close REJECTED (Your limit price is significantly away from the current market price. Please adj) — retry 1/3
[2026-09-28T15:47:14-04:00] 2026-09-28-MEIC-14:30-CALL close REJECTED (Your limit price is significantly away from the current market price. Please adj) — retry 1/3
[2026-09-28T15:47:15-04:00] 2026-09-28-MEIC-12:00-PUT CLOSE (HALT) submitted @ 30.00
[2026-09-28T15:47:15-04:00] 2026-09-28-MEIC-13:00-PUT CLOSE (HALT) submitted @ 30.00
[2026-09-28T15:47:16-04:00] 2026-09-28-MEIC-13:30-PUT CLOSE (HALT) submitted @ 30.00
[2026-09-28T15:47:17-04:00] 2026-09-28-MEIC-13:30-CALL CLOSE (HALT) submitted @ 30.00
[2026-09-28T15:47:17-04:00] 2026-09-28-MEIC-14:00-CALL CLOSE (HALT) submitted @ 30.00
[2026-09-28T15:47:18-04:00] 2026-09-28-MEIC-14:30-CALL CLOSE (HALT) submitted @ 30.00
[2026-09-28T15:47:49-04:00] 2026-09-28-MEIC-12:00-PUT close REJECTED (Your limit price is significantly away from the current market price. Please adj) — retry 1/3
[2026-09-28T15:47:49-04:00] 2026-09-28-MEIC-13:00-PUT close REJECTED (Your limit price is significantly away from the current market price. Please adj) — retry 1/3
[2026-09-28T15:47:50-04:00] 2026-09-28-MEIC-13:30-PUT close REJECTED (Your limit price is significantly away from the current market price. Please adj) — retry 1/3
[2026-09-28T15:47:50-04:00] 2026-09-28-MEIC-13:30-CALL close REJECTED (Your limit price is significantly away from the current market price. Please adj) — retry 1/3
[2026-09-28T15:47:51-04:00] 2026-09-28-MEIC-14:00-CALL close REJECTED (Your limit price is significantly away from the current market price. Please adj) — retry 1/3
[2026-09-28T15:47:51-04:00] 2026-09-28-MEIC-14:30-CALL close REJECTED (Your limit price is significantly away from the current market price. Please adj) — retry 1/3
[2026-09-28T15:47:52-04:00] 2026-09-28-MEIC-12:00-PUT CLOSE (HALT) submitted @ 30.00
[2026-09-28T15:47:52-04:00] 2026-09-28-MEIC-13:00-PUT CLOSE (HALT) submitted @ 30.00
[2026-09-28T15:47:53-04:00] 2026-09-28-MEIC-13:30-PUT CLOSE (HALT) submitted @ 30.00
[2026-09-28T15:47:53-04:00] 2026-09-28-MEIC-13:30-CALL CLOSE (HALT) submitted @ 30.00
[2026-09-28T15:47:54-04:00] 2026-09-28-MEIC-14:00-CALL CLOSE (HALT) submitted @ 30.00
[2026-09-28T15:47:54-04:00] 2026-09-28-MEIC-14:30-CALL CLOSE (HALT) submitted @ 30.00
[2026-09-28T15:48:26-04:00] 2026-09-28-MEIC-12:00-PUT close REJECTED (Your limit price is significantly away from the current market price. Please adj) — retry 1/3
[2026-09-28T15:48:26-04:00] 2026-09-28-MEIC-13:00-PUT close REJECTED (Your limit price is significantly away from the current market price. Please adj) — retry 1/3
[2026-09-28T15:48:26-04:00] 2026-09-28-MEIC-13:30-PUT close REJECTED (Your limit price is significantly away from the current market price. Please adj) — retry 1/3
[2026-09-28T15:48:27-04:00] 2026-09-28-MEIC-13:30-CALL close REJECTED (Your limit price is significantly away from the current market price. Please adj) — retry 1/3
[2026-09-28T15:48:27-04:00] 2026-09-28-MEIC-14:00-CALL close REJECTED (Your limit price is significantly away from the current market price. Please adj) — retry 1/3
[2026-09-28T15:48:28-04:00] 2026-09-28-MEIC-14:30-CALL close REJECTED (Your limit price is significantly away from the current market price. Please adj) — retry 1/3
[2026-09-28T15:48:28-04:00] 2026-09-28-MEIC-12:00-PUT CLOSE (HALT) submitted @ 30.00
[2026-09-28T15:48:29-04:00] 2026-09-28-MEIC-13:00-PUT CLOSE (HALT) submitted @ 30.00
[2026-09-28T15:48:29-04:00] 2026-09-28-MEIC-13:30-PUT CLOSE (HALT) submitted @ 30.00
[2026-09-28T15:48:30-04:00] 2026-09-28-MEIC-13:30-CALL CLOSE (HALT) submitted @ 30.00
[2026-09-28T15:48:31-04:00] 2026-09-28-MEIC-14:00-CALL CLOSE (HALT) submitted @ 30.00
[2026-09-28T15:48:31-04:00] 2026-09-28-MEIC-14:30-CALL CLOSE (HALT) submitted @ 30.00
[2026-09-28T15:49:03-04:00] 2026-09-28-MEIC-12:00-PUT close REJECTED (Your limit price is significantly away from the current market price. Please adj) — retry 1/3
[2026-09-28T15:49:03-04:00] 2026-09-28-MEIC-13:00-PUT close REJECTED (Your limit price is significantly away from the current market price. Please adj) — retry 1/3
[2026-09-28T15:49:04-04:00] 2026-09-28-MEIC-13:30-PUT close REJECTED (Your limit price is significantly away from the current market price. Please adj) — retry 1/3
[2026-09-28T15:49:04-04:00] 2026-09-28-MEIC-13:30-CALL close REJECTED (Your limit price is significantly away from the current market price. Please adj) — retry 1/3
[2026-09-28T15:49:04-04:00] 2026-09-28-MEIC-14:00-CALL close REJECTED (Your limit price is significantly away from the current market price. Please adj) — retry 1/3
[2026-09-28T15:49:05-04:00] 2026-09-28-MEIC-14:30-CALL close REJECTED (Your limit price is significantly away from the current market price. Please adj) — retry 1/3
[2026-09-28T15:49:05-04:00] 2026-09-28-MEIC-12:00-PUT CLOSE (HALT) submitted @ 30.00
[2026-09-28T15:49:06-04:00] 2026-09-28-MEIC-13:00-PUT CLOSE (HALT) submitted @ 30.00
[2026-09-28T15:49:06-04:00] 2026-09-28-MEIC-13:30-PUT CLOSE (HALT) submitted @ 30.00
[2026-09-28T15:49:07-04:00] 2026-09-28-MEIC-13:30-CALL CLOSE (HALT) submitted @ 30.00
[2026-09-28T15:49:07-04:00] 2026-09-28-MEIC-14:00-CALL CLOSE (HALT) submitted @ 30.00
[2026-09-28T15:49:08-04:00] 2026-09-28-MEIC-14:30-CALL CLOSE (HALT) submitted @ 30.00
[2026-09-28T15:49:39-04:00] 2026-09-28-MEIC-12:00-PUT close REJECTED (Your limit price is significantly away from the current market price. Please adj) — retry 1/3
[2026-09-28T15:49:39-04:00] 2026-09-28-MEIC-13:00-PUT close REJECTED (Your limit price is significantly away from the current market price. Please adj) — retry 1/3
[2026-09-28T15:49:40-04:00] 2026-09-28-MEIC-13:30-PUT close REJECTED (Your limit price is significantly away from the current market price. Please adj) — retry 1/3
[2026-09-28T15:49:40-04:00] 2026-09-28-MEIC-13:30-CALL close REJECTED (Your limit price is significantly away from the current market price. Please adj) — retry 1/3
[2026-09-28T15:49:40-04:00] 2026-09-28-MEIC-14:00-CALL close REJECTED (Your limit price is significantly away from the current market price. Please adj) — retry 1/3
[2026-09-28T15:49:41-04:00] 2026-09-28-MEIC-14:30-CALL close REJECTED (Your limit price is significantly away from the current market price. Please adj) — retry 1/3
[2026-09-28T15:49:41-04:00] 2026-09-28-MEIC-12:00-PUT CLOSE (HALT) submitted @ 30.00
[2026-09-28T15:49:42-04:00] 2026-09-28-MEIC-13:00-PUT CLOSE (HALT) submitted @ 30.00
[2026-09-28T15:49:42-04:00] 2026-09-28-MEIC-13:30-PUT CLOSE (HALT) submitted @ 30.00
[2026-09-28T15:49:43-04:00] 2026-09-28-MEIC-13:30-CALL CLOSE (HALT) submitted @ 30.00
[2026-09-28T15:49:43-04:00] 2026-09-28-MEIC-14:00-CALL CLOSE (HALT) submitted @ 30.00
[2026-09-28T15:49:44-04:00] 2026-09-28-MEIC-14:30-CALL CLOSE (HALT) submitted @ 30.00
[2026-09-28T15:50:15-04:00] 2026-09-28-MEIC-12:00-PUT close REJECTED (Your limit price is significantly away from the current market price. Please adj) — retry 1/3
[2026-09-28T15:50:15-04:00] 2026-09-28-MEIC-13:00-PUT close REJECTED (Your limit price is significantly away from the current market price. Please adj) — retry 1/3
[2026-09-28T15:50:16-04:00] 2026-09-28-MEIC-13:30-PUT close REJECTED (Your limit price is significantly away from the current market price. Please adj) — retry 1/3
[2026-09-28T15:50:16-04:00] 2026-09-28-MEIC-13:30-CALL close REJECTED (Your limit price is significantly away from the current market price. Please adj) — retry 1/3
[2026-09-28T15:50:17-04:00] 2026-09-28-MEIC-14:00-CALL close REJECTED (Your limit price is significantly away from the current market price. Please adj) — retry 1/3
[2026-09-28T15:50:17-04:00] 2026-09-28-MEIC-14:30-CALL close REJECTED (Your limit price is significantly away from the current market price. Please adj) — retry 1/3
[2026-09-28T15:50:17-04:00] 2026-09-28-MEIC-12:00-PUT CLOSE (HALT) submitted @ 30.00
[2026-09-28T15:50:18-04:00] 2026-09-28-MEIC-13:00-PUT CLOSE (HALT) submitted @ 30.00
[2026-09-28T15:50:18-04:00] 2026-09-28-MEIC-13:30-PUT CLOSE (HALT) submitted @ 30.00
[2026-09-28T15:50:19-04:00] 2026-09-28-MEIC-13:30-CALL CLOSE (HALT) submitted @ 30.00
[2026-09-28T15:50:19-04:00] 2026-09-28-MEIC-14:00-CALL CLOSE (HALT) submitted @ 30.00
[2026-09-28T15:50:20-04:00] 2026-09-28-MEIC-14:30-CALL CLOSE (HALT) submitted @ 30.00
[2026-09-28T15:50:51-04:00] 2026-09-28-MEIC-12:00-PUT close REJECTED (Your limit price is significantly away from the current market price. Please adj) — retry 1/3
[2026-09-28T15:50:52-04:00] 2026-09-28-MEIC-13:00-PUT close REJECTED (Your limit price is significantly away from the current market price. Please adj) — retry 1/3
[2026-09-28T15:50:52-04:00] 2026-09-28-MEIC-13:30-PUT close REJECTED (Your limit price is significantly away from the current market price. Please adj) — retry 1/3
[2026-09-28T15:50:53-04:00] 2026-09-28-MEIC-13:30-CALL close REJECTED (Your limit price is significantly away from the current market price. Please adj) — retry 1/3
[2026-09-28T15:50:53-04:00] 2026-09-28-MEIC-14:00-CALL close REJECTED (Your limit price is significantly away from the current market price. Please adj) — retry 1/3
[2026-09-28T15:50:54-04:00] 2026-09-28-MEIC-14:30-CALL close REJECTED (Your limit price is significantly away from the current market price. Please adj) — retry 1/3
[2026-09-28T15:50:54-04:00] 2026-09-28-MEIC-12:00-PUT CLOSE (HALT) submitted @ 30.00
[2026-09-28T15:50:55-04:00] 2026-09-28-MEIC-13:00-PUT CLOSE (HALT) submitted @ 30.00
[2026-09-28T15:50:55-04:00] 2026-09-28-MEIC-13:30-PUT CLOSE (HALT) submitted @ 30.00
[2026-09-28T15:50:56-04:00] 2026-09-28-MEIC-13:30-CALL CLOSE (HALT) submitted @ 30.00
[2026-09-28T15:50:57-04:00] 2026-09-28-MEIC-14:00-CALL CLOSE (HALT) submitted @ 30.00
[2026-09-28T15:50:57-04:00] 2026-09-28-MEIC-14:30-CALL CLOSE (HALT) submitted @ 30.00
[2026-09-28T15:51:28-04:00] 2026-09-28-MEIC-12:00-PUT close REJECTED (Your limit price is significantly away from the current market price. Please adj) — retry 1/3
[2026-09-28T15:51:29-04:00] 2026-09-28-MEIC-13:00-PUT close REJECTED (Your limit price is significantly away from the current market price. Please adj) — retry 1/3
[2026-09-28T15:51:29-04:00] 2026-09-28-MEIC-13:30-PUT close REJECTED (Your limit price is significantly away from the current market price. Please adj) — retry 1/3
[2026-09-28T15:51:29-04:00] 2026-09-28-MEIC-13:30-CALL close REJECTED (Your limit price is significantly away from the current market price. Please adj) — retry 1/3
[2026-09-28T15:51:30-04:00] 2026-09-28-MEIC-14:00-CALL close REJECTED (Your limit price is significantly away from the current market price. Please adj) — retry 1/3
[2026-09-28T15:51:30-04:00] 2026-09-28-MEIC-14:30-CALL close REJECTED (Your limit price is significantly away from the current market price. Please adj) — retry 1/3
[2026-09-28T15:51:31-04:00] 2026-09-28-MEIC-12:00-PUT CLOSE (HALT) submitted @ 30.00
[2026-09-28T15:51:31-04:00] 2026-09-28-MEIC-13:00-PUT CLOSE (HALT) submitted @ 30.00
[2026-09-28T15:51:32-04:00] 2026-09-28-MEIC-13:30-PUT CLOSE (HALT) submitted @ 30.00
[2026-09-28T15:51:32-04:00] 2026-09-28-MEIC-13:30-CALL CLOSE (HALT) submitted @ 30.00
[2026-09-28T15:51:33-04:00] 2026-09-28-MEIC-14:00-CALL CLOSE (HALT) submitted @ 30.00
[2026-09-28T15:51:33-04:00] 2026-09-28-MEIC-14:30-CALL CLOSE (HALT) submitted @ 30.00
[2026-09-28T15:52:05-04:00] 2026-09-28-MEIC-12:00-PUT close REJECTED (Your limit price is significantly away from the current market price. Please adj) — retry 1/3
[2026-09-28T15:52:05-04:00] 2026-09-28-MEIC-13:00-PUT close REJECTED (Your limit price is significantly away from the current market price. Please adj) — retry 1/3
[2026-09-28T15:52:06-04:00] 2026-09-28-MEIC-13:30-PUT close REJECTED (Your limit price is significantly away from the current market price. Please adj) — retry 1/3
[2026-09-28T15:52:06-04:00] 2026-09-28-MEIC-13:30-CALL close REJECTED (Your limit price is significantly away from the current market price. Please adj) — retry 1/3
[2026-09-28T15:52:06-04:00] 2026-09-28-MEIC-14:00-CALL close REJECTED (Your limit price is significantly away from the current market price. Please adj) — retry 1/3
[2026-09-28T15:52:07-04:00] 2026-09-28-MEIC-14:30-CALL close REJECTED (Your limit price is significantly away from the current market price. Please adj) — retry 1/3
[2026-09-28T15:52:07-04:00] 2026-09-28-MEIC-12:00-PUT CLOSE (HALT) submitted @ 30.00
[2026-09-28T15:52:08-04:00] 2026-09-28-MEIC-13:00-PUT CLOSE (HALT) submitted @ 30.00
[2026-09-28T15:52:08-04:00] 2026-09-28-MEIC-13:30-PUT CLOSE (HALT) submitted @ 30.00
[2026-09-28T15:52:09-04:00] 2026-09-28-MEIC-13:30-CALL CLOSE (HALT) submitted @ 30.00
[2026-09-28T15:52:09-04:00] 2026-09-28-MEIC-14:00-CALL CLOSE (HALT) submitted @ 30.00
[2026-09-28T15:52:10-04:00] 2026-09-28-MEIC-14:30-CALL CLOSE (HALT) submitted @ 30.00
[2026-09-28T15:52:41-04:00] 2026-09-28-MEIC-12:00-PUT close REJECTED (Your limit price is significantly away from the current market price. Please adj) — retry 1/3
[2026-09-28T15:52:41-04:00] 2026-09-28-MEIC-13:00-PUT close REJECTED (Your limit price is significantly away from the current market price. Please adj) — retry 1/3
[2026-09-28T15:52:42-04:00] 2026-09-28-MEIC-13:30-PUT close REJECTED (Your limit price is significantly away from the current market price. Please adj) — retry 1/3
[2026-09-28T15:52:42-04:00] 2026-09-28-MEIC-13:30-CALL close REJECTED (Your limit price is significantly away from the current market price. Please adj) — retry 1/3
[2026-09-28T15:52:43-04:00] 2026-09-28-MEIC-14:00-CALL close REJECTED (Your limit price is significantly away from the current market price. Please adj) — retry 1/3
[2026-09-28T15:52:43-04:00] 2026-09-28-MEIC-14:30-CALL close REJECTED (Your limit price is significantly away from the current market price. Please adj) — retry 1/3
[2026-09-28T15:52:44-04:00] 2026-09-28-MEIC-12:00-PUT CLOSE (HALT) submitted @ 30.00
[2026-09-28T15:52:44-04:00] 2026-09-28-MEIC-13:00-PUT CLOSE (HALT) submitted @ 30.00
[2026-09-28T15:52:45-04:00] 2026-09-28-MEIC-13:30-PUT CLOSE (HALT) submitted @ 30.00
[2026-09-28T15:52:45-04:00] 2026-09-28-MEIC-13:30-CALL CLOSE (HALT) submitted @ 30.00
[2026-09-28T15:52:46-04:00] 2026-09-28-MEIC-14:00-CALL CLOSE (HALT) submitted @ 30.00
[2026-09-28T15:52:46-04:00] 2026-09-28-MEIC-14:30-CALL CLOSE (HALT) submitted @ 30.00
[2026-09-28T15:53:17-04:00] 2026-09-28-MEIC-12:00-PUT close REJECTED (Your limit price is significantly away from the current market price. Please adj) — retry 1/3
[2026-09-28T15:53:18-04:00] 2026-09-28-MEIC-13:00-PUT close REJECTED (Your limit price is significantly away from the current market price. Please adj) — retry 1/3
[2026-09-28T15:53:18-04:00] 2026-09-28-MEIC-13:30-PUT close REJECTED (Your limit price is significantly away from the current market price. Please adj) — retry 1/3
[2026-09-28T15:53:19-04:00] 2026-09-28-MEIC-13:30-CALL close REJECTED (Your limit price is significantly away from the current market price. Please adj) — retry 1/3
[2026-09-28T15:53:19-04:00] 2026-09-28-MEIC-14:00-CALL close REJECTED (Your limit price is significantly away from the current market price. Please adj) — retry 1/3
[2026-09-28T15:53:20-04:00] 2026-09-28-MEIC-14:30-CALL close REJECTED (Your limit price is significantly away from the current market price. Please adj) — retry 1/3
[2026-09-28T15:53:20-04:00] 2026-09-28-MEIC-12:00-PUT CLOSE (HALT) submitted @ 30.00
[2026-09-28T15:53:20-04:00] 2026-09-28-MEIC-13:00-PUT CLOSE (HALT) submitted @ 30.00
[2026-09-28T15:53:21-04:00] 2026-09-28-MEIC-13:30-PUT CLOSE (HALT) submitted @ 30.00
[2026-09-28T15:53:21-04:00] 2026-09-28-MEIC-13:30-CALL CLOSE (HALT) submitted @ 30.00
[2026-09-28T15:53:22-04:00] 2026-09-28-MEIC-14:00-CALL CLOSE (HALT) submitted @ 30.00
[2026-09-28T15:53:22-04:00] 2026-09-28-MEIC-14:30-CALL CLOSE (HALT) submitted @ 30.00
[2026-09-28T15:53:54-04:00] 2026-09-28-MEIC-12:00-PUT close REJECTED (Your limit price is significantly away from the current market price. Please adj) — retry 1/3
[2026-09-28T15:53:54-04:00] 2026-09-28-MEIC-13:00-PUT close REJECTED (Your limit price is significantly away from the current market price. Please adj) — retry 1/3
[2026-09-28T15:53:54-04:00] 2026-09-28-MEIC-13:30-PUT close REJECTED (Your limit price is significantly away from the current market price. Please adj) — retry 1/3
[2026-09-28T15:53:55-04:00] 2026-09-28-MEIC-13:30-CALL close REJECTED (Your limit price is significantly away from the current market price. Please adj) — retry 1/3
[2026-09-28T15:53:55-04:00] 2026-09-28-MEIC-14:00-CALL close REJECTED (Your limit price is significantly away from the current market price. Please adj) — retry 1/3
[2026-09-28T15:53:56-04:00] 2026-09-28-MEIC-14:30-CALL close REJECTED (Your limit price is significantly away from the current market price. Please adj) — retry 1/3
[2026-09-28T15:53:56-04:00] 2026-09-28-MEIC-12:00-PUT CLOSE (HALT) submitted @ 30.00
[2026-09-28T15:53:57-04:00] 2026-09-28-MEIC-13:00-PUT CLOSE (HALT) submitted @ 30.00
[2026-09-28T15:53:57-04:00] 2026-09-28-MEIC-13:30-PUT CLOSE (HALT) submitted @ 30.00
[2026-09-28T15:53:58-04:00] 2026-09-28-MEIC-13:30-CALL CLOSE (HALT) submitted @ 30.00
[2026-09-28T15:53:58-04:00] 2026-09-28-MEIC-14:00-CALL CLOSE (HALT) submitted @ 30.00
[2026-09-28T15:53:58-04:00] 2026-09-28-MEIC-14:30-CALL CLOSE (HALT) submitted @ 30.00
[2026-09-28T15:54:30-04:00] 2026-09-28-MEIC-12:00-PUT close REJECTED (Your limit price is significantly away from the current market price. Please adj) — retry 1/3
[2026-09-28T15:54:30-04:00] 2026-09-28-MEIC-13:00-PUT close REJECTED (Your limit price is significantly away from the current market price. Please adj) — retry 1/3
[2026-09-28T15:54:30-04:00] 2026-09-28-MEIC-13:30-PUT close REJECTED (Your limit price is significantly away from the current market price. Please adj) — retry 1/3
[2026-09-28T15:54:31-04:00] 2026-09-28-MEIC-13:30-CALL close REJECTED (Your limit price is significantly away from the current market price. Please adj) — retry 1/3
[2026-09-28T15:54:31-04:00] 2026-09-28-MEIC-14:00-CALL close REJECTED (Your limit price is significantly away from the current market price. Please adj) — retry 1/3
[2026-09-28T15:54:32-04:00] 2026-09-28-MEIC-14:30-CALL close REJECTED (Your limit price is significantly away from the current market price. Please adj) — retry 1/3
[2026-09-28T15:54:32-04:00] 2026-09-28-MEIC-12:00-PUT CLOSE (HALT) submitted @ 30.00
[2026-09-28T15:54:33-04:00] 2026-09-28-MEIC-13:00-PUT CLOSE (HALT) submitted @ 30.00
[2026-09-28T15:54:33-04:00] 2026-09-28-MEIC-13:30-PUT CLOSE (HALT) submitted @ 30.00
[2026-09-28T15:54:34-04:00] 2026-09-28-MEIC-13:30-CALL CLOSE (HALT) submitted @ 30.00
[2026-09-28T15:54:34-04:00] 2026-09-28-MEIC-14:00-CALL CLOSE (HALT) submitted @ 30.00
[2026-09-28T15:54:35-04:00] 2026-09-28-MEIC-14:30-CALL CLOSE (HALT) submitted @ 30.00
[2026-09-28T15:55:06-04:00] 2026-09-28-MEIC-12:00-PUT close REJECTED (Your limit price is significantly away from the current market price. Please adj) — retry 1/3
[2026-09-28T15:55:06-04:00] 2026-09-28-MEIC-13:00-PUT close REJECTED (Your limit price is significantly away from the current market price. Please adj) — retry 1/3
[2026-09-28T15:55:07-04:00] 2026-09-28-MEIC-13:30-PUT close REJECTED (Your limit price is significantly away from the current market price. Please adj) — retry 1/3
[2026-09-28T15:55:09-04:00] 2026-09-28-MEIC-13:30-CALL close REJECTED (Your limit price is significantly away from the current market price. Please adj) — retry 1/3
[2026-09-28T15:55:09-04:00] 2026-09-28-MEIC-14:00-CALL close REJECTED (Your limit price is significantly away from the current market price. Please adj) — retry 1/3
[2026-09-28T15:55:10-04:00] 2026-09-28-MEIC-14:30-CALL close REJECTED (Your limit price is significantly away from the current market price. Please adj) — retry 1/3
[2026-09-28T15:55:10-04:00] 2026-09-28-MEIC-12:00-PUT CLOSE (HALT) submitted @ 30.00
[2026-09-28T15:55:11-04:00] 2026-09-28-MEIC-13:00-PUT CLOSE (HALT) submitted @ 30.00
[2026-09-28T15:55:11-04:00] 2026-09-28-MEIC-13:30-PUT CLOSE (HALT) submitted @ 30.00
[2026-09-28T15:55:12-04:00] 2026-09-28-MEIC-13:30-CALL CLOSE (HALT) submitted @ 30.00
[2026-09-28T15:55:12-04:00] 2026-09-28-MEIC-14:00-CALL CLOSE (HALT) submitted @ 30.00
[2026-09-28T15:55:12-04:00] 2026-09-28-MEIC-14:30-CALL CLOSE (HALT) submitted @ 30.00
[2026-09-28T15:55:44-04:00] 2026-09-28-MEIC-12:00-PUT close REJECTED (Your limit price is significantly away from the current market price. Please adj) — retry 1/3
[2026-09-28T15:55:44-04:00] 2026-09-28-MEIC-13:00-PUT close REJECTED (Your limit price is significantly away from the current market price. Please adj) — retry 1/3
[2026-09-28T15:55:45-04:00] 2026-09-28-MEIC-13:30-PUT close REJECTED (Your limit price is significantly away from the current market price. Please adj) — retry 1/3
[2026-09-28T15:55:45-04:00] 2026-09-28-MEIC-13:30-CALL close REJECTED (Your limit price is significantly away from the current market price. Please adj) — retry 1/3
[2026-09-28T15:55:46-04:00] 2026-09-28-MEIC-14:00-CALL close REJECTED (Your limit price is significantly away from the current market price. Please adj) — retry 1/3
[2026-09-28T15:55:46-04:00] 2026-09-28-MEIC-14:30-CALL close REJECTED (Your limit price is significantly away from the current market price. Please adj) — retry 1/3
[2026-09-28T15:55:47-04:00] 2026-09-28-MEIC-12:00-PUT CLOSE (HALT) submitted @ 30.00
[2026-09-28T15:55:47-04:00] 2026-09-28-MEIC-13:00-PUT CLOSE (HALT) submitted @ 30.00
[2026-09-28T15:55:48-04:00] 2026-09-28-MEIC-13:30-PUT CLOSE (HALT) submitted @ 30.00
[2026-09-28T15:55:48-04:00] 2026-09-28-MEIC-13:30-CALL CLOSE (HALT) submitted @ 30.00
[2026-09-28T15:55:49-04:00] 2026-09-28-MEIC-14:00-CALL CLOSE (HALT) submitted @ 30.00
[2026-09-28T15:55:49-04:00] 2026-09-28-MEIC-14:30-CALL CLOSE (HALT) submitted @ 30.00
[2026-09-28T15:56:20-04:00] 2026-09-28-MEIC-12:00-PUT close REJECTED (Your limit price is significantly away from the current market price. Please adj) — retry 1/3
[2026-09-28T15:56:21-04:00] 2026-09-28-MEIC-13:00-PUT close REJECTED (Your limit price is significantly away from the current market price. Please adj) — retry 1/3
[2026-09-28T15:56:21-04:00] 2026-09-28-MEIC-13:30-PUT close REJECTED (Your limit price is significantly away from the current market price. Please adj) — retry 1/3
[2026-09-28T15:56:22-04:00] 2026-09-28-MEIC-13:30-CALL close REJECTED (Your limit price is significantly away from the current market price. Please adj) — retry 1/3
[2026-09-28T15:56:22-04:00] 2026-09-28-MEIC-14:00-CALL close REJECTED (Your limit price is significantly away from the current market price. Please adj) — retry 1/3
[2026-09-28T15:56:22-04:00] 2026-09-28-MEIC-14:30-CALL close REJECTED (Your limit price is significantly away from the current market price. Please adj) — retry 1/3
[2026-09-28T15:56:23-04:00] 2026-09-28-MEIC-12:00-PUT CLOSE (HALT) submitted @ 30.00
[2026-09-28T15:56:24-04:00] 2026-09-28-MEIC-13:00-PUT CLOSE (HALT) submitted @ 30.00
[2026-09-28T15:56:24-04:00] 2026-09-28-MEIC-13:30-PUT CLOSE (HALT) submitted @ 30.00
[2026-09-28T15:56:24-04:00] 2026-09-28-MEIC-13:30-CALL CLOSE (HALT) submitted @ 30.00
[2026-09-28T15:56:25-04:00] 2026-09-28-MEIC-14:00-CALL CLOSE (HALT) submitted @ 30.00
[2026-09-28T15:56:26-04:00] 2026-09-28-MEIC-14:30-CALL CLOSE (HALT) submitted @ 30.00
[2026-09-28T15:56:57-04:00] 2026-09-28-MEIC-12:00-PUT close REJECTED (Your limit price is significantly away from the current market price. Please adj) — retry 1/3
[2026-09-28T15:56:57-04:00] 2026-09-28-MEIC-13:00-PUT close REJECTED (Your limit price is significantly away from the current market price. Please adj) — retry 1/3
[2026-09-28T15:56:58-04:00] 2026-09-28-MEIC-13:30-PUT close REJECTED (Your limit price is significantly away from the current market price. Please adj) — retry 1/3
[2026-09-28T15:56:58-04:00] 2026-09-28-MEIC-13:30-CALL close REJECTED (Your limit price is significantly away from the current market price. Please adj) — retry 1/3
[2026-09-28T15:56:59-04:00] 2026-09-28-MEIC-14:00-CALL close REJECTED (Your limit price is significantly away from the current market price. Please adj) — retry 1/3
[2026-09-28T15:56:59-04:00] 2026-09-28-MEIC-14:30-CALL close REJECTED (Your limit price is significantly away from the current market price. Please adj) — retry 1/3
[2026-09-28T15:56:59-04:00] 2026-09-28-MEIC-12:00-PUT CLOSE (HALT) submitted @ 30.00
[2026-09-28T15:57:00-04:00] 2026-09-28-MEIC-13:00-PUT CLOSE (HALT) submitted @ 30.00
[2026-09-28T15:57:00-04:00] 2026-09-28-MEIC-13:30-PUT CLOSE (HALT) submitted @ 30.00
[2026-09-28T15:57:01-04:00] 2026-09-28-MEIC-13:30-CALL CLOSE (HALT) submitted @ 30.00
[2026-09-28T15:57:02-04:00] 2026-09-28-MEIC-14:00-CALL CLOSE (HALT) submitted @ 30.00
[2026-09-28T15:57:02-04:00] 2026-09-28-MEIC-14:30-CALL CLOSE (HALT) submitted @ 30.00
[2026-09-28T15:57:33-04:00] 2026-09-28-MEIC-12:00-PUT close REJECTED (Your limit price is significantly away from the current market price. Please adj) — retry 1/3
[2026-09-28T15:57:34-04:00] 2026-09-28-MEIC-13:00-PUT close REJECTED (Your limit price is significantly away from the current market price. Please adj) — retry 1/3
[2026-09-28T15:57:34-04:00] 2026-09-28-MEIC-13:30-PUT close REJECTED (Your limit price is significantly away from the current market price. Please adj) — retry 1/3
[2026-09-28T15:57:35-04:00] 2026-09-28-MEIC-13:30-CALL close REJECTED (Your limit price is significantly away from the current market price. Please adj) — retry 1/3
[2026-09-28T15:57:35-04:00] 2026-09-28-MEIC-14:00-CALL close REJECTED (Your limit price is significantly away from the current market price. Please adj) — retry 1/3
[2026-09-28T15:57:36-04:00] 2026-09-28-MEIC-14:30-CALL close REJECTED (Your limit price is significantly away from the current market price. Please adj) — retry 1/3
[2026-09-28T15:57:36-04:00] 2026-09-28-MEIC-12:00-PUT CLOSE (HALT) submitted @ 30.00
[2026-09-28T15:57:37-04:00] 2026-09-28-MEIC-13:00-PUT CLOSE (HALT) submitted @ 30.00
[2026-09-28T15:57:37-04:00] 2026-09-28-MEIC-13:30-PUT CLOSE (HALT) submitted @ 30.00
[2026-09-28T15:57:37-04:00] 2026-09-28-MEIC-13:30-CALL CLOSE (HALT) submitted @ 30.00
[2026-09-28T15:57:38-04:00] 2026-09-28-MEIC-14:00-CALL CLOSE (HALT) submitted @ 30.00
[2026-09-28T15:57:38-04:00] 2026-09-28-MEIC-14:30-CALL CLOSE (HALT) submitted @ 30.00
[2026-09-28T15:58:10-04:00] 2026-09-28-MEIC-12:00-PUT close REJECTED (Your limit price is significantly away from the current market price. Please adj) — retry 1/3
[2026-09-28T15:58:10-04:00] 2026-09-28-MEIC-13:00-PUT close REJECTED (Your limit price is significantly away from the current market price. Please adj) — retry 1/3
[2026-09-28T15:58:10-04:00] 2026-09-28-MEIC-13:30-PUT close REJECTED (Your limit price is significantly away from the current market price. Please adj) — retry 1/3
[2026-09-28T15:58:11-04:00] 2026-09-28-MEIC-13:30-CALL close REJECTED (Your limit price is significantly away from the current market price. Please adj) — retry 1/3
[2026-09-28T15:58:11-04:00] 2026-09-28-MEIC-14:00-CALL close REJECTED (Your limit price is significantly away from the current market price. Please adj) — retry 1/3
[2026-09-28T15:58:12-04:00] 2026-09-28-MEIC-14:30-CALL close REJECTED (Your limit price is significantly away from the current market price. Please adj) — retry 1/3
[2026-09-28T15:58:12-04:00] 2026-09-28-MEIC-12:00-PUT CLOSE (HALT) submitted @ 30.00
[2026-09-28T15:58:13-04:00] 2026-09-28-MEIC-13:00-PUT CLOSE (HALT) submitted @ 30.00
[2026-09-28T15:58:13-04:00] 2026-09-28-MEIC-13:30-PUT CLOSE (HALT) submitted @ 30.00
[2026-09-28T15:58:14-04:00] 2026-09-28-MEIC-13:30-CALL CLOSE (HALT) submitted @ 30.00
[2026-09-28T15:58:14-04:00] 2026-09-28-MEIC-14:00-CALL CLOSE (HALT) submitted @ 30.00
[2026-09-28T15:58:15-04:00] 2026-09-28-MEIC-14:30-CALL CLOSE (HALT) submitted @ 30.00
[2026-09-28T15:58:46-04:00] 2026-09-28-MEIC-12:00-PUT close REJECTED (Your limit price is significantly away from the current market price. Please adj) — retry 1/3
[2026-09-28T15:58:46-04:00] 2026-09-28-MEIC-13:00-PUT close REJECTED (Your limit price is significantly away from the current market price. Please adj) — retry 1/3
[2026-09-28T15:58:47-04:00] 2026-09-28-MEIC-13:30-PUT close REJECTED (Your limit price is significantly away from the current market price. Please adj) — retry 1/3
[2026-09-28T15:58:47-04:00] 2026-09-28-MEIC-13:30-CALL close REJECTED (Your limit price is significantly away from the current market price. Please adj) — retry 1/3
[2026-09-28T15:58:48-04:00] 2026-09-28-MEIC-14:00-CALL close REJECTED (Your limit price is significantly away from the current market price. Please adj) — retry 1/3
[2026-09-28T15:58:48-04:00] 2026-09-28-MEIC-14:30-CALL close REJECTED (Your limit price is significantly away from the current market price. Please adj) — retry 1/3
[2026-09-28T15:58:49-04:00] 2026-09-28-MEIC-12:00-PUT CLOSE (HALT) submitted @ 30.00
[2026-09-28T15:58:49-04:00] 2026-09-28-MEIC-13:00-PUT CLOSE (HALT) submitted @ 30.00
[2026-09-28T15:58:50-04:00] 2026-09-28-MEIC-13:30-PUT CLOSE (HALT) submitted @ 30.00
[2026-09-28T15:58:50-04:00] 2026-09-28-MEIC-13:30-CALL CLOSE (HALT) submitted @ 30.00
[2026-09-28T15:58:51-04:00] 2026-09-28-MEIC-14:00-CALL CLOSE (HALT) submitted @ 30.00
[2026-09-28T15:58:51-04:00] 2026-09-28-MEIC-14:30-CALL CLOSE (HALT) submitted @ 30.00
[2026-09-28T15:59:22-04:00] 2026-09-28-MEIC-12:00-PUT close REJECTED (Your limit price is significantly away from the current market price. Please adj) — retry 1/3
[2026-09-28T15:59:23-04:00] 2026-09-28-MEIC-13:00-PUT close REJECTED (Your limit price is significantly away from the current market price. Please adj) — retry 1/3
[2026-09-28T15:59:23-04:00] 2026-09-28-MEIC-13:30-PUT close REJECTED (Your limit price is significantly away from the current market price. Please adj) — retry 1/3
[2026-09-28T15:59:24-04:00] 2026-09-28-MEIC-13:30-CALL close REJECTED (Your limit price is significantly away from the current market price. Please adj) — retry 1/3
[2026-09-28T15:59:25-04:00] 2026-09-28-MEIC-14:00-CALL close REJECTED (Your limit price is significantly away from the current market price. Please adj) — retry 1/3
[2026-09-28T15:59:25-04:00] 2026-09-28-MEIC-14:30-CALL close REJECTED (Your limit price is significantly away from the current market price. Please adj) — retry 1/3
[2026-09-28T15:59:26-04:00] 2026-09-28-MEIC-12:00-PUT CLOSE (HALT) submitted @ 30.00
[2026-09-28T15:59:26-04:00] 2026-09-28-MEIC-13:00-PUT CLOSE (HALT) submitted @ 30.00
[2026-09-28T15:59:27-04:00] 2026-09-28-MEIC-13:30-PUT CLOSE (HALT) submitted @ 30.00
[2026-09-28T15:59:27-04:00] 2026-09-28-MEIC-13:30-CALL CLOSE (HALT) submitted @ 30.00
[2026-09-28T15:59:28-04:00] 2026-09-28-MEIC-14:00-CALL CLOSE (HALT) submitted @ 30.00
[2026-09-28T15:59:28-04:00] 2026-09-28-MEIC-14:30-CALL CLOSE (HALT) submitted @ 30.00
[2026-09-28T16:00:00-04:00] 2026-09-28-MEIC-12:00-PUT close REJECTED (Your limit price is significantly away from the current market price. Please adj) — retry 1/3
[2026-09-28T16:00:00-04:00] 2026-09-28-MEIC-13:00-PUT close REJECTED (Your limit price is significantly away from the current market price. Please adj) — retry 1/3
[2026-09-28T16:00:01-04:00] 2026-09-28-MEIC-13:30-PUT close REJECTED (Your limit price is significantly away from the current market price. Please adj) — retry 1/3
[2026-09-28T16:00:01-04:00] 2026-09-28-MEIC-13:30-CALL close REJECTED (Your limit price is significantly away from the current market price. Please adj) — retry 1/3
[2026-09-28T16:00:02-04:00] 2026-09-28-MEIC-14:00-CALL close REJECTED (Your limit price is significantly away from the current market price. Please adj) — retry 1/3
[2026-09-28T16:00:02-04:00] 2026-09-28-MEIC-14:30-CALL close REJECTED (Your limit price is significantly away from the current market price. Please adj) — retry 1/3
[2026-09-28T16:00:03-04:00] 2026-09-28-MEIC-12:00-PUT CLOSE (HALT) submitted @ 30.00
[2026-09-28T16:00:04-04:00] 2026-09-28-MEIC-13:00-PUT CLOSE (HALT) submitted @ 30.00
[2026-09-28T16:00:05-04:00] 2026-09-28-MEIC-13:30-PUT CLOSE (HALT) submitted @ 30.00
[2026-09-28T16:00:06-04:00] 2026-09-28-MEIC-13:30-CALL CLOSE (HALT) submitted @ 30.00
[2026-09-28T16:00:07-04:00] 2026-09-28-MEIC-14:00-CALL CLOSE (HALT) submitted @ 30.00
[2026-09-28T16:00:08-04:00] 2026-09-28-MEIC-14:30-CALL CLOSE (HALT) submitted @ 30.00
[2026-09-28T16:00:39-04:00] 2026-09-28-MEIC-12:00-PUT close REJECTED (Your limit price is significantly away from the current market price. Please adj) — retry 1/3
[2026-09-28T16:00:40-04:00] 2026-09-28-MEIC-13:00-PUT close REJECTED (Your limit price is significantly away from the current market price. Please adj) — retry 1/3
[2026-09-28T16:00:40-04:00] 2026-09-28-MEIC-13:30-PUT close REJECTED (Your limit price is significantly away from the current market price. Please adj) — retry 1/3
[2026-09-28T16:00:41-04:00] 2026-09-28-MEIC-13:30-CALL close REJECTED (Your limit price is significantly away from the current market price. Please adj) — retry 1/3
[2026-09-28T16:00:41-04:00] 2026-09-28-MEIC-14:00-CALL close REJECTED (Your limit price is significantly away from the current market price. Please adj) — retry 1/3
[2026-09-28T16:00:41-04:00] 2026-09-28-MEIC-14:30-CALL close REJECTED (Your limit price is significantly away from the current market price. Please adj) — retry 1/3
[2026-09-28T16:00:42-04:00] 2026-09-28-MEIC-12:00-PUT CLOSE (HALT) submitted @ 30.00
[2026-09-28T16:00:42-04:00] 2026-09-28-MEIC-13:00-PUT CLOSE (HALT) submitted @ 30.00
[2026-09-28T16:00:43-04:00] 2026-09-28-MEIC-13:30-PUT CLOSE (HALT) submitted @ 30.00
[2026-09-28T16:00:43-04:00] 2026-09-28-MEIC-13:30-CALL CLOSE (HALT) submitted @ 30.00
[2026-09-28T16:00:44-04:00] 2026-09-28-MEIC-14:00-CALL CLOSE (HALT) submitted @ 30.00
[2026-09-28T16:00:44-04:00] 2026-09-28-MEIC-14:30-CALL CLOSE (HALT) submitted @ 30.00
[2026-09-28T16:01:16-04:00] 2026-09-28-MEIC-12:00-PUT close REJECTED (Your limit price is significantly away from the current market price. Please adj) — retry 1/3
[2026-09-28T16:01:16-04:00] 2026-09-28-MEIC-13:00-PUT close REJECTED (Your limit price is significantly away from the current market price. Please adj) — retry 1/3
[2026-09-28T16:01:17-04:00] 2026-09-28-MEIC-13:30-PUT close REJECTED (Your limit price is significantly away from the current market price. Please adj) — retry 1/3
[2026-09-28T16:01:17-04:00] 2026-09-28-MEIC-13:30-CALL close REJECTED (Your limit price is significantly away from the current market price. Please adj) — retry 1/3
[2026-09-28T16:01:18-04:00] 2026-09-28-MEIC-14:00-CALL close REJECTED (Your limit price is significantly away from the current market price. Please adj) — retry 1/3
[2026-09-28T16:01:18-04:00] 2026-09-28-MEIC-14:30-CALL close REJECTED (Your limit price is significantly away from the current market price. Please adj) — retry 1/3
[2026-09-28T16:01:19-04:00] 2026-09-28-MEIC-12:00-PUT CLOSE (HALT) submitted @ 30.00
[2026-09-28T16:01:19-04:00] 2026-09-28-MEIC-13:00-PUT CLOSE (HALT) submitted @ 30.00
[2026-09-28T16:01:20-04:00] 2026-09-28-MEIC-13:30-PUT CLOSE (HALT) submitted @ 30.00
[2026-09-28T16:01:20-04:00] 2026-09-28-MEIC-13:30-CALL CLOSE (HALT) submitted @ 30.00
[2026-09-28T16:01:21-04:00] 2026-09-28-MEIC-14:00-CALL CLOSE (HALT) submitted @ 30.00
[2026-09-28T16:01:21-04:00] 2026-09-28-MEIC-14:30-CALL CLOSE (HALT) submitted @ 30.00
[2026-09-28T16:01:53-04:00] 2026-09-28-MEIC-12:00-PUT close REJECTED (Your limit price is significantly away from the current market price. Please adj) — retry 1/3
[2026-09-28T16:01:53-04:00] 2026-09-28-MEIC-13:00-PUT close REJECTED (Your limit price is significantly away from the current market price. Please adj) — retry 1/3
[2026-09-28T16:01:53-04:00] 2026-09-28-MEIC-13:30-PUT close REJECTED (Your limit price is significantly away from the current market price. Please adj) — retry 1/3
[2026-09-28T16:01:54-04:00] 2026-09-28-MEIC-13:30-CALL close REJECTED (Your limit price is significantly away from the current market price. Please adj) — retry 1/3
[2026-09-28T16:01:54-04:00] 2026-09-28-MEIC-14:00-CALL close REJECTED (Your limit price is significantly away from the current market price. Please adj) — retry 1/3
[2026-09-28T16:01:55-04:00] 2026-09-28-MEIC-14:30-CALL close REJECTED (Your limit price is significantly away from the current market price. Please adj) — retry 1/3
[2026-09-28T16:01:55-04:00] 2026-09-28-MEIC-12:00-PUT CLOSE (HALT) submitted @ 30.00
[2026-09-28T16:01:56-04:00] 2026-09-28-MEIC-13:00-PUT CLOSE (HALT) submitted @ 30.00
[2026-09-28T16:01:56-04:00] 2026-09-28-MEIC-13:30-PUT CLOSE (HALT) submitted @ 30.00
[2026-09-28T16:01:57-04:00] 2026-09-28-MEIC-13:30-CALL CLOSE (HALT) submitted @ 30.00
[2026-09-28T16:01:57-04:00] 2026-09-28-MEIC-14:00-CALL CLOSE (HALT) submitted @ 30.00
[2026-09-28T16:01:58-04:00] 2026-09-28-MEIC-14:30-CALL CLOSE (HALT) submitted @ 30.00
[2026-09-28T16:02:29-04:00] 2026-09-28-MEIC-12:00-PUT close REJECTED (Your limit price is significantly away from the current market price. Please adj) — retry 1/3
[2026-09-28T16:02:30-04:00] 2026-09-28-MEIC-13:00-PUT close REJECTED (Your limit price is significantly away from the current market price. Please adj) — retry 1/3
[2026-09-28T16:02:30-04:00] 2026-09-28-MEIC-13:30-PUT close REJECTED (Your limit price is significantly away from the current market price. Please adj) — retry 1/3
[2026-09-28T16:02:30-04:00] 2026-09-28-MEIC-13:30-CALL close REJECTED (Your limit price is significantly away from the current market price. Please adj) — retry 1/3
[2026-09-28T16:02:31-04:00] 2026-09-28-MEIC-14:00-CALL close REJECTED (Your limit price is significantly away from the current market price. Please adj) — retry 1/3
[2026-09-28T16:02:31-04:00] 2026-09-28-MEIC-14:30-CALL close REJECTED (Your limit price is significantly away from the current market price. Please adj) — retry 1/3
[2026-09-28T16:02:32-04:00] 2026-09-28-MEIC-12:00-PUT CLOSE (HALT) submitted @ 30.00
[2026-09-28T16:02:32-04:00] 2026-09-28-MEIC-13:00-PUT CLOSE (HALT) submitted @ 30.00
[2026-09-28T16:02:33-04:00] 2026-09-28-MEIC-13:30-PUT CLOSE (HALT) submitted @ 30.00
[2026-09-28T16:02:33-04:00] 2026-09-28-MEIC-13:30-CALL CLOSE (HALT) submitted @ 30.00
[2026-09-28T16:02:34-04:00] 2026-09-28-MEIC-14:00-CALL CLOSE (HALT) submitted @ 30.00
[2026-09-28T16:02:34-04:00] 2026-09-28-MEIC-14:30-CALL CLOSE (HALT) submitted @ 30.00
[2026-09-28T16:03:05-04:00] 2026-09-28-MEIC-12:00-PUT close REJECTED (Your limit price is significantly away from the current market price. Please adj) — retry 1/3
[2026-09-28T16:03:06-04:00] 2026-09-28-MEIC-13:00-PUT close REJECTED (Your limit price is significantly away from the current market price. Please adj) — retry 1/3
[2026-09-28T16:03:06-04:00] 2026-09-28-MEIC-13:30-PUT close REJECTED (Your limit price is significantly away from the current market price. Please adj) — retry 1/3
[2026-09-28T16:03:06-04:00] 2026-09-28-MEIC-13:30-CALL close REJECTED (Your limit price is significantly away from the current market price. Please adj) — retry 1/3
[2026-09-28T16:03:07-04:00] 2026-09-28-MEIC-14:00-CALL close REJECTED (Your limit price is significantly away from the current market price. Please adj) — retry 1/3
[2026-09-28T16:03:07-04:00] 2026-09-28-MEIC-14:30-CALL close REJECTED (Your limit price is significantly away from the current market price. Please adj) — retry 1/3
[2026-09-28T16:03:08-04:00] 2026-09-28-MEIC-12:00-PUT CLOSE (HALT) submitted @ 30.00
[2026-09-28T16:03:08-04:00] 2026-09-28-MEIC-13:00-PUT CLOSE (HALT) submitted @ 30.00
[2026-09-28T16:03:09-04:00] 2026-09-28-MEIC-13:30-PUT CLOSE (HALT) submitted @ 30.00
[2026-09-28T16:03:09-04:00] 2026-09-28-MEIC-13:30-CALL CLOSE (HALT) submitted @ 30.00
[2026-09-28T16:03:10-04:00] 2026-09-28-MEIC-14:00-CALL CLOSE (HALT) submitted @ 30.00
[2026-09-28T16:03:10-04:00] 2026-09-28-MEIC-14:30-CALL CLOSE (HALT) submitted @ 30.00
[2026-09-28T16:03:42-04:00] 2026-09-28-MEIC-12:00-PUT close REJECTED (Your limit price is significantly away from the current market price. Please adj) — retry 1/3
[2026-09-28T16:03:42-04:00] 2026-09-28-MEIC-13:00-PUT close REJECTED (Your limit price is significantly away from the current market price. Please adj) — retry 1/3
[2026-09-28T16:03:42-04:00] 2026-09-28-MEIC-13:30-PUT close REJECTED (Your limit price is significantly away from the current market price. Please adj) — retry 1/3
[2026-09-28T16:03:43-04:00] 2026-09-28-MEIC-13:30-CALL close REJECTED (Your limit price is significantly away from the current market price. Please adj) — retry 1/3
[2026-09-28T16:03:43-04:00] 2026-09-28-MEIC-14:00-CALL close REJECTED (Your limit price is significantly away from the current market price. Please adj) — retry 1/3
[2026-09-28T16:03:44-04:00] 2026-09-28-MEIC-14:30-CALL close REJECTED (Your limit price is significantly away from the current market price. Please adj) — retry 1/3
[2026-09-28T16:03:44-04:00] 2026-09-28-MEIC-12:00-PUT CLOSE (HALT) submitted @ 30.00
[2026-09-28T16:03:45-04:00] 2026-09-28-MEIC-13:00-PUT CLOSE (HALT) submitted @ 30.00
[2026-09-28T16:03:45-04:00] 2026-09-28-MEIC-13:30-PUT CLOSE (HALT) submitted @ 30.00
[2026-09-28T16:03:46-04:00] 2026-09-28-MEIC-13:30-CALL CLOSE (HALT) submitted @ 30.00
[2026-09-28T16:03:46-04:00] 2026-09-28-MEIC-14:00-CALL CLOSE (HALT) submitted @ 30.00
[2026-09-28T16:03:47-04:00] 2026-09-28-MEIC-14:30-CALL CLOSE (HALT) submitted @ 30.00
[2026-09-28T16:04:18-04:00] 2026-09-28-MEIC-12:00-PUT close REJECTED (Your limit price is significantly away from the current market price. Please adj) — retry 1/3
[2026-09-28T16:04:18-04:00] 2026-09-28-MEIC-13:00-PUT close REJECTED (Your limit price is significantly away from the current market price. Please adj) — retry 1/3
[2026-09-28T16:04:19-04:00] 2026-09-28-MEIC-13:30-PUT close REJECTED (Your limit price is significantly away from the current market price. Please adj) — retry 1/3
[2026-09-28T16:04:19-04:00] 2026-09-28-MEIC-13:30-CALL close REJECTED (Your limit price is significantly away from the current market price. Please adj) — retry 1/3
[2026-09-28T16:04:20-04:00] 2026-09-28-MEIC-14:00-CALL close REJECTED (Your limit price is significantly away from the current market price. Please adj) — retry 1/3
[2026-09-28T16:04:20-04:00] 2026-09-28-MEIC-14:30-CALL close REJECTED (Your limit price is significantly away from the current market price. Please adj) — retry 1/3
[2026-09-28T16:04:21-04:00] 2026-09-28-MEIC-12:00-PUT CLOSE (HALT) submitted @ 30.00
[2026-09-28T16:04:21-04:00] 2026-09-28-MEIC-13:00-PUT CLOSE (HALT) submitted @ 30.00
[2026-09-28T16:04:22-04:00] 2026-09-28-MEIC-13:30-PUT CLOSE (HALT) submitted @ 30.00
[2026-09-28T16:04:22-04:00] 2026-09-28-MEIC-13:30-CALL CLOSE (HALT) submitted @ 30.00
[2026-09-28T16:04:23-04:00] 2026-09-28-MEIC-14:00-CALL CLOSE (HALT) submitted @ 30.00
[2026-09-28T16:04:23-04:00] 2026-09-28-MEIC-14:30-CALL CLOSE (HALT) submitted @ 30.00
[2026-09-28T16:04:54-04:00] 2026-09-28-MEIC-12:00-PUT close REJECTED (Your limit price is significantly away from the current market price. Please adj) — retry 1/3
[2026-09-28T16:04:55-04:00] 2026-09-28-MEIC-13:00-PUT close REJECTED (Your limit price is significantly away from the current market price. Please adj) — retry 1/3
[2026-09-28T16:04:55-04:00] 2026-09-28-MEIC-13:30-PUT close REJECTED (Your limit price is significantly away from the current market price. Please adj) — retry 1/3
[2026-09-28T16:04:56-04:00] 2026-09-28-MEIC-13:30-CALL close REJECTED (Your limit price is significantly away from the current market price. Please adj) — retry 1/3
[2026-09-28T16:04:56-04:00] 2026-09-28-MEIC-14:00-CALL close REJECTED (Your limit price is significantly away from the current market price. Please adj) — retry 1/3
[2026-09-28T16:04:57-04:00] 2026-09-28-MEIC-14:30-CALL close REJECTED (Your limit price is significantly away from the current market price. Please adj) — retry 1/3
[2026-09-28T16:04:57-04:00] 2026-09-28-MEIC-12:00-PUT CLOSE (HALT) submitted @ 30.00
[2026-09-28T16:04:58-04:00] 2026-09-28-MEIC-13:00-PUT CLOSE (HALT) submitted @ 30.00
[2026-09-28T16:04:58-04:00] 2026-09-28-MEIC-13:30-PUT CLOSE (HALT) submitted @ 30.00
[2026-09-28T16:04:59-04:00] 2026-09-28-MEIC-13:30-CALL CLOSE (HALT) submitted @ 30.00
[2026-09-28T16:04:59-04:00] 2026-09-28-MEIC-14:00-CALL CLOSE (HALT) submitted @ 30.00
[2026-09-28T16:05:00-04:00] 2026-09-28-MEIC-14:30-CALL CLOSE (HALT) submitted @ 30.00
[2026-09-28T16:05:31-04:00] 2026-09-28-MEIC-12:00-PUT close REJECTED (Your limit price is significantly away from the current market price. Please adj) — retry 1/3
[2026-09-28T16:05:31-04:00] 2026-09-28-MEIC-13:00-PUT close REJECTED (Your limit price is significantly away from the current market price. Please adj) — retry 1/3
[2026-09-28T16:05:32-04:00] 2026-09-28-MEIC-13:30-PUT close REJECTED (Your limit price is significantly away from the current market price. Please adj) — retry 1/3
[2026-09-28T16:05:32-04:00] 2026-09-28-MEIC-13:30-CALL close REJECTED (Your limit price is significantly away from the current market price. Please adj) — retry 1/3
[2026-09-28T16:05:33-04:00] 2026-09-28-MEIC-14:00-CALL close REJECTED (Your limit price is significantly away from the current market price. Please adj) — retry 1/3
[2026-09-28T16:05:33-04:00] 2026-09-28-MEIC-14:30-CALL close REJECTED (Your limit price is significantly away from the current market price. Please adj) — retry 1/3
[2026-09-28T16:05:34-04:00] 2026-09-28-MEIC-12:00-PUT CLOSE (HALT) submitted @ 30.00
[2026-09-28T16:05:34-04:00] 2026-09-28-MEIC-13:00-PUT CLOSE (HALT) submitted @ 30.00
[2026-09-28T16:05:35-04:00] 2026-09-28-MEIC-13:30-PUT CLOSE (HALT) submitted @ 30.00
[2026-09-28T16:05:35-04:00] 2026-09-28-MEIC-13:30-CALL CLOSE (HALT) submitted @ 30.00
[2026-09-28T16:05:36-04:00] 2026-09-28-MEIC-14:00-CALL CLOSE (HALT) submitted @ 30.00
[2026-09-28T16:05:36-04:00] 2026-09-28-MEIC-14:30-CALL CLOSE (HALT) submitted @ 30.00
[2026-09-28T16:06:07-04:00] 2026-09-28-MEIC-12:00-PUT close REJECTED (Your limit price is significantly away from the current market price. Please adj) — retry 1/3
[2026-09-28T16:06:08-04:00] 2026-09-28-MEIC-13:00-PUT close REJECTED (Your limit price is significantly away from the current market price. Please adj) — retry 1/3
[2026-09-28T16:06:08-04:00] 2026-09-28-MEIC-13:30-PUT close REJECTED (Your limit price is significantly away from the current market price. Please adj) — retry 1/3
[2026-09-28T16:06:09-04:00] 2026-09-28-MEIC-13:30-CALL close REJECTED (Your limit price is significantly away from the current market price. Please adj) — retry 1/3
[2026-09-28T16:06:09-04:00] 2026-09-28-MEIC-14:00-CALL close REJECTED (Your limit price is significantly away from the current market price. Please adj) — retry 1/3
[2026-09-28T16:06:09-04:00] 2026-09-28-MEIC-14:30-CALL close REJECTED (Your limit price is significantly away from the current market price. Please adj) — retry 1/3
[2026-09-28T16:06:10-04:00] 2026-09-28-MEIC-12:00-PUT CLOSE (HALT) submitted @ 30.00
[2026-09-28T16:06:10-04:00] 2026-09-28-MEIC-13:00-PUT CLOSE (HALT) submitted @ 30.00
[2026-09-28T16:06:11-04:00] 2026-09-28-MEIC-13:30-PUT CLOSE (HALT) submitted @ 30.00
[2026-09-28T16:06:11-04:00] 2026-09-28-MEIC-13:30-CALL CLOSE (HALT) submitted @ 30.00
[2026-09-28T16:06:12-04:00] 2026-09-28-MEIC-14:00-CALL CLOSE (HALT) submitted @ 30.00
[2026-09-28T16:06:12-04:00] 2026-09-28-MEIC-14:30-CALL CLOSE (HALT) submitted @ 30.00
[2026-09-28T16:06:43-04:00] 2026-09-28-MEIC-12:00-PUT close REJECTED (Your limit price is significantly away from the current market price. Please adj) — retry 1/3
[2026-09-28T16:06:44-04:00] 2026-09-28-MEIC-13:00-PUT close REJECTED (Your limit price is significantly away from the current market price. Please adj) — retry 1/3
[2026-09-28T16:06:44-04:00] 2026-09-28-MEIC-13:30-PUT close REJECTED (Your limit price is significantly away from the current market price. Please adj) — retry 1/3
[2026-09-28T16:06:44-04:00] 2026-09-28-MEIC-13:30-CALL close REJECTED (Your limit price is significantly away from the current market price. Please adj) — retry 1/3
[2026-09-28T16:06:45-04:00] 2026-09-28-MEIC-14:00-CALL close REJECTED (Your limit price is significantly away from the current market price. Please adj) — retry 1/3
[2026-09-28T16:06:45-04:00] 2026-09-28-MEIC-14:30-CALL close REJECTED (Your limit price is significantly away from the current market price. Please adj) — retry 1/3
[2026-09-28T16:06:46-04:00] 2026-09-28-MEIC-12:00-PUT CLOSE (HALT) submitted @ 30.00
[2026-09-28T16:06:46-04:00] 2026-09-28-MEIC-13:00-PUT CLOSE (HALT) submitted @ 30.00
[2026-09-28T16:06:47-04:00] 2026-09-28-MEIC-13:30-PUT CLOSE (HALT) submitted @ 30.00
[2026-09-28T16:06:47-04:00] 2026-09-28-MEIC-13:30-CALL CLOSE (HALT) submitted @ 30.00
[2026-09-28T16:06:48-04:00] 2026-09-28-MEIC-14:00-CALL CLOSE (HALT) submitted @ 30.00
[2026-09-28T16:06:48-04:00] 2026-09-28-MEIC-14:30-CALL CLOSE (HALT) submitted @ 30.00
[2026-09-28T16:07:19-04:00] 2026-09-28-MEIC-12:00-PUT close REJECTED (Your limit price is significantly away from the current market price. Please adj) — retry 1/3
[2026-09-28T16:07:20-04:00] 2026-09-28-MEIC-13:00-PUT close REJECTED (Your limit price is significantly away from the current market price. Please adj) — retry 1/3
[2026-09-28T16:07:20-04:00] 2026-09-28-MEIC-13:30-PUT close REJECTED (Your limit price is significantly away from the current market price. Please adj) — retry 1/3
[2026-09-28T16:07:20-04:00] 2026-09-28-MEIC-13:30-CALL close REJECTED (Your limit price is significantly away from the current market price. Please adj) — retry 1/3
[2026-09-28T16:07:21-04:00] 2026-09-28-MEIC-14:00-CALL close REJECTED (Your limit price is significantly away from the current market price. Please adj) — retry 1/3
[2026-09-28T16:07:21-04:00] 2026-09-28-MEIC-14:30-CALL close REJECTED (Your limit price is significantly away from the current market price. Please adj) — retry 1/3
[2026-09-28T16:07:22-04:00] 2026-09-28-MEIC-12:00-PUT CLOSE (HALT) submitted @ 30.00
[2026-09-28T16:07:22-04:00] 2026-09-28-MEIC-13:00-PUT CLOSE (HALT) submitted @ 30.00
[2026-09-28T16:07:23-04:00] 2026-09-28-MEIC-13:30-PUT CLOSE (HALT) submitted @ 30.00
[2026-09-28T16:07:23-04:00] 2026-09-28-MEIC-13:30-CALL CLOSE (HALT) submitted @ 30.00
[2026-09-28T16:07:24-04:00] 2026-09-28-MEIC-14:00-CALL CLOSE (HALT) submitted @ 30.00
[2026-09-28T16:07:24-04:00] 2026-09-28-MEIC-14:30-CALL CLOSE (HALT) submitted @ 30.00
[2026-09-28T16:07:25-04:00] cancel 1008095000010: HTTP 400
[2026-09-28T16:07:25-04:00] 2026-09-28-MEIC-12:00-PUT settled at intrinsic 0.00 pnl +148
[2026-09-28T16:07:25-04:00] cancel 1008095000013: HTTP 400
[2026-09-28T16:07:25-04:00] 2026-09-28-MEIC-13:00-PUT settled at intrinsic 0.00 pnl +243
[2026-09-28T16:07:26-04:00] cancel 1008095000015: HTTP 400
[2026-09-28T16:07:26-04:00] 2026-09-28-MEIC-13:30-PUT settled at intrinsic 0.00 pnl +178
[2026-09-28T16:07:26-04:00] cancel 1008095000017: HTTP 400
[2026-09-28T16:07:26-04:00] 2026-09-28-MEIC-13:30-CALL settled at intrinsic 0.00 pnl +183
[2026-09-28T16:07:27-04:00] cancel 1008095000019: HTTP 400
[2026-09-28T16:07:27-04:00] 2026-09-28-MEIC-14:00-CALL settled at intrinsic 0.00 pnl +143
[2026-09-28T16:07:28-04:00] cancel 1008095000021: HTTP 400
[2026-09-28T16:07:28-04:00] 2026-09-28-MEIC-14:30-CALL settled at intrinsic 0.00 pnl +163
[2026-09-29T12:00:20-04:00] 2026-09-29-MEIC-12:00-PUT OPEN submitted 1.80 cr (order 1008102871893)
[2026-09-29T12:00:21-04:00] 2026-09-29-MEIC-12:00-CALL OPEN submitted 1.50 cr (order 1008102871895)
[2026-09-29T12:00:51-04:00] 2026-09-29-MEIC-12:00-PUT FILLED @ 1.85 (theo limit 1.80)
[2026-09-29T12:00:52-04:00] 2026-09-29-MEIC-12:00-CALL FILLED @ 1.50 (theo limit 1.50)
[2026-09-29T12:30:13-04:00] 2026-09-29-MEIC-12:30-PUT OPEN submitted 1.70 cr (order 1008104964049)
[2026-09-29T12:30:13-04:00] 2026-09-29-MEIC-12:30-CALL OPEN submitted 1.65 cr (order 1008104964052)
[2026-09-29T12:30:44-04:00] 2026-09-29-MEIC-12:30-PUT FILLED @ 1.70 (theo limit 1.70)
[2026-09-29T12:30:44-04:00] 2026-09-29-MEIC-12:30-CALL FILLED @ 1.65 (theo limit 1.65)
[2026-09-29T13:00:07-04:00] 2026-09-29-MEIC-13:00-PUT OPEN submitted 1.80 cr (order 1008104965626)
[2026-09-29T13:00:07-04:00] 2026-09-29-MEIC-13:00-CALL OPEN submitted 1.75 cr (order 1008104965628)
[2026-09-29T13:00:38-04:00] 2026-09-29-MEIC-13:00-PUT FILLED @ 1.80 (theo limit 1.80)
[2026-09-29T13:00:39-04:00] 2026-09-29-MEIC-13:00-CALL FILLED @ 1.80 (theo limit 1.75)
[2026-09-29T13:26:24-04:00] schwab audit: token refresh failed: HTTP 400
[2026-09-29T13:26:55-04:00] schwab audit: token refresh failed: HTTP 400
[2026-09-29T13:27:26-04:00] schwab audit: token refresh failed: HTTP 400
[2026-09-29T13:27:57-04:00] schwab audit: token refresh failed: HTTP 400
[2026-09-29T13:28:28-04:00] schwab audit: token refresh failed: HTTP 400
[2026-09-29T13:28:59-04:00] schwab audit: token refresh failed: HTTP 400
[2026-09-29T13:29:29-04:00] schwab audit: token refresh failed: HTTP 400
[2026-09-29T13:30:00-04:00] schwab audit: token refresh failed: HTTP 400
[2026-09-29T13:30:30-04:00] schwab audit: token refresh failed: HTTP 400
[2026-09-29T13:31:01-04:00] schwab audit: token refresh failed: HTTP 400
[2026-09-29T13:31:32-04:00] schwab audit: token refresh failed: HTTP 400
[2026-09-29T13:32:03-04:00] schwab audit: token refresh failed: HTTP 400
[2026-09-29T13:32:33-04:00] schwab audit: token refresh failed: HTTP 400
[2026-09-29T13:33:04-04:00] schwab audit: token refresh failed: HTTP 400
[2026-09-29T13:33:35-04:00] schwab audit: token refresh failed: HTTP 400
[2026-09-29T13:34:06-04:00] schwab audit: token refresh failed: HTTP 400
[2026-09-29T13:34:36-04:00] schwab audit: token refresh failed: HTTP 400
[2026-09-29T13:35:07-04:00] schwab audit: token refresh failed: HTTP 400
[2026-09-29T13:35:37-04:00] schwab audit: token refresh failed: HTTP 400
[2026-09-29T13:36:08-04:00] schwab audit: token refresh failed: HTTP 400
[2026-09-29T13:36:38-04:00] schwab audit: token refresh failed: HTTP 400
[2026-09-29T13:37:09-04:00] schwab audit: token refresh failed: HTTP 400
[2026-09-29T13:37:40-04:00] schwab audit: token refresh failed: HTTP 400
[2026-09-29T13:38:10-04:00] schwab audit: token refresh failed: HTTP 400
[2026-09-29T13:38:41-04:00] schwab audit: token refresh failed: HTTP 400
[2026-09-29T13:39:11-04:00] schwab audit: token refresh failed: HTTP 400
[2026-09-29T13:39:42-04:00] schwab audit: token refresh failed: HTTP 400
[2026-09-29T13:40:12-04:00] schwab audit: token refresh failed: HTTP 400
[2026-09-29T13:40:43-04:00] schwab audit: token refresh failed: HTTP 400
[2026-09-29T13:41:14-04:00] schwab audit: token refresh failed: HTTP 400
[2026-09-29T13:41:45-04:00] schwab audit: token refresh failed: HTTP 400
[2026-09-29T13:42:15-04:00] schwab audit: token refresh failed: HTTP 400
[2026-09-29T13:42:46-04:00] schwab audit: token refresh failed: HTTP 400
[2026-09-29T13:43:16-04:00] schwab audit: token refresh failed: HTTP 400
[2026-09-29T13:43:47-04:00] schwab audit: token refresh failed: HTTP 400
[2026-09-29T13:44:17-04:00] schwab audit: token refresh failed: HTTP 400
[2026-09-29T13:44:48-04:00] schwab audit: token refresh failed: HTTP 400
[2026-09-29T13:45:19-04:00] schwab audit: token refresh failed: HTTP 400
[2026-09-29T13:45:49-04:00] schwab audit: token refresh failed: HTTP 400
[2026-09-29T13:46:20-04:00] schwab audit: token refresh failed: HTTP 400
[2026-09-29T13:46:51-04:00] schwab audit: token refresh failed: HTTP 400
[2026-09-29T13:47:21-04:00] schwab audit: token refresh failed: HTTP 400
[2026-09-29T13:47:52-04:00] schwab audit: token refresh failed: HTTP 400
[2026-09-29T13:48:22-04:00] schwab audit: token refresh failed: HTTP 400
[2026-09-29T13:48:53-04:00] schwab audit: token refresh failed: HTTP 400
[2026-09-29T13:49:24-04:00] schwab audit: token refresh failed: HTTP 400
[2026-09-29T13:49:55-04:00] schwab audit: token refresh failed: HTTP 400
[2026-09-29T13:50:25-04:00] schwab audit: token refresh failed: HTTP 400
[2026-09-29T13:50:56-04:00] schwab audit: token refresh failed: HTTP 400
[2026-09-29T13:51:27-04:00] schwab audit: token refresh failed: HTTP 400
[2026-09-29T13:51:57-04:00] schwab audit: token refresh failed: HTTP 400
[2026-09-29T13:52:28-04:00] schwab audit: token refresh failed: HTTP 400
[2026-09-29T13:52:58-04:00] schwab audit: token refresh failed: HTTP 400
[2026-09-29T13:53:29-04:00] schwab audit: token refresh failed: HTTP 400
[2026-09-29T13:54:00-04:00] schwab audit: token refresh failed: HTTP 400
[2026-09-29T13:54:31-04:00] schwab audit: token refresh failed: HTTP 400
[2026-09-29T13:55:01-04:00] schwab audit: token refresh failed: HTTP 400
[2026-09-29T13:55:32-04:00] schwab audit: token refresh failed: HTTP 400
[2026-09-29T13:56:02-04:00] schwab audit: token refresh failed: HTTP 400
[2026-09-29T13:56:33-04:00] schwab audit: token refresh failed: HTTP 400
[2026-09-29T13:57:04-04:00] schwab audit: token refresh failed: HTTP 400
[2026-09-29T13:57:34-04:00] schwab audit: token refresh failed: HTTP 400
[2026-09-29T13:58:05-04:00] schwab audit: token refresh failed: HTTP 400
[2026-09-29T13:58:35-04:00] schwab audit: token refresh failed: HTTP 400
[2026-09-29T13:59:06-04:00] schwab audit: token refresh failed: HTTP 400
[2026-09-29T13:59:37-04:00] schwab audit: token refresh failed: HTTP 400
[2026-09-29T14:00:07-04:00] schwab audit: token refresh failed: HTTP 400
[2026-09-29T14:00:38-04:00] schwab audit: token refresh failed: HTTP 400
[2026-09-29T14:01:08-04:00] schwab audit: token refresh failed: HTTP 400
[2026-09-29T14:01:39-04:00] schwab audit: token refresh failed: HTTP 400
[2026-09-29T14:02:10-04:00] schwab audit: token refresh failed: HTTP 400
[2026-09-29T14:02:40-04:00] schwab audit: token refresh failed: HTTP 400
[2026-09-29T14:03:10-04:00] schwab audit: token refresh failed: HTTP 400
[2026-09-29T14:03:41-04:00] schwab audit: token refresh failed: HTTP 400
[2026-09-29T14:04:12-04:00] schwab audit: token refresh failed: HTTP 400
[2026-09-29T14:04:42-04:00] schwab audit: token refresh failed: HTTP 400
[2026-09-29T14:05:13-04:00] schwab audit: token refresh failed: HTTP 400
[2026-09-29T14:05:44-04:00] schwab audit: token refresh failed: HTTP 400
[2026-09-29T14:06:14-04:00] schwab audit: token refresh failed: HTTP 400
[2026-09-29T14:06:45-04:00] schwab audit: token refresh failed: HTTP 400
[2026-09-29T14:07:16-04:00] schwab audit: token refresh failed: HTTP 400
[2026-09-29T14:07:46-04:00] schwab audit: token refresh failed: HTTP 400
[2026-09-29T14:08:17-04:00] schwab audit: token refresh failed: HTTP 400
[2026-09-29T14:08:47-04:00] schwab audit: token refresh failed: HTTP 400
[2026-09-29T14:09:18-04:00] schwab audit: token refresh failed: HTTP 400
[2026-09-29T14:09:48-04:00] schwab audit: token refresh failed: HTTP 400
[2026-09-29T14:10:19-04:00] schwab audit: token refresh failed: HTTP 400
[2026-09-29T14:10:50-04:00] schwab audit: token refresh failed: HTTP 400
[2026-09-29T14:11:20-04:00] schwab audit: token refresh failed: HTTP 400
[2026-09-29T14:11:51-04:00] schwab audit: token refresh failed: HTTP 400
[2026-09-29T14:12:21-04:00] schwab audit: token refresh failed: HTTP 400
[2026-09-29T14:12:52-04:00] schwab audit: token refresh failed: HTTP 400
[2026-09-29T14:13:23-04:00] schwab audit: token refresh failed: HTTP 400
[2026-09-29T14:13:53-04:00] schwab audit: token refresh failed: HTTP 400
[2026-09-29T14:14:24-04:00] schwab audit: token refresh failed: HTTP 400
[2026-09-29T14:14:54-04:00] schwab audit: token refresh failed: HTTP 400
[2026-09-29T14:15:25-04:00] schwab audit: token refresh failed: HTTP 400
[2026-09-29T14:15:55-04:00] schwab audit: token refresh failed: HTTP 400
[2026-09-29T14:16:26-04:00] schwab audit: token refresh failed: HTTP 400
[2026-09-29T14:16:57-04:00] schwab audit: token refresh failed: HTTP 400
[2026-09-29T14:17:27-04:00] schwab audit: token refresh failed: HTTP 400
[2026-09-29T14:17:58-04:00] schwab audit: token refresh failed: HTTP 400
[2026-09-29T14:18:29-04:00] schwab audit: token refresh failed: HTTP 400
[2026-09-29T14:18:59-04:00] schwab audit: token refresh failed: HTTP 400
[2026-09-29T14:19:30-04:00] schwab audit: token refresh failed: HTTP 400
[2026-09-29T14:20:00-04:00] schwab audit: token refresh failed: HTTP 400
[2026-09-29T14:20:31-04:00] schwab audit: token refresh failed: HTTP 400
[2026-09-29T14:21:02-04:00] schwab audit: token refresh failed: HTTP 400
[2026-09-29T14:21:32-04:00] schwab audit: token refresh failed: HTTP 400
[2026-09-29T14:22:03-04:00] schwab audit: token refresh failed: HTTP 400
[2026-09-29T14:22:33-04:00] schwab audit: token refresh failed: HTTP 400
[2026-09-29T14:23:04-04:00] schwab audit: token refresh failed: HTTP 400
[2026-09-29T14:23:35-04:00] schwab audit: token refresh failed: HTTP 400
[2026-09-29T14:24:05-04:00] schwab audit: token refresh failed: HTTP 400
[2026-09-29T14:24:36-04:00] schwab audit: token refresh failed: HTTP 400
[2026-09-29T14:25:06-04:00] schwab audit: token refresh failed: HTTP 400
[2026-09-29T14:25:37-04:00] schwab audit: token refresh failed: HTTP 400
[2026-09-29T14:26:07-04:00] schwab audit: token refresh failed: HTTP 400
[2026-09-29T14:26:38-04:00] schwab audit: token refresh failed: HTTP 400
[2026-09-29T14:27:08-04:00] schwab audit: token refresh failed: HTTP 400
[2026-09-29T14:27:39-04:00] schwab audit: token refresh failed: HTTP 400
[2026-09-29T14:28:10-04:00] schwab audit: token refresh failed: HTTP 400
[2026-09-29T14:28:40-04:00] schwab audit: token refresh failed: HTTP 400
[2026-09-29T14:29:11-04:00] schwab audit: token refresh failed: HTTP 400
[2026-09-29T14:29:41-04:00] schwab audit: token refresh failed: HTTP 400
[2026-09-29T14:30:12-04:00] schwab audit: token refresh failed: HTTP 400
[2026-09-29T14:30:42-04:00] schwab audit: token refresh failed: HTTP 400
[2026-09-29T14:31:13-04:00] schwab audit: token refresh failed: HTTP 400
[2026-09-29T14:31:44-04:00] schwab audit: token refresh failed: HTTP 400
[2026-09-29T14:32:14-04:00] schwab audit: token refresh failed: HTTP 400
[2026-09-29T14:32:44-04:00] schwab audit: token refresh failed: HTTP 400
[2026-09-29T14:33:15-04:00] schwab audit: token refresh failed: HTTP 400
[2026-09-29T14:33:45-04:00] schwab audit: token refresh failed: HTTP 400
[2026-09-29T14:34:16-04:00] schwab audit: token refresh failed: HTTP 400
[2026-09-29T14:34:47-04:00] schwab audit: token refresh failed: HTTP 400
[2026-09-29T14:35:17-04:00] schwab audit: token refresh failed: HTTP 400
[2026-09-29T14:35:48-04:00] schwab audit: token refresh failed: HTTP 400
[2026-09-29T14:36:18-04:00] schwab audit: token refresh failed: HTTP 400
[2026-09-29T14:36:49-04:00] schwab audit: token refresh failed: HTTP 400
[2026-09-29T14:37:20-04:00] schwab audit: token refresh failed: HTTP 400
[2026-09-29T14:37:51-04:00] schwab audit: token refresh failed: HTTP 400
[2026-09-29T14:38:21-04:00] schwab audit: token refresh failed: HTTP 400
[2026-09-29T14:38:52-04:00] schwab audit: token refresh failed: HTTP 400
[2026-09-29T14:39:22-04:00] schwab audit: token refresh failed: HTTP 400
[2026-09-29T14:39:53-04:00] schwab audit: token refresh failed: HTTP 400
[2026-09-29T14:40:23-04:00] schwab audit: token refresh failed: HTTP 400
[2026-09-29T14:40:54-04:00] schwab audit: token refresh failed: HTTP 400
[2026-09-29T14:41:24-04:00] schwab audit: token refresh failed: HTTP 400
[2026-09-29T14:41:55-04:00] schwab audit: token refresh failed: HTTP 400
[2026-09-29T14:42:26-04:00] schwab audit: token refresh failed: HTTP 400
[2026-09-29T14:42:56-04:00] schwab audit: token refresh failed: HTTP 400
[2026-09-29T14:43:27-04:00] schwab audit: token refresh failed: HTTP 400
[2026-09-29T14:43:57-04:00] schwab audit: token refresh failed: HTTP 400
[2026-09-29T14:44:28-04:00] schwab audit: token refresh failed: HTTP 400
[2026-09-29T14:44:59-04:00] schwab audit: token refresh failed: HTTP 400
[2026-09-29T14:45:29-04:00] schwab audit: token refresh failed: HTTP 400
[2026-09-29T14:46:00-04:00] schwab audit: token refresh failed: HTTP 400
[2026-09-29T14:46:31-04:00] schwab audit: token refresh failed: HTTP 400
[2026-09-29T14:47:01-04:00] schwab audit: token refresh failed: HTTP 400
[2026-09-29T14:47:32-04:00] schwab audit: token refresh failed: HTTP 400
[2026-09-29T14:48:07-04:00] schwab audit: token refresh failed: HTTP 400
[2026-09-29T14:48:38-04:00] schwab audit: token refresh failed: HTTP 400
[2026-09-29T14:49:08-04:00] schwab audit: token refresh failed: HTTP 400
[2026-09-29T14:49:39-04:00] schwab audit: token refresh failed: HTTP 400
[2026-09-29T14:50:10-04:00] schwab audit: token refresh failed: HTTP 400
[2026-09-29T14:50:40-04:00] schwab audit: token refresh failed: HTTP 400
[2026-09-29T14:51:11-04:00] schwab audit: token refresh failed: HTTP 400
[2026-09-29T14:51:41-04:00] schwab audit: token refresh failed: HTTP 400
[2026-09-29T14:52:12-04:00] schwab audit: token refresh failed: HTTP 400
[2026-09-29T14:52:43-04:00] schwab audit: token refresh failed: HTTP 400
[2026-09-29T14:53:13-04:00] schwab audit: token refresh failed: HTTP 400
[2026-09-29T14:53:44-04:00] schwab audit: token refresh failed: HTTP 400
[2026-09-29T14:54:15-04:00] schwab audit: token refresh failed: HTTP 400
[2026-09-29T14:54:45-04:00] schwab audit: token refresh failed: HTTP 400
[2026-09-29T14:55:16-04:00] schwab audit: token refresh failed: HTTP 400
[2026-09-29T14:55:46-04:00] schwab audit: token refresh failed: HTTP 400
[2026-09-29T14:56:17-04:00] schwab audit: token refresh failed: HTTP 400
[2026-09-29T14:56:48-04:00] schwab audit: token refresh failed: HTTP 400
[2026-09-29T14:57:18-04:00] schwab audit: token refresh failed: HTTP 400
[2026-09-29T14:57:49-04:00] schwab audit: token refresh failed: HTTP 400
[2026-09-29T14:58:19-04:00] schwab audit: token refresh failed: HTTP 400
[2026-09-29T14:58:50-04:00] schwab audit: token refresh failed: HTTP 400
[2026-09-29T14:59:21-04:00] schwab audit: token refresh failed: HTTP 400
[2026-09-29T14:59:51-04:00] schwab audit: token refresh failed: HTTP 400
[2026-09-29T15:00:22-04:00] schwab audit: token refresh failed: HTTP 400
[2026-09-29T15:00:53-04:00] schwab audit: token refresh failed: HTTP 400
[2026-09-29T15:01:23-04:00] schwab audit: token refresh failed: HTTP 400
[2026-09-29T15:01:54-04:00] schwab audit: token refresh failed: HTTP 400
[2026-09-29T15:02:24-04:00] schwab audit: token refresh failed: HTTP 400
[2026-09-29T15:02:55-04:00] schwab audit: token refresh failed: HTTP 400
[2026-09-29T15:03:25-04:00] schwab audit: token refresh failed: HTTP 400
[2026-09-29T15:03:56-04:00] schwab audit: token refresh failed: HTTP 400
[2026-09-29T15:04:26-04:00] schwab audit: token refresh failed: HTTP 400
[2026-09-29T15:04:57-04:00] schwab audit: token refresh failed: HTTP 400
[2026-09-29T15:05:28-04:00] schwab audit: token refresh failed: HTTP 400
[2026-09-29T15:05:58-04:00] schwab audit: token refresh failed: HTTP 400
[2026-09-29T15:06:28-04:00] schwab audit: token refresh failed: HTTP 400
[2026-09-29T15:06:59-04:00] schwab audit: token refresh failed: HTTP 400
[2026-09-29T15:07:30-04:00] schwab audit: token refresh failed: HTTP 400
[2026-09-29T15:08:00-04:00] schwab audit: token refresh failed: HTTP 400
[2026-09-29T15:08:31-04:00] schwab audit: token refresh failed: HTTP 400
[2026-09-29T15:09:01-04:00] schwab audit: token refresh failed: HTTP 400
[2026-09-29T15:09:32-04:00] schwab audit: token refresh failed: HTTP 400
[2026-09-29T15:10:03-04:00] schwab audit: token refresh failed: HTTP 400
[2026-09-29T15:10:33-04:00] schwab audit: token refresh failed: HTTP 400
[2026-09-29T15:11:04-04:00] schwab audit: token refresh failed: HTTP 400
[2026-09-29T15:11:34-04:00] schwab audit: token refresh failed: HTTP 400
[2026-09-29T15:12:06-04:00] schwab audit: token refresh failed: HTTP 400
[2026-09-29T15:12:36-04:00] schwab audit: token refresh failed: HTTP 400
[2026-09-29T15:13:07-04:00] schwab audit: token refresh failed: HTTP 400
[2026-09-29T15:13:37-04:00] schwab audit: token refresh failed: HTTP 400
[2026-09-29T15:14:08-04:00] schwab audit: token refresh failed: HTTP 400
[2026-09-29T15:14:38-04:00] schwab audit: token refresh failed: HTTP 400
[2026-09-29T15:15:09-04:00] schwab audit: token refresh failed: HTTP 400
[2026-09-29T15:15:40-04:00] schwab audit: token refresh failed: HTTP 400
[2026-09-29T15:16:11-04:00] schwab audit: token refresh failed: HTTP 400
[2026-09-29T15:16:41-04:00] schwab audit: token refresh failed: HTTP 400
[2026-09-29T15:17:12-04:00] schwab audit: token refresh failed: HTTP 400
[2026-09-29T15:17:42-04:00] schwab audit: token refresh failed: HTTP 400
[2026-09-29T15:18:13-04:00] schwab audit: token refresh failed: HTTP 400
[2026-09-29T15:18:44-04:00] schwab audit: token refresh failed: HTTP 400
[2026-09-29T15:19:14-04:00] schwab audit: token refresh failed: HTTP 400
[2026-09-29T15:19:45-04:00] schwab audit: token refresh failed: HTTP 400
[2026-09-29T15:20:16-04:00] schwab audit: token refresh failed: HTTP 400
[2026-09-29T15:20:46-04:00] schwab audit: token refresh failed: HTTP 400
[2026-09-29T15:21:17-04:00] schwab audit: token refresh failed: HTTP 400
[2026-09-29T15:21:48-04:00] schwab audit: token refresh failed: HTTP 400
[2026-09-29T15:22:18-04:00] schwab audit: token refresh failed: HTTP 400
[2026-09-29T15:22:49-04:00] schwab audit: token refresh failed: HTTP 400
[2026-09-29T15:23:20-04:00] schwab audit: token refresh failed: HTTP 400
[2026-09-29T15:23:50-04:00] schwab audit: token refresh failed: HTTP 400
[2026-09-29T15:24:21-04:00] schwab audit: token refresh failed: HTTP 400
[2026-09-29T15:24:51-04:00] schwab audit: token refresh failed: HTTP 400
[2026-09-29T15:25:22-04:00] schwab audit: token refresh failed: HTTP 400
[2026-09-29T15:25:53-04:00] schwab audit: token refresh failed: HTTP 400
[2026-09-29T15:26:23-04:00] schwab audit: token refresh failed: HTTP 400
[2026-09-29T15:26:54-04:00] schwab audit: token refresh failed: HTTP 400
[2026-09-29T15:27:24-04:00] schwab audit: token refresh failed: HTTP 400
[2026-09-29T15:27:55-04:00] schwab audit: token refresh failed: HTTP 400
[2026-09-29T15:28:25-04:00] schwab audit: token refresh failed: HTTP 400
[2026-09-29T15:28:56-04:00] schwab audit: token refresh failed: HTTP 400
[2026-09-29T15:29:26-04:00] schwab audit: token refresh failed: HTTP 400
[2026-09-29T15:29:57-04:00] schwab audit: token refresh failed: HTTP 400
[2026-09-29T15:30:28-04:00] schwab audit: token refresh failed: HTTP 400
[2026-09-29T15:30:58-04:00] schwab audit: token refresh failed: HTTP 400
[2026-09-29T15:31:29-04:00] schwab audit: token refresh failed: HTTP 400
[2026-09-29T15:31:59-04:00] schwab audit: token refresh failed: HTTP 400
[2026-09-29T15:32:30-04:00] schwab audit: token refresh failed: HTTP 400
[2026-09-29T15:33:00-04:00] schwab audit: token refresh failed: HTTP 400
[2026-09-29T15:33:31-04:00] schwab audit: token refresh failed: HTTP 400
[2026-09-29T15:34:01-04:00] schwab audit: token refresh failed: HTTP 400
[2026-09-29T15:34:32-04:00] schwab audit: token refresh failed: HTTP 400
[2026-09-29T15:35:02-04:00] schwab audit: token refresh failed: HTTP 400
[2026-09-29T15:35:33-04:00] schwab audit: token refresh failed: HTTP 400
[2026-09-29T15:36:03-04:00] schwab audit: token refresh failed: HTTP 400
[2026-09-29T15:36:34-04:00] schwab audit: token refresh failed: HTTP 400
[2026-09-29T15:37:05-04:00] schwab audit: token refresh failed: HTTP 400
[2026-09-29T15:37:35-04:00] schwab audit: token refresh failed: HTTP 400
[2026-09-29T15:38:06-04:00] schwab audit: token refresh failed: HTTP 400
[2026-09-29T15:38:36-04:00] schwab audit: token refresh failed: HTTP 400
[2026-09-29T15:39:07-04:00] schwab audit: token refresh failed: HTTP 400
[2026-09-29T15:39:38-04:00] schwab audit: token refresh failed: HTTP 400
[2026-09-29T15:40:08-04:00] schwab audit: token refresh failed: HTTP 400
[2026-09-29T15:40:39-04:00] schwab audit: token refresh failed: HTTP 400
[2026-09-29T15:41:09-04:00] schwab audit: token refresh failed: HTTP 400
[2026-09-29T15:41:40-04:00] schwab audit: token refresh failed: HTTP 400
[2026-09-29T15:42:11-04:00] schwab audit: token refresh failed: HTTP 400
[2026-09-29T15:42:41-04:00] schwab audit: token refresh failed: HTTP 400
[2026-09-29T15:43:12-04:00] schwab audit: token refresh failed: HTTP 400
[2026-09-29T15:43:42-04:00] schwab audit: token refresh failed: HTTP 400
[2026-09-29T15:44:13-04:00] schwab audit: token refresh failed: HTTP 400
[2026-09-29T15:44:43-04:00] schwab audit: token refresh failed: HTTP 400
[2026-09-29T15:45:14-04:00] schwab audit: token refresh failed: HTTP 400
[2026-09-29T15:45:44-04:00] schwab audit: token refresh failed: HTTP 400
[2026-09-29T15:46:15-04:00] schwab audit: token refresh failed: HTTP 400
[2026-09-29T15:46:46-04:00] schwab audit: token refresh failed: HTTP 400
[2026-09-29T15:47:16-04:00] schwab audit: token refresh failed: HTTP 400
[2026-09-29T15:47:47-04:00] schwab audit: token refresh failed: HTTP 400
[2026-09-29T15:48:17-04:00] schwab audit: token refresh failed: HTTP 400
[2026-09-29T15:48:48-04:00] schwab audit: token refresh failed: HTTP 400
[2026-09-29T15:49:19-04:00] schwab audit: token refresh failed: HTTP 400
[2026-09-29T15:49:49-04:00] schwab audit: token refresh failed: HTTP 400
[2026-09-29T15:50:19-04:00] schwab audit: token refresh failed: HTTP 400
[2026-09-29T15:50:50-04:00] schwab audit: token refresh failed: HTTP 400
[2026-09-29T15:51:21-04:00] schwab audit: token refresh failed: HTTP 400
[2026-09-29T15:51:51-04:00] schwab audit: token refresh failed: HTTP 400
[2026-09-29T15:52:22-04:00] schwab audit: token refresh failed: HTTP 400
[2026-09-29T15:52:52-04:00] schwab audit: token refresh failed: HTTP 400
[2026-09-29T15:53:23-04:00] schwab audit: token refresh failed: HTTP 400
[2026-09-29T15:53:54-04:00] schwab audit: token refresh failed: HTTP 400
[2026-09-29T15:54:24-04:00] schwab audit: token refresh failed: HTTP 400
[2026-09-29T15:54:55-04:00] schwab audit: token refresh failed: HTTP 400
[2026-09-29T15:55:25-04:00] schwab audit: token refresh failed: HTTP 400
[2026-09-29T15:55:56-04:00] schwab audit: token refresh failed: HTTP 400
[2026-09-29T15:56:26-04:00] schwab audit: token refresh failed: HTTP 400
[2026-09-29T15:56:57-04:00] schwab audit: token refresh failed: HTTP 400
[2026-09-29T15:57:27-04:00] schwab audit: token refresh failed: HTTP 400
[2026-09-29T15:57:58-04:00] schwab audit: token refresh failed: HTTP 400
[2026-09-29T15:58:29-04:00] schwab audit: token refresh failed: HTTP 400
[2026-09-29T15:58:59-04:00] schwab audit: token refresh failed: HTTP 400
[2026-09-29T15:59:30-04:00] schwab audit: token refresh failed: HTTP 400
[2026-09-29T16:00:01-04:00] schwab audit: token refresh failed: HTTP 400
[2026-09-29T16:00:31-04:00] schwab audit: token refresh failed: HTTP 400
[2026-09-29T16:01:02-04:00] schwab audit: token refresh failed: HTTP 400
[2026-09-29T16:01:32-04:00] schwab audit: token refresh failed: HTTP 400
[2026-09-29T16:02:03-04:00] schwab audit: token refresh failed: HTTP 400
[2026-09-29T16:02:33-04:00] schwab audit: token refresh failed: HTTP 400
[2026-09-29T16:03:04-04:00] schwab audit: token refresh failed: HTTP 400
[2026-09-29T16:03:35-04:00] schwab audit: token refresh failed: HTTP 400
[2026-09-29T16:04:05-04:00] schwab audit: token refresh failed: HTTP 400
[2026-09-29T16:04:36-04:00] schwab audit: token refresh failed: HTTP 400
[2026-09-29T16:05:07-04:00] schwab audit: token refresh failed: HTTP 400
[2026-09-29T16:05:37-04:00] schwab audit: token refresh failed: HTTP 400
[2026-09-29T16:06:08-04:00] schwab audit: token refresh failed: HTTP 400
[2026-09-29T16:06:38-04:00] schwab audit: token refresh failed: HTTP 400
[2026-09-29T16:07:09-04:00] schwab audit: token refresh failed: HTTP 400
[2026-09-29T16:07:40-04:00] schwab audit: token refresh failed: HTTP 400
[2026-09-29T16:08:10-04:00] schwab audit: token refresh failed: HTTP 400
[2026-09-29T16:08:41-04:00] schwab audit: token refresh failed: HTTP 400
[2026-09-29T16:09:11-04:00] schwab audit: token refresh failed: HTTP 400
[2026-09-29T16:09:42-04:00] schwab audit: token refresh failed: HTTP 400
[2026-09-29T16:09:45-04:00] schwab audit …719: token refresh failed: HTTP 400
[2026-09-29T16:10:16-04:00] schwab audit …719: token refresh failed: HTTP 400
[2026-09-29T16:10:47-04:00] schwab audit …719: token refresh failed: HTTP 400
[2026-09-29T16:11:17-04:00] schwab audit …719: token refresh failed: HTTP 400
[2026-09-29T16:11:48-04:00] schwab audit …719: token refresh failed: HTTP 400
[2026-09-29T16:12:18-04:00] schwab audit …719: token refresh failed: HTTP 400
[2026-09-29T16:12:49-04:00] schwab audit …719: token refresh failed: HTTP 400
[2026-09-29T16:13:20-04:00] schwab audit …719: token refresh failed: HTTP 400
[2026-09-29T16:13:51-04:00] schwab audit …719: token refresh failed: HTTP 400
[2026-09-29T16:14:21-04:00] schwab audit …719: token refresh failed: HTTP 400
[2026-09-29T16:14:52-04:00] schwab audit …719: token refresh failed: HTTP 400
[2026-09-29T16:15:22-04:00] schwab audit …719: token refresh failed: HTTP 400
[2026-09-29T16:15:53-04:00] schwab audit …719: token refresh failed: HTTP 400
[2026-09-29T16:16:23-04:00] schwab audit …719: token refresh failed: HTTP 400
[2026-09-29T16:16:54-04:00] schwab audit …719: token refresh failed: HTTP 400
[2026-09-29T16:17:24-04:00] schwab audit …719: token refresh failed: HTTP 400
[2026-09-29T16:17:55-04:00] schwab audit …719: token refresh failed: HTTP 400
[2026-09-29T16:23:05-04:00] FLY ARMED on …910
[2026-09-29T16:23:20-04:00] FLYR ARMED on …910
[2026-09-29T16:23:27-04:00] FLYR DISARMED
[2026-09-29T16:23:33-04:00] FLYR ARMED on …910 (dry-run)
[2026-09-29T16:23:45-04:00] ORB ARMED on …910 (dry-run)
[2026-09-30T10:30:21-04:00] DRY-RUN …910 place NET_DEBIT 8.70
[2026-09-30T10:30:21-04:00] 2026-09-30-ORB-CALL OPEN submitted -8.70 (order dry-1790778621555)
[2026-09-30T10:30:51-04:00] 2026-09-30-ORB-CALL FILLED @ -8.70 (limit -8.70)
[2026-09-30T10:30:53-04:00] 2026-09-30-ORB-CALL OPEN in ledger but missing at Schwab — entries held
[2026-09-30T12:00:21-04:00] 2026-09-30-MEIC-12:00-PUT OPEN submitted +1.65 (order 1008120016833)
[2026-09-30T12:00:22-04:00] 2026-09-30-MEIC-12:00-CALL OPEN submitted +1.50 (order 1008120016835)
[2026-09-30T12:00:52-04:00] 2026-09-30-MEIC-12:00-PUT FILLED @ +1.75 (limit 1.65)
[2026-09-30T12:01:26-04:00] 2026-09-30-MEIC-12:00-CALL FILLED @ +1.50 (limit 1.50)
[2026-09-30T12:30:29-04:00] 2026-09-30-MEIC-12:30-PUT OPEN submitted +1.55 (order 1008120999145)
[2026-09-30T12:30:29-04:00] 2026-09-30-MEIC-12:30-CALL OPEN submitted +1.80 (order 1008120999147)
[2026-09-30T12:31:00-04:00] 2026-09-30-MEIC-12:30-PUT FILLED @ +1.65 (limit 1.55)
[2026-09-30T12:31:01-04:00] 2026-09-30-MEIC-12:30-CALL FILLED @ +1.80 (limit 1.80)
[2026-09-30T13:00:10-04:00] 2026-09-30-MEIC-13:00-PUT OPEN submitted +1.50 (order 1008121948902)
[2026-09-30T13:00:11-04:00] 2026-09-30-MEIC-13:00-CALL OPEN submitted +1.55 (order 1008121948905)
[2026-09-30T13:00:42-04:00] 2026-09-30-MEIC-13:00-PUT FILLED @ +1.55 (limit 1.50)
[2026-09-30T13:00:42-04:00] 2026-09-30-MEIC-13:00-CALL FILLED @ +1.55 (limit 1.55)
[2026-09-30T13:16:22-04:00] DRY-RUN …910 place NET_CREDIT 3.80
[2026-09-30T13:16:22-04:00] 2026-09-30-ORB-CALL CLOSE (STOPPED) submitted @ -3.80
[2026-09-30T13:16:23-04:00] 2026-09-30-MEIC-12:00-PUT CLOSE (STOPPED) submitted @ +4.00
[2026-09-30T13:16:23-04:00] 2026-09-30-MEIC-13:00-PUT CLOSE (STOPPED) submitted @ +4.00
[2026-09-30T13:16:53-04:00] 2026-09-30-ORB-CALL CLOSED @ -3.80 pnl -495
[2026-09-30T13:16:54-04:00] 2026-09-30-MEIC-12:00-PUT CLOSED @ +3.85 pnl -215
[2026-09-30T13:16:55-04:00] 2026-09-30-MEIC-13:00-PUT CLOSED @ +3.70 pnl -220
[2026-09-30T13:20:38-04:00] 2026-09-30-MEIC-12:30-PUT CLOSE (STOPPED) submitted @ +3.90
[2026-09-30T13:21:09-04:00] 2026-09-30-MEIC-12:30-PUT CLOSED @ +3.65 pnl -205
[2026-09-30T13:30:08-04:00] 2026-09-30-MEIC-13:30-PUT OPEN submitted +1.95 (order 1008122962852)
[2026-09-30T13:30:09-04:00] 2026-09-30-MEIC-13:30-CALL OPEN submitted +1.45 (order 1008122962854)
[2026-09-30T13:30:40-04:00] 2026-09-30-MEIC-13:30-PUT FILLED @ +1.95 (limit 1.95)
[2026-09-30T13:30:40-04:00] 2026-09-30-MEIC-13:30-CALL FILLED @ +1.45 (limit 1.45)
[2026-09-30T14:00:13-04:00] 2026-09-30-MEIC-14:00-PUT OPEN submitted +1.70 (order 1008124180410)
[2026-09-30T14:00:14-04:00] 2026-09-30-MEIC-14:00-CALL OPEN submitted +1.70 (order 1008124180413)
[2026-09-30T14:00:45-04:00] 2026-09-30-MEIC-14:00-PUT FILLED @ +1.75 (limit 1.70)
[2026-09-30T14:00:46-04:00] 2026-09-30-MEIC-14:00-CALL FILLED @ +1.70 (limit 1.70)
[2026-09-30T14:23:30-04:00] 2026-09-30-MEIC-14:00-PUT CLOSE (STOPPED) submitted @ +3.80
[2026-09-30T14:24:01-04:00] 2026-09-30-MEIC-14:00-PUT CLOSED @ +3.55 pnl -185
[2026-09-30T14:30:24-04:00] 2026-09-30-MEIC-14:30-PUT OPEN submitted +1.95 (order 1008124775786)
[2026-09-30T14:30:24-04:00] 2026-09-30-MEIC-14:30-CALL OPEN submitted +1.60 (order 1008124775790)
[2026-09-30T14:30:55-04:00] 2026-09-30-MEIC-14:30-PUT FILLED @ +2.05 (limit 1.95)
[2026-09-30T14:30:56-04:00] 2026-09-30-MEIC-14:30-CALL open REJECTED (The order is not an opening transaction. It will decrease or close an existing o)
[2026-09-30T14:34:39-04:00] 2026-09-30-MEIC-14:30-PUT CLOSE (STOPPED) submitted @ +4.00
[2026-09-30T14:35:09-04:00] 2026-09-30-MEIC-14:30-PUT CLOSED @ +3.90 pnl -190
[2026-09-30T14:35:09-04:00] MEIC DAILY STOP hit (-1014) — halting
[2026-09-30T14:35:10-04:00] 2026-09-30-MEIC-12:00-CALL CLOSE (HALT) submitted @ +30.00
[2026-09-30T14:35:11-04:00] 2026-09-30-MEIC-12:30-CALL CLOSE (HALT) submitted @ +30.00
[2026-09-30T14:35:11-04:00] 2026-09-30-MEIC-13:00-CALL CLOSE (HALT) submitted @ +30.00
[2026-09-30T14:35:12-04:00] 2026-09-30-MEIC-13:30-PUT CLOSE (HALT) submitted @ +30.00
[2026-09-30T14:35:12-04:00] 2026-09-30-MEIC-13:30-CALL CLOSE (HALT) submitted @ +30.00
[2026-09-30T14:35:13-04:00] 2026-09-30-MEIC-14:00-CALL CLOSE (HALT) submitted @ +30.00
[2026-09-30T14:35:45-04:00] 2026-09-30-MEIC-12:00-CALL close REJECTED (Your limit price is significantly away from the current market price. Please adj) — retry 1/3
[2026-09-30T14:35:45-04:00] 2026-09-30-MEIC-12:30-CALL close REJECTED (Your limit price is significantly away from the current market price. Please adj) — retry 1/3
[2026-09-30T14:35:46-04:00] 2026-09-30-MEIC-13:00-CALL close REJECTED (Your limit price is significantly away from the current market price. Please adj) — retry 1/3
[2026-09-30T14:35:46-04:00] 2026-09-30-MEIC-13:30-PUT close REJECTED (Your limit price is significantly away from the current market price. Please adj) — retry 1/3
[2026-09-30T14:35:46-04:00] 2026-09-30-MEIC-13:30-CALL close REJECTED (Your limit price is significantly away from the current market price. Please adj) — retry 1/3
[2026-09-30T14:35:47-04:00] 2026-09-30-MEIC-14:00-CALL close REJECTED (Your limit price is significantly away from the current market price. Please adj) — retry 1/3
[2026-09-30T14:35:47-04:00] 2026-09-30-MEIC-12:00-CALL CLOSE (HALT) submitted @ +30.00
[2026-09-30T14:35:48-04:00] 2026-09-30-MEIC-12:30-CALL CLOSE (HALT) submitted @ +30.00
[2026-09-30T14:35:48-04:00] 2026-09-30-MEIC-13:00-CALL CLOSE (HALT) submitted @ +30.00
[2026-09-30T14:35:49-04:00] 2026-09-30-MEIC-13:30-PUT CLOSE (HALT) submitted @ +30.00
[2026-09-30T14:35:49-04:00] 2026-09-30-MEIC-13:30-CALL CLOSE (HALT) submitted @ +30.00
[2026-09-30T14:35:50-04:00] 2026-09-30-MEIC-14:00-CALL CLOSE (HALT) submitted @ +30.00
[2026-09-30T14:36:22-04:00] 2026-09-30-MEIC-12:00-CALL close REJECTED (Your limit price is significantly away from the current market price. Please adj) — retry 1/3
[2026-09-30T14:36:22-04:00] 2026-09-30-MEIC-12:30-CALL close REJECTED (Your limit price is significantly away from the current market price. Please adj) — retry 1/3
[2026-09-30T14:36:23-04:00] 2026-09-30-MEIC-13:00-CALL close REJECTED (Your limit price is significantly away from the current market price. Please adj) — retry 1/3
[2026-09-30T14:36:23-04:00] 2026-09-30-MEIC-13:30-PUT close REJECTED (Your limit price is significantly away from the current market price. Please adj) — retry 1/3
[2026-09-30T14:36:23-04:00] 2026-09-30-MEIC-13:30-CALL close REJECTED (Your limit price is significantly away from the current market price. Please adj) — retry 1/3
[2026-09-30T14:36:24-04:00] 2026-09-30-MEIC-14:00-CALL close REJECTED (Your limit price is significantly away from the current market price. Please adj) — retry 1/3
[2026-09-30T14:36:24-04:00] 2026-09-30-MEIC-12:00-CALL CLOSE (HALT) submitted @ +30.00
[2026-09-30T14:36:25-04:00] 2026-09-30-MEIC-12:30-CALL CLOSE (HALT) submitted @ +30.00
[2026-09-30T14:36:25-04:00] 2026-09-30-MEIC-13:00-CALL CLOSE (HALT) submitted @ +30.00
[2026-09-30T14:36:26-04:00] 2026-09-30-MEIC-13:30-PUT CLOSE (HALT) submitted @ +30.00
[2026-09-30T14:36:26-04:00] 2026-09-30-MEIC-13:30-CALL CLOSE (HALT) submitted @ +30.00
[2026-09-30T14:36:27-04:00] 2026-09-30-MEIC-14:00-CALL CLOSE (HALT) submitted @ +30.00
[2026-09-30T14:36:59-04:00] 2026-09-30-MEIC-12:00-CALL close REJECTED (Your limit price is significantly away from the current market price. Please adj) — retry 1/3
[2026-09-30T14:37:00-04:00] 2026-09-30-MEIC-12:30-CALL close REJECTED (Your limit price is significantly away from the current market price. Please adj) — retry 1/3
[2026-09-30T14:37:00-04:00] 2026-09-30-MEIC-13:00-CALL close REJECTED (Your limit price is significantly away from the current market price. Please adj) — retry 1/3
[2026-09-30T14:37:00-04:00] 2026-09-30-MEIC-13:30-PUT close REJECTED (Your limit price is significantly away from the current market price. Please adj) — retry 1/3
[2026-09-30T14:37:01-04:00] 2026-09-30-MEIC-13:30-CALL close REJECTED (Your limit price is significantly away from the current market price. Please adj) — retry 1/3
[2026-09-30T14:37:01-04:00] 2026-09-30-MEIC-14:00-CALL close REJECTED (Your limit price is significantly away from the current market price. Please adj) — retry 1/3
[2026-09-30T14:37:02-04:00] 2026-09-30-MEIC-12:00-CALL CLOSE (HALT) submitted @ +30.00
[2026-09-30T14:37:02-04:00] 2026-09-30-MEIC-12:30-CALL CLOSE (HALT) submitted @ +30.00
[2026-09-30T14:37:03-04:00] 2026-09-30-MEIC-13:00-CALL CLOSE (HALT) submitted @ +30.00
[2026-09-30T14:37:04-04:00] 2026-09-30-MEIC-13:30-PUT CLOSE (HALT) submitted @ +30.00
[2026-09-30T14:37:04-04:00] 2026-09-30-MEIC-13:30-CALL CLOSE (HALT) submitted @ +30.00
[2026-09-30T14:37:05-04:00] 2026-09-30-MEIC-14:00-CALL CLOSE (HALT) submitted @ +30.00
[2026-09-30T14:37:37-04:00] 2026-09-30-MEIC-12:00-CALL close REJECTED (Your limit price is significantly away from the current market price. Please adj) — retry 1/3
[2026-09-30T14:37:37-04:00] 2026-09-30-MEIC-12:30-CALL close REJECTED (Your limit price is significantly away from the current market price. Please adj) — retry 1/3
[2026-09-30T14:37:38-04:00] 2026-09-30-MEIC-13:00-CALL close REJECTED (Your limit price is significantly away from the current market price. Please adj) — retry 1/3
[2026-09-30T14:37:38-04:00] 2026-09-30-MEIC-13:30-PUT close REJECTED (Your limit price is significantly away from the current market price. Please adj) — retry 1/3
[2026-09-30T14:37:39-04:00] 2026-09-30-MEIC-13:30-CALL close REJECTED (Your limit price is significantly away from the current market price. Please adj) — retry 1/3
[2026-09-30T14:37:39-04:00] 2026-09-30-MEIC-14:00-CALL close REJECTED (Your limit price is significantly away from the current market price. Please adj) — retry 1/3
[2026-09-30T14:37:40-04:00] 2026-09-30-MEIC-12:00-CALL CLOSE (HALT) submitted @ +30.00
[2026-09-30T14:37:40-04:00] 2026-09-30-MEIC-12:30-CALL CLOSE (HALT) submitted @ +30.00
[2026-09-30T14:37:41-04:00] 2026-09-30-MEIC-13:00-CALL CLOSE (HALT) submitted @ +30.00
[2026-09-30T14:37:41-04:00] 2026-09-30-MEIC-13:30-PUT CLOSE (HALT) submitted @ +30.00
[2026-09-30T14:37:41-04:00] 2026-09-30-MEIC-13:30-CALL CLOSE (HALT) submitted @ +30.00
[2026-09-30T14:37:42-04:00] 2026-09-30-MEIC-14:00-CALL CLOSE (HALT) submitted @ +30.00
[2026-09-30T14:38:14-04:00] 2026-09-30-MEIC-12:00-CALL close REJECTED (Your limit price is significantly away from the current market price. Please adj) — retry 1/3
[2026-09-30T14:38:14-04:00] 2026-09-30-MEIC-12:30-CALL close REJECTED (Your limit price is significantly away from the current market price. Please adj) — retry 1/3
[2026-09-30T14:38:15-04:00] 2026-09-30-MEIC-13:00-CALL close REJECTED (Your limit price is significantly away from the current market price. Please adj) — retry 1/3
[2026-09-30T14:38:15-04:00] 2026-09-30-MEIC-13:30-PUT close REJECTED (Your limit price is significantly away from the current market price. Please adj) — retry 1/3
[2026-09-30T14:38:15-04:00] 2026-09-30-MEIC-13:30-CALL close REJECTED (Your limit price is significantly away from the current market price. Please adj) — retry 1/3
[2026-09-30T14:38:16-04:00] 2026-09-30-MEIC-14:00-CALL close REJECTED (Your limit price is significantly away from the current market price. Please adj) — retry 1/3
[2026-09-30T14:38:16-04:00] 2026-09-30-MEIC-12:00-CALL CLOSE (HALT) submitted @ +30.00
[2026-09-30T14:38:17-04:00] 2026-09-30-MEIC-12:30-CALL CLOSE (HALT) submitted @ +30.00
[2026-09-30T14:38:17-04:00] 2026-09-30-MEIC-13:00-CALL CLOSE (HALT) submitted @ +30.00
[2026-09-30T14:38:18-04:00] 2026-09-30-MEIC-13:30-PUT CLOSE (HALT) submitted @ +30.00
[2026-09-30T14:38:18-04:00] 2026-09-30-MEIC-13:30-CALL CLOSE (HALT) submitted @ +30.00
[2026-09-30T14:38:19-04:00] 2026-09-30-MEIC-14:00-CALL CLOSE (HALT) submitted @ +30.00
[2026-09-30T14:38:50-04:00] 2026-09-30-MEIC-12:00-CALL close REJECTED (Your limit price is significantly away from the current market price. Please adj) — retry 1/3
[2026-09-30T14:38:51-04:00] 2026-09-30-MEIC-12:30-CALL close REJECTED (Your limit price is significantly away from the current market price. Please adj) — retry 1/3
[2026-09-30T14:38:51-04:00] 2026-09-30-MEIC-13:00-CALL close REJECTED (Your limit price is significantly away from the current market price. Please adj) — retry 1/3
[2026-09-30T14:38:52-04:00] 2026-09-30-MEIC-13:30-PUT close REJECTED (Your limit price is significantly away from the current market price. Please adj) — retry 1/3
[2026-09-30T14:38:52-04:00] 2026-09-30-MEIC-13:30-CALL close REJECTED (Your limit price is significantly away from the current market price. Please adj) — retry 1/3
[2026-09-30T14:38:53-04:00] 2026-09-30-MEIC-14:00-CALL close REJECTED (Your limit price is significantly away from the current market price. Please adj) — retry 1/3
[2026-09-30T14:38:53-04:00] 2026-09-30-MEIC-12:00-CALL CLOSE (HALT) submitted @ +30.00
[2026-09-30T14:38:54-04:00] 2026-09-30-MEIC-12:30-CALL CLOSE (HALT) submitted @ +30.00
[2026-09-30T14:38:54-04:00] 2026-09-30-MEIC-13:00-CALL CLOSE (HALT) submitted @ +30.00
[2026-09-30T14:38:55-04:00] 2026-09-30-MEIC-13:30-PUT CLOSE (HALT) submitted @ +30.00
[2026-09-30T14:38:55-04:00] 2026-09-30-MEIC-13:30-CALL CLOSE (HALT) submitted @ +30.00
[2026-09-30T14:38:55-04:00] 2026-09-30-MEIC-14:00-CALL CLOSE (HALT) submitted @ +30.00
[2026-09-30T14:39:27-04:00] 2026-09-30-MEIC-12:00-CALL close REJECTED (Your limit price is significantly away from the current market price. Please adj) — retry 1/3
[2026-09-30T14:39:28-04:00] 2026-09-30-MEIC-12:30-CALL close REJECTED (Your limit price is significantly away from the current market price. Please adj) — retry 1/3
[2026-09-30T14:39:28-04:00] 2026-09-30-MEIC-13:00-CALL close REJECTED (Your limit price is significantly away from the current market price. Please adj) — retry 1/3
[2026-09-30T14:39:29-04:00] 2026-09-30-MEIC-13:30-PUT close REJECTED (Your limit price is significantly away from the current market price. Please adj) — retry 1/3
[2026-09-30T14:39:29-04:00] 2026-09-30-MEIC-13:30-CALL close REJECTED (Your limit price is significantly away from the current market price. Please adj) — retry 1/3
[2026-09-30T14:39:30-04:00] 2026-09-30-MEIC-14:00-CALL close REJECTED (Your limit price is significantly away from the current market price. Please adj) — retry 1/3
[2026-09-30T14:39:30-04:00] 2026-09-30-MEIC-12:00-CALL CLOSE (HALT) submitted @ +30.00
[2026-09-30T14:39:31-04:00] 2026-09-30-MEIC-12:30-CALL CLOSE (HALT) submitted @ +30.00
[2026-09-30T14:39:31-04:00] 2026-09-30-MEIC-13:00-CALL CLOSE (HALT) submitted @ +30.00
[2026-09-30T14:39:32-04:00] 2026-09-30-MEIC-13:30-PUT CLOSE (HALT) submitted @ +30.00
[2026-09-30T14:39:32-04:00] 2026-09-30-MEIC-13:30-CALL CLOSE (HALT) submitted @ +30.00
[2026-09-30T14:39:33-04:00] 2026-09-30-MEIC-14:00-CALL CLOSE (HALT) submitted @ +30.00
[2026-09-30T14:40:04-04:00] 2026-09-30-MEIC-12:00-CALL close REJECTED (Your limit price is significantly away from the current market price. Please adj) — retry 1/3
[2026-09-30T14:40:05-04:00] 2026-09-30-MEIC-12:30-CALL close REJECTED (Your limit price is significantly away from the current market price. Please adj) — retry 1/3
[2026-09-30T14:40:05-04:00] 2026-09-30-MEIC-13:00-CALL close REJECTED (Your limit price is significantly away from the current market price. Please adj) — retry 1/3
[2026-09-30T14:40:06-04:00] 2026-09-30-MEIC-13:30-PUT close REJECTED (Your limit price is significantly away from the current market price. Please adj) — retry 1/3
[2026-09-30T14:40:06-04:00] 2026-09-30-MEIC-13:30-CALL close REJECTED (Your limit price is significantly away from the current market price. Please adj) — retry 1/3
[2026-09-30T14:40:07-04:00] 2026-09-30-MEIC-14:00-CALL close REJECTED (Your limit price is significantly away from the current market price. Please adj) — retry 1/3
[2026-09-30T14:40:07-04:00] 2026-09-30-MEIC-12:00-CALL CLOSE (HALT) submitted @ +30.00
[2026-09-30T14:40:08-04:00] 2026-09-30-MEIC-12:30-CALL CLOSE (HALT) submitted @ +30.00
[2026-09-30T14:40:08-04:00] 2026-09-30-MEIC-13:00-CALL CLOSE (HALT) submitted @ +30.00
[2026-09-30T14:40:09-04:00] 2026-09-30-MEIC-13:30-PUT CLOSE (HALT) submitted @ +30.00
[2026-09-30T14:40:09-04:00] 2026-09-30-MEIC-13:30-CALL CLOSE (HALT) submitted @ +30.00
[2026-09-30T14:40:10-04:00] 2026-09-30-MEIC-14:00-CALL CLOSE (HALT) submitted @ +30.00
[2026-09-30T14:40:42-04:00] 2026-09-30-MEIC-12:00-CALL close REJECTED (Your limit price is significantly away from the current market price. Please adj) — retry 1/3
[2026-09-30T14:40:42-04:00] 2026-09-30-MEIC-12:30-CALL close REJECTED (Your limit price is significantly away from the current market price. Please adj) — retry 1/3
[2026-09-30T14:40:43-04:00] 2026-09-30-MEIC-13:00-CALL close REJECTED (Your limit price is significantly away from the current market price. Please adj) — retry 1/3
[2026-09-30T14:40:43-04:00] 2026-09-30-MEIC-13:30-PUT close REJECTED (Your limit price is significantly away from the current market price. Please adj) — retry 1/3
[2026-09-30T14:40:43-04:00] 2026-09-30-MEIC-13:30-CALL close REJECTED (Your limit price is significantly away from the current market price. Please adj) — retry 1/3
[2026-09-30T14:40:44-04:00] 2026-09-30-MEIC-14:00-CALL close REJECTED (Your limit price is significantly away from the current market price. Please adj) — retry 1/3
[2026-09-30T14:40:44-04:00] 2026-09-30-MEIC-12:00-CALL CLOSE (HALT) submitted @ +30.00
[2026-09-30T14:40:45-04:00] 2026-09-30-MEIC-12:30-CALL CLOSE (HALT) submitted @ +30.00
[2026-09-30T14:40:45-04:00] 2026-09-30-MEIC-13:00-CALL CLOSE (HALT) submitted @ +30.00
[2026-09-30T14:40:45-04:00] 2026-09-30-MEIC-13:30-PUT CLOSE (HALT) submitted @ +30.00
[2026-09-30T14:40:46-04:00] 2026-09-30-MEIC-13:30-CALL CLOSE (HALT) submitted @ +30.00
[2026-09-30T14:40:46-04:00] 2026-09-30-MEIC-14:00-CALL CLOSE (HALT) submitted @ +30.00
[2026-09-30T14:41:18-04:00] 2026-09-30-MEIC-12:00-CALL close REJECTED (Your limit price is significantly away from the current market price. Please adj) — retry 1/3
[2026-09-30T14:41:19-04:00] 2026-09-30-MEIC-12:30-CALL close REJECTED (Your limit price is significantly away from the current market price. Please adj) — retry 1/3
[2026-09-30T14:41:19-04:00] 2026-09-30-MEIC-13:00-CALL close REJECTED (Your limit price is significantly away from the current market price. Please adj) — retry 1/3
[2026-09-30T14:41:19-04:00] 2026-09-30-MEIC-13:30-PUT close REJECTED (Your limit price is significantly away from the current market price. Please adj) — retry 1/3
[2026-09-30T14:41:20-04:00] 2026-09-30-MEIC-13:30-CALL close REJECTED (Your limit price is significantly away from the current market price. Please adj) — retry 1/3
[2026-09-30T14:41:20-04:00] 2026-09-30-MEIC-14:00-CALL close REJECTED (Your limit price is significantly away from the current market price. Please adj) — retry 1/3
[2026-09-30T14:41:21-04:00] 2026-09-30-MEIC-12:00-CALL CLOSE (HALT) submitted @ +30.00
[2026-09-30T14:41:21-04:00] 2026-09-30-MEIC-12:30-CALL CLOSE (HALT) submitted @ +30.00
[2026-09-30T14:41:21-04:00] 2026-09-30-MEIC-13:00-CALL CLOSE (HALT) submitted @ +30.00
[2026-09-30T14:41:22-04:00] 2026-09-30-MEIC-13:30-PUT CLOSE (HALT) submitted @ +30.00
[2026-09-30T14:41:22-04:00] 2026-09-30-MEIC-13:30-CALL CLOSE (HALT) submitted @ +30.00
[2026-09-30T14:41:23-04:00] 2026-09-30-MEIC-14:00-CALL CLOSE (HALT) submitted @ +30.00
[2026-09-30T14:41:55-04:00] 2026-09-30-MEIC-12:00-CALL close REJECTED (Your limit price is significantly away from the current market price. Please adj) — retry 1/3
[2026-09-30T14:41:55-04:00] 2026-09-30-MEIC-12:30-CALL close REJECTED (Your limit price is significantly away from the current market price. Please adj) — retry 1/3
[2026-09-30T14:41:55-04:00] 2026-09-30-MEIC-13:00-CALL close REJECTED (Your limit price is significantly away from the current market price. Please adj) — retry 1/3
[2026-09-30T14:41:56-04:00] 2026-09-30-MEIC-13:30-PUT close REJECTED (Your limit price is significantly away from the current market price. Please adj) — retry 1/3
[2026-09-30T14:41:56-04:00] 2026-09-30-MEIC-13:30-CALL close REJECTED (Your limit price is significantly away from the current market price. Please adj) — retry 1/3
[2026-09-30T14:41:57-04:00] 2026-09-30-MEIC-14:00-CALL close REJECTED (Your limit price is significantly away from the current market price. Please adj) — retry 1/3
[2026-09-30T14:41:57-04:00] 2026-09-30-MEIC-12:00-CALL CLOSE (HALT) submitted @ +30.00
[2026-09-30T14:41:58-04:00] 2026-09-30-MEIC-12:30-CALL CLOSE (HALT) submitted @ +30.00
[2026-09-30T14:41:58-04:00] 2026-09-30-MEIC-13:00-CALL CLOSE (HALT) submitted @ +30.00
[2026-09-30T14:41:58-04:00] 2026-09-30-MEIC-13:30-PUT CLOSE (HALT) submitted @ +30.00
[2026-09-30T14:41:59-04:00] 2026-09-30-MEIC-13:30-CALL CLOSE (HALT) submitted @ +30.00
[2026-09-30T14:41:59-04:00] 2026-09-30-MEIC-14:00-CALL CLOSE (HALT) submitted @ +30.00
[2026-09-30T14:42:31-04:00] 2026-09-30-MEIC-12:00-CALL close REJECTED (Your limit price is significantly away from the current market price. Please adj) — retry 1/3
[2026-09-30T14:42:32-04:00] 2026-09-30-MEIC-12:30-CALL close REJECTED (Your limit price is significantly away from the current market price. Please adj) — retry 1/3
[2026-09-30T14:42:32-04:00] 2026-09-30-MEIC-13:00-CALL close REJECTED (Your limit price is significantly away from the current market price. Please adj) — retry 1/3
[2026-09-30T14:42:33-04:00] 2026-09-30-MEIC-13:30-PUT close REJECTED (Your limit price is significantly away from the current market price. Please adj) — retry 1/3
[2026-09-30T14:42:33-04:00] 2026-09-30-MEIC-13:30-CALL close REJECTED (Your limit price is significantly away from the current market price. Please adj) — retry 1/3
[2026-09-30T14:42:34-04:00] 2026-09-30-MEIC-14:00-CALL close REJECTED (Your limit price is significantly away from the current market price. Please adj) — retry 1/3
[2026-09-30T14:42:34-04:00] 2026-09-30-MEIC-12:00-CALL CLOSE (HALT) submitted @ +30.00
[2026-09-30T14:42:35-04:00] 2026-09-30-MEIC-12:30-CALL CLOSE (HALT) submitted @ +30.00
[2026-09-30T14:42:35-04:00] 2026-09-30-MEIC-13:00-CALL CLOSE (HALT) submitted @ +30.00
[2026-09-30T14:42:36-04:00] 2026-09-30-MEIC-13:30-PUT CLOSE (HALT) submitted @ +30.00
[2026-09-30T14:42:36-04:00] 2026-09-30-MEIC-13:30-CALL CLOSE (HALT) submitted @ +30.00
[2026-09-30T14:42:36-04:00] 2026-09-30-MEIC-14:00-CALL CLOSE (HALT) submitted @ +30.00
[2026-09-30T14:43:08-04:00] 2026-09-30-MEIC-12:00-CALL close REJECTED (Your limit price is significantly away from the current market price. Please adj) — retry 1/3
[2026-09-30T14:43:09-04:00] 2026-09-30-MEIC-12:30-CALL close REJECTED (Your limit price is significantly away from the current market price. Please adj) — retry 1/3
[2026-09-30T14:43:09-04:00] 2026-09-30-MEIC-13:00-CALL close REJECTED (Your limit price is significantly away from the current market price. Please adj) — retry 1/3
[2026-09-30T14:43:09-04:00] 2026-09-30-MEIC-13:30-PUT close REJECTED (Your limit price is significantly away from the current market price. Please adj) — retry 1/3
[2026-09-30T14:43:10-04:00] 2026-09-30-MEIC-13:30-CALL close REJECTED (Your limit price is significantly away from the current market price. Please adj) — retry 1/3
[2026-09-30T14:43:10-04:00] 2026-09-30-MEIC-14:00-CALL close REJECTED (Your limit price is significantly away from the current market price. Please adj) — retry 1/3
[2026-09-30T14:43:11-04:00] 2026-09-30-MEIC-12:00-CALL CLOSE (HALT) submitted @ +30.00
[2026-09-30T14:43:11-04:00] 2026-09-30-MEIC-12:30-CALL CLOSE (HALT) submitted @ +30.00
[2026-09-30T14:43:12-04:00] 2026-09-30-MEIC-13:00-CALL CLOSE (HALT) submitted @ +30.00
[2026-09-30T14:43:12-04:00] 2026-09-30-MEIC-13:30-PUT CLOSE (HALT) submitted @ +30.00
[2026-09-30T14:43:13-04:00] 2026-09-30-MEIC-13:30-CALL CLOSE (HALT) submitted @ +30.00
[2026-09-30T14:43:13-04:00] 2026-09-30-MEIC-14:00-CALL CLOSE (HALT) submitted @ +30.00
[2026-09-30T14:43:45-04:00] 2026-09-30-MEIC-12:00-CALL close REJECTED (Your limit price is significantly away from the current market price. Please adj) — retry 1/3
[2026-09-30T14:43:45-04:00] 2026-09-30-MEIC-12:30-CALL close REJECTED (Your limit price is significantly away from the current market price. Please adj) — retry 1/3
[2026-09-30T14:43:46-04:00] 2026-09-30-MEIC-13:00-CALL close REJECTED (Your limit price is significantly away from the current market price. Please adj) — retry 1/3
[2026-09-30T14:43:46-04:00] 2026-09-30-MEIC-13:30-PUT close REJECTED (Your limit price is significantly away from the current market price. Please adj) — retry 1/3
[2026-09-30T14:43:47-04:00] 2026-09-30-MEIC-13:30-CALL close REJECTED (Your limit price is significantly away from the current market price. Please adj) — retry 1/3
[2026-09-30T14:43:47-04:00] 2026-09-30-MEIC-14:00-CALL close REJECTED (Your limit price is significantly away from the current market price. Please adj) — retry 1/3
[2026-09-30T14:43:47-04:00] 2026-09-30-MEIC-12:00-CALL CLOSE (HALT) submitted @ +30.00
[2026-09-30T14:43:48-04:00] 2026-09-30-MEIC-12:30-CALL CLOSE (HALT) submitted @ +30.00
[2026-09-30T14:43:48-04:00] 2026-09-30-MEIC-13:00-CALL CLOSE (HALT) submitted @ +30.00
[2026-09-30T14:43:49-04:00] 2026-09-30-MEIC-13:30-PUT CLOSE (HALT) submitted @ +30.00
[2026-09-30T14:43:49-04:00] 2026-09-30-MEIC-13:30-CALL CLOSE (HALT) submitted @ +30.00
[2026-09-30T14:43:50-04:00] 2026-09-30-MEIC-14:00-CALL CLOSE (HALT) submitted @ +30.00
[2026-09-30T14:44:22-04:00] 2026-09-30-MEIC-12:00-CALL close REJECTED (Your limit price is significantly away from the current market price. Please adj) — retry 1/3
[2026-09-30T14:44:23-04:00] 2026-09-30-MEIC-12:30-CALL close REJECTED (Your limit price is significantly away from the current market price. Please adj) — retry 1/3
[2026-09-30T14:44:23-04:00] 2026-09-30-MEIC-13:00-CALL close REJECTED (Your limit price is significantly away from the current market price. Please adj) — retry 1/3
[2026-09-30T14:44:23-04:00] 2026-09-30-MEIC-13:30-PUT close REJECTED (Your limit price is significantly away from the current market price. Please adj) — retry 1/3
[2026-09-30T14:44:24-04:00] 2026-09-30-MEIC-13:30-CALL close REJECTED (Your limit price is significantly away from the current market price. Please adj) — retry 1/3
[2026-09-30T14:44:24-04:00] 2026-09-30-MEIC-14:00-CALL close REJECTED (Your limit price is significantly away from the current market price. Please adj) — retry 1/3
[2026-09-30T14:44:25-04:00] 2026-09-30-MEIC-12:00-CALL CLOSE (HALT) submitted @ +30.00
[2026-09-30T14:44:25-04:00] 2026-09-30-MEIC-12:30-CALL CLOSE (HALT) submitted @ +30.00
[2026-09-30T14:44:26-04:00] 2026-09-30-MEIC-13:00-CALL CLOSE (HALT) submitted @ +30.00
[2026-09-30T14:44:26-04:00] 2026-09-30-MEIC-13:30-PUT CLOSE (HALT) submitted @ +30.00
[2026-09-30T14:44:27-04:00] 2026-09-30-MEIC-13:30-CALL CLOSE (HALT) submitted @ +30.00
[2026-09-30T14:44:27-04:00] 2026-09-30-MEIC-14:00-CALL CLOSE (HALT) submitted @ +30.00
[2026-09-30T14:44:59-04:00] 2026-09-30-MEIC-12:00-CALL close REJECTED (Your limit price is significantly away from the current market price. Please adj) — retry 1/3
[2026-09-30T14:45:00-04:00] 2026-09-30-MEIC-12:30-CALL close REJECTED (Your limit price is significantly away from the current market price. Please adj) — retry 1/3
[2026-09-30T14:45:00-04:00] 2026-09-30-MEIC-13:00-CALL close REJECTED (Your limit price is significantly away from the current market price. Please adj) — retry 1/3
[2026-09-30T14:45:01-04:00] 2026-09-30-MEIC-13:30-PUT close REJECTED (Your limit price is significantly away from the current market price. Please adj) — retry 1/3
[2026-09-30T14:45:01-04:00] 2026-09-30-MEIC-13:30-CALL close REJECTED (Your limit price is significantly away from the current market price. Please adj) — retry 1/3
[2026-09-30T14:45:02-04:00] 2026-09-30-MEIC-14:00-CALL close REJECTED (Your limit price is significantly away from the current market price. Please adj) — retry 1/3
[2026-09-30T14:45:02-04:00] 2026-09-30-MEIC-12:00-CALL CLOSE (HALT) submitted @ +30.00
[2026-09-30T14:45:03-04:00] 2026-09-30-MEIC-12:30-CALL CLOSE (HALT) submitted @ +30.00
[2026-09-30T14:45:04-04:00] 2026-09-30-MEIC-13:00-CALL CLOSE (HALT) submitted @ +30.00
[2026-09-30T14:45:04-04:00] 2026-09-30-MEIC-13:30-PUT CLOSE (HALT) submitted @ +30.00
[2026-09-30T14:45:05-04:00] 2026-09-30-MEIC-13:30-CALL CLOSE (HALT) submitted @ +30.00
[2026-09-30T14:45:05-04:00] 2026-09-30-MEIC-14:00-CALL CLOSE (HALT) submitted @ +30.00
[2026-09-30T14:45:37-04:00] 2026-09-30-MEIC-12:00-CALL close REJECTED (Your limit price is significantly away from the current market price. Please adj) — retry 1/3
[2026-09-30T14:45:38-04:00] 2026-09-30-MEIC-12:30-CALL close REJECTED (Your limit price is significantly away from the current market price. Please adj) — retry 1/3
[2026-09-30T14:45:38-04:00] 2026-09-30-MEIC-13:00-CALL close REJECTED (Your limit price is significantly away from the current market price. Please adj) — retry 1/3
[2026-09-30T14:45:39-04:00] 2026-09-30-MEIC-13:30-PUT close REJECTED (Your limit price is significantly away from the current market price. Please adj) — retry 1/3
[2026-09-30T14:45:39-04:00] 2026-09-30-MEIC-13:30-CALL close REJECTED (Your limit price is significantly away from the current market price. Please adj) — retry 1/3
[2026-09-30T14:45:40-04:00] 2026-09-30-MEIC-14:00-CALL close REJECTED (Your limit price is significantly away from the current market price. Please adj) — retry 1/3
[2026-09-30T14:45:40-04:00] 2026-09-30-MEIC-12:00-CALL CLOSE (HALT) submitted @ +30.00
[2026-09-30T14:45:41-04:00] 2026-09-30-MEIC-12:30-CALL CLOSE (HALT) submitted @ +30.00
[2026-09-30T14:45:41-04:00] 2026-09-30-MEIC-13:00-CALL CLOSE (HALT) submitted @ +30.00
[2026-09-30T14:45:42-04:00] 2026-09-30-MEIC-13:30-PUT CLOSE (HALT) submitted @ +30.00
[2026-09-30T14:45:42-04:00] 2026-09-30-MEIC-13:30-CALL CLOSE (HALT) submitted @ +30.00
[2026-09-30T14:45:43-04:00] 2026-09-30-MEIC-14:00-CALL CLOSE (HALT) submitted @ +30.00
[2026-09-30T14:46:15-04:00] 2026-09-30-MEIC-12:00-CALL close REJECTED (Your limit price is significantly away from the current market price. Please adj) — retry 1/3
[2026-09-30T14:46:16-04:00] 2026-09-30-MEIC-12:30-CALL close REJECTED (Your limit price is significantly away from the current market price. Please adj) — retry 1/3
[2026-09-30T14:46:16-04:00] 2026-09-30-MEIC-13:00-CALL close REJECTED (Your limit price is significantly away from the current market price. Please adj) — retry 1/3
[2026-09-30T14:46:16-04:00] 2026-09-30-MEIC-13:30-PUT close REJECTED (Your limit price is significantly away from the current market price. Please adj) — retry 1/3
[2026-09-30T14:46:17-04:00] 2026-09-30-MEIC-13:30-CALL close REJECTED (Your limit price is significantly away from the current market price. Please adj) — retry 1/3
[2026-09-30T14:46:17-04:00] 2026-09-30-MEIC-14:00-CALL close REJECTED (Your limit price is significantly away from the current market price. Please adj) — retry 1/3
[2026-09-30T14:46:17-04:00] 2026-09-30-MEIC-12:00-CALL CLOSE (HALT) submitted @ +30.00
[2026-09-30T14:46:18-04:00] 2026-09-30-MEIC-12:30-CALL CLOSE (HALT) submitted @ +30.00
[2026-09-30T14:46:18-04:00] 2026-09-30-MEIC-13:00-CALL CLOSE (HALT) submitted @ +30.00
[2026-09-30T14:46:19-04:00] 2026-09-30-MEIC-13:30-PUT CLOSE (HALT) submitted @ +30.00
[2026-09-30T14:46:19-04:00] 2026-09-30-MEIC-13:30-CALL CLOSE (HALT) submitted @ +30.00
[2026-09-30T14:46:20-04:00] 2026-09-30-MEIC-14:00-CALL CLOSE (HALT) submitted @ +30.00
[2026-09-30T14:46:52-04:00] 2026-09-30-MEIC-12:00-CALL close REJECTED (Your limit price is significantly away from the current market price. Please adj) — retry 1/3
[2026-09-30T14:46:52-04:00] 2026-09-30-MEIC-12:30-CALL close REJECTED (Your limit price is significantly away from the current market price. Please adj) — retry 1/3
[2026-09-30T14:46:52-04:00] 2026-09-30-MEIC-13:00-CALL close REJECTED (Your limit price is significantly away from the current market price. Please adj) — retry 1/3
[2026-09-30T14:46:53-04:00] 2026-09-30-MEIC-13:30-PUT close REJECTED (Your limit price is significantly away from the current market price. Please adj) — retry 1/3
[2026-09-30T14:46:53-04:00] 2026-09-30-MEIC-13:30-CALL close REJECTED (Your limit price is significantly away from the current market price. Please adj) — retry 1/3
[2026-09-30T14:46:54-04:00] 2026-09-30-MEIC-14:00-CALL close REJECTED (Your limit price is significantly away from the current market price. Please adj) — retry 1/3
[2026-09-30T14:46:54-04:00] 2026-09-30-MEIC-12:00-CALL CLOSE (HALT) submitted @ +30.00
[2026-09-30T14:46:54-04:00] 2026-09-30-MEIC-12:30-CALL CLOSE (HALT) submitted @ +30.00
[2026-09-30T14:46:55-04:00] 2026-09-30-MEIC-13:00-CALL CLOSE (HALT) submitted @ +30.00
[2026-09-30T14:46:55-04:00] 2026-09-30-MEIC-13:30-PUT CLOSE (HALT) submitted @ +30.00
[2026-09-30T14:46:56-04:00] 2026-09-30-MEIC-13:30-CALL CLOSE (HALT) submitted @ +30.00
[2026-09-30T14:46:56-04:00] 2026-09-30-MEIC-14:00-CALL CLOSE (HALT) submitted @ +30.00
[2026-09-30T14:47:28-04:00] 2026-09-30-MEIC-12:00-CALL close REJECTED (Your limit price is significantly away from the current market price. Please adj) — retry 1/3
[2026-09-30T14:47:29-04:00] 2026-09-30-MEIC-12:30-CALL close REJECTED (Your limit price is significantly away from the current market price. Please adj) — retry 1/3
[2026-09-30T14:47:29-04:00] 2026-09-30-MEIC-13:00-CALL close REJECTED (Your limit price is significantly away from the current market price. Please adj) — retry 1/3
[2026-09-30T14:47:29-04:00] 2026-09-30-MEIC-13:30-PUT close REJECTED (Your limit price is significantly away from the current market price. Please adj) — retry 1/3
[2026-09-30T14:47:30-04:00] 2026-09-30-MEIC-13:30-CALL close REJECTED (Your limit price is significantly away from the current market price. Please adj) — retry 1/3
[2026-09-30T14:47:30-04:00] 2026-09-30-MEIC-14:00-CALL close REJECTED (Your limit price is significantly away from the current market price. Please adj) — retry 1/3
[2026-09-30T14:47:30-04:00] 2026-09-30-MEIC-12:00-CALL CLOSE (HALT) submitted @ +30.00
[2026-09-30T14:47:31-04:00] 2026-09-30-MEIC-12:30-CALL CLOSE (HALT) submitted @ +30.00
[2026-09-30T14:47:31-04:00] 2026-09-30-MEIC-13:00-CALL CLOSE (HALT) submitted @ +30.00
[2026-09-30T14:47:32-04:00] 2026-09-30-MEIC-13:30-PUT CLOSE (HALT) submitted @ +30.00
[2026-09-30T14:47:32-04:00] 2026-09-30-MEIC-13:30-CALL CLOSE (HALT) submitted @ +30.00
[2026-09-30T14:47:33-04:00] 2026-09-30-MEIC-14:00-CALL CLOSE (HALT) submitted @ +30.00
[2026-09-30T14:48:05-04:00] 2026-09-30-MEIC-12:00-CALL close REJECTED (Your limit price is significantly away from the current market price. Please adj) — retry 1/3
[2026-09-30T14:48:05-04:00] 2026-09-30-MEIC-12:30-CALL close REJECTED (Your limit price is significantly away from the current market price. Please adj) — retry 1/3
[2026-09-30T14:48:06-04:00] 2026-09-30-MEIC-13:00-CALL close REJECTED (Your limit price is significantly away from the current market price. Please adj) — retry 1/3
[2026-09-30T14:48:06-04:00] 2026-09-30-MEIC-13:30-PUT close REJECTED (Your limit price is significantly away from the current market price. Please adj) — retry 1/3
[2026-09-30T14:48:07-04:00] 2026-09-30-MEIC-13:30-CALL close REJECTED (Your limit price is significantly away from the current market price. Please adj) — retry 1/3
[2026-09-30T14:48:07-04:00] 2026-09-30-MEIC-14:00-CALL close REJECTED (Your limit price is significantly away from the current market price. Please adj) — retry 1/3
[2026-09-30T14:48:07-04:00] 2026-09-30-MEIC-12:00-CALL CLOSE (HALT) submitted @ +30.00
[2026-09-30T14:48:08-04:00] 2026-09-30-MEIC-12:30-CALL CLOSE (HALT) submitted @ +30.00
[2026-09-30T14:48:08-04:00] 2026-09-30-MEIC-13:00-CALL CLOSE (HALT) submitted @ +30.00
[2026-09-30T14:48:09-04:00] 2026-09-30-MEIC-13:30-PUT CLOSE (HALT) submitted @ +30.00
[2026-09-30T14:48:09-04:00] 2026-09-30-MEIC-13:30-CALL CLOSE (HALT) submitted @ +30.00
[2026-09-30T14:48:10-04:00] 2026-09-30-MEIC-14:00-CALL CLOSE (HALT) submitted @ +30.00
[2026-09-30T14:48:42-04:00] 2026-09-30-MEIC-12:00-CALL close REJECTED (Your limit price is significantly away from the current market price. Please adj) — retry 1/3
[2026-09-30T14:48:42-04:00] 2026-09-30-MEIC-12:30-CALL close REJECTED (Your limit price is significantly away from the current market price. Please adj) — retry 1/3
[2026-09-30T14:48:43-04:00] 2026-09-30-MEIC-13:00-CALL close REJECTED (Your limit price is significantly away from the current market price. Please adj) — retry 1/3
[2026-09-30T14:48:43-04:00] 2026-09-30-MEIC-13:30-PUT close REJECTED (Your limit price is significantly away from the current market price. Please adj) — retry 1/3
[2026-09-30T14:48:44-04:00] 2026-09-30-MEIC-13:30-CALL close REJECTED (Your limit price is significantly away from the current market price. Please adj) — retry 1/3
[2026-09-30T14:48:44-04:00] 2026-09-30-MEIC-14:00-CALL close REJECTED (Your limit price is significantly away from the current market price. Please adj) — retry 1/3
[2026-09-30T14:48:45-04:00] 2026-09-30-MEIC-12:00-CALL CLOSE (HALT) submitted @ +30.00
[2026-09-30T14:48:45-04:00] 2026-09-30-MEIC-12:30-CALL CLOSE (HALT) submitted @ +30.00
[2026-09-30T14:48:45-04:00] 2026-09-30-MEIC-13:00-CALL CLOSE (HALT) submitted @ +30.00
[2026-09-30T14:48:46-04:00] 2026-09-30-MEIC-13:30-PUT CLOSE (HALT) submitted @ +30.00
[2026-09-30T14:48:47-04:00] 2026-09-30-MEIC-13:30-CALL CLOSE (HALT) submitted @ +30.00
[2026-09-30T14:48:47-04:00] 2026-09-30-MEIC-14:00-CALL CLOSE (HALT) submitted @ +30.00
[2026-09-30T14:49:20-04:00] 2026-09-30-MEIC-12:00-CALL close REJECTED (Your limit price is significantly away from the current market price. Please adj) — retry 1/3
[2026-09-30T14:49:20-04:00] 2026-09-30-MEIC-12:30-CALL close REJECTED (Your limit price is significantly away from the current market price. Please adj) — retry 1/3
[2026-09-30T14:49:20-04:00] 2026-09-30-MEIC-13:00-CALL close REJECTED (Your limit price is significantly away from the current market price. Please adj) — retry 1/3
[2026-09-30T14:49:21-04:00] 2026-09-30-MEIC-13:30-PUT close REJECTED (Your limit price is significantly away from the current market price. Please adj) — retry 1/3
[2026-09-30T14:49:21-04:00] 2026-09-30-MEIC-13:30-CALL close REJECTED (Your limit price is significantly away from the current market price. Please adj) — retry 1/3
[2026-09-30T14:49:22-04:00] 2026-09-30-MEIC-14:00-CALL close REJECTED (Your limit price is significantly away from the current market price. Please adj) — retry 1/3
[2026-09-30T14:49:22-04:00] 2026-09-30-MEIC-12:00-CALL CLOSE (HALT) submitted @ +30.00
[2026-09-30T14:49:23-04:00] 2026-09-30-MEIC-12:30-CALL CLOSE (HALT) submitted @ +30.00
[2026-09-30T14:49:23-04:00] 2026-09-30-MEIC-13:00-CALL CLOSE (HALT) submitted @ +30.00
[2026-09-30T14:49:24-04:00] 2026-09-30-MEIC-13:30-PUT CLOSE (HALT) submitted @ +30.00
[2026-09-30T14:49:24-04:00] 2026-09-30-MEIC-13:30-CALL CLOSE (HALT) submitted @ +30.00
[2026-09-30T14:49:25-04:00] 2026-09-30-MEIC-14:00-CALL CLOSE (HALT) submitted @ +30.00
[2026-09-30T14:49:57-04:00] 2026-09-30-MEIC-12:00-CALL close REJECTED (Your limit price is significantly away from the current market price. Please adj) — retry 1/3
[2026-09-30T14:49:57-04:00] 2026-09-30-MEIC-12:30-CALL close REJECTED (Your limit price is significantly away from the current market price. Please adj) — retry 1/3
[2026-09-30T14:49:57-04:00] 2026-09-30-MEIC-13:00-CALL close REJECTED (Your limit price is significantly away from the current market price. Please adj) — retry 1/3
[2026-09-30T14:49:58-04:00] 2026-09-30-MEIC-13:30-PUT close REJECTED (Your limit price is significantly away from the current market price. Please adj) — retry 1/3
[2026-09-30T14:49:58-04:00] 2026-09-30-MEIC-13:30-CALL close REJECTED (Your limit price is significantly away from the current market price. Please adj) — retry 1/3
[2026-09-30T14:49:59-04:00] 2026-09-30-MEIC-14:00-CALL close REJECTED (Your limit price is significantly away from the current market price. Please adj) — retry 1/3
[2026-09-30T14:49:59-04:00] 2026-09-30-MEIC-12:00-CALL CLOSE (HALT) submitted @ +30.00
[2026-09-30T14:50:00-04:00] 2026-09-30-MEIC-12:30-CALL CLOSE (HALT) submitted @ +30.00
[2026-09-30T14:50:01-04:00] 2026-09-30-MEIC-13:00-CALL CLOSE (HALT) submitted @ +30.00
[2026-09-30T14:50:01-04:00] 2026-09-30-MEIC-13:30-PUT CLOSE (HALT) submitted @ +30.00
[2026-09-30T14:50:02-04:00] 2026-09-30-MEIC-13:30-CALL CLOSE (HALT) submitted @ +30.00
[2026-09-30T14:50:03-04:00] 2026-09-30-MEIC-14:00-CALL CLOSE (HALT) submitted @ +30.00
[2026-09-30T14:50:35-04:00] 2026-09-30-MEIC-12:00-CALL close REJECTED (Your limit price is significantly away from the current market price. Please adj) — retry 1/3
[2026-09-30T14:50:35-04:00] 2026-09-30-MEIC-12:30-CALL close REJECTED (Your limit price is significantly away from the current market price. Please adj) — retry 1/3
[2026-09-30T14:50:36-04:00] 2026-09-30-MEIC-13:00-CALL close REJECTED (Your limit price is significantly away from the current market price. Please adj) — retry 1/3
[2026-09-30T14:50:36-04:00] 2026-09-30-MEIC-13:30-PUT close REJECTED (Your limit price is significantly away from the current market price. Please adj) — retry 1/3
[2026-09-30T14:50:37-04:00] 2026-09-30-MEIC-13:30-CALL close REJECTED (Your limit price is significantly away from the current market price. Please adj) — retry 1/3
[2026-09-30T14:50:37-04:00] 2026-09-30-MEIC-14:00-CALL close REJECTED (Your limit price is significantly away from the current market price. Please adj) — retry 1/3
[2026-09-30T14:50:37-04:00] 2026-09-30-MEIC-12:00-CALL CLOSE (HALT) submitted @ +30.00
[2026-09-30T14:50:38-04:00] 2026-09-30-MEIC-12:30-CALL CLOSE (HALT) submitted @ +30.00
[2026-09-30T14:50:38-04:00] 2026-09-30-MEIC-13:00-CALL CLOSE (HALT) submitted @ +30.00
[2026-09-30T14:50:39-04:00] 2026-09-30-MEIC-13:30-PUT CLOSE (HALT) submitted @ +30.00
[2026-09-30T14:50:39-04:00] 2026-09-30-MEIC-13:30-CALL CLOSE (HALT) submitted @ +30.00
[2026-09-30T14:50:40-04:00] 2026-09-30-MEIC-14:00-CALL CLOSE (HALT) submitted @ +30.00
[2026-09-30T14:51:12-04:00] 2026-09-30-MEIC-12:00-CALL close REJECTED (Your limit price is significantly away from the current market price. Please adj) — retry 1/3
[2026-09-30T14:51:12-04:00] 2026-09-30-MEIC-12:30-CALL close REJECTED (Your limit price is significantly away from the current market price. Please adj) — retry 1/3
[2026-09-30T14:51:13-04:00] 2026-09-30-MEIC-13:00-CALL close REJECTED (Your limit price is significantly away from the current market price. Please adj) — retry 1/3
[2026-09-30T14:51:13-04:00] 2026-09-30-MEIC-13:30-PUT close REJECTED (Your limit price is significantly away from the current market price. Please adj) — retry 1/3
[2026-09-30T14:51:14-04:00] 2026-09-30-MEIC-13:30-CALL close REJECTED (Your limit price is significantly away from the current market price. Please adj) — retry 1/3
[2026-09-30T14:51:14-04:00] 2026-09-30-MEIC-14:00-CALL close REJECTED (Your limit price is significantly away from the current market price. Please adj) — retry 1/3
[2026-09-30T14:51:15-04:00] 2026-09-30-MEIC-12:00-CALL CLOSE (HALT) submitted @ +30.00
[2026-09-30T14:51:15-04:00] 2026-09-30-MEIC-12:30-CALL CLOSE (HALT) submitted @ +30.00
[2026-09-30T14:51:16-04:00] 2026-09-30-MEIC-13:00-CALL CLOSE (HALT) submitted @ +30.00
[2026-09-30T14:51:16-04:00] 2026-09-30-MEIC-13:30-PUT CLOSE (HALT) submitted @ +30.00
[2026-09-30T14:51:17-04:00] 2026-09-30-MEIC-13:30-CALL CLOSE (HALT) submitted @ +30.00
[2026-09-30T14:51:18-04:00] 2026-09-30-MEIC-14:00-CALL CLOSE (HALT) submitted @ +30.00
[2026-09-30T14:51:50-04:00] 2026-09-30-MEIC-12:00-CALL close REJECTED (Your limit price is significantly away from the current market price. Please adj) — retry 1/3
[2026-09-30T14:51:50-04:00] 2026-09-30-MEIC-12:30-CALL close REJECTED (Your limit price is significantly away from the current market price. Please adj) — retry 1/3
[2026-09-30T14:51:51-04:00] 2026-09-30-MEIC-13:00-CALL close REJECTED (Your limit price is significantly away from the current market price. Please adj) — retry 1/3
[2026-09-30T14:51:51-04:00] 2026-09-30-MEIC-13:30-PUT close REJECTED (Your limit price is significantly away from the current market price. Please adj) — retry 1/3
[2026-09-30T14:51:51-04:00] 2026-09-30-MEIC-13:30-CALL close REJECTED (Your limit price is significantly away from the current market price. Please adj) — retry 1/3
[2026-09-30T14:51:52-04:00] 2026-09-30-MEIC-14:00-CALL close REJECTED (Your limit price is significantly away from the current market price. Please adj) — retry 1/3
[2026-09-30T14:51:52-04:00] 2026-09-30-MEIC-12:00-CALL CLOSE (HALT) submitted @ +30.00
[2026-09-30T14:51:53-04:00] 2026-09-30-MEIC-12:30-CALL CLOSE (HALT) submitted @ +30.00
[2026-09-30T14:51:53-04:00] 2026-09-30-MEIC-13:00-CALL CLOSE (HALT) submitted @ +30.00
[2026-09-30T14:51:54-04:00] 2026-09-30-MEIC-13:30-PUT CLOSE (HALT) submitted @ +30.00
[2026-09-30T14:51:54-04:00] 2026-09-30-MEIC-13:30-CALL CLOSE (HALT) submitted @ +30.00
[2026-09-30T14:51:55-04:00] 2026-09-30-MEIC-14:00-CALL CLOSE (HALT) submitted @ +30.00
[2026-09-30T14:52:27-04:00] 2026-09-30-MEIC-12:00-CALL close REJECTED (Your limit price is significantly away from the current market price. Please adj) — retry 1/3
[2026-09-30T14:52:28-04:00] 2026-09-30-MEIC-12:30-CALL close REJECTED (Your limit price is significantly away from the current market price. Please adj) — retry 1/3
[2026-09-30T14:52:28-04:00] 2026-09-30-MEIC-13:00-CALL close REJECTED (Your limit price is significantly away from the current market price. Please adj) — retry 1/3
[2026-09-30T14:52:28-04:00] 2026-09-30-MEIC-13:30-PUT close REJECTED (Your limit price is significantly away from the current market price. Please adj) — retry 1/3
[2026-09-30T14:52:29-04:00] 2026-09-30-MEIC-13:30-CALL close REJECTED (Your limit price is significantly away from the current market price. Please adj) — retry 1/3
[2026-09-30T14:52:29-04:00] 2026-09-30-MEIC-14:00-CALL close REJECTED (Your limit price is significantly away from the current market price. Please adj) — retry 1/3
[2026-09-30T14:52:30-04:00] 2026-09-30-MEIC-12:00-CALL CLOSE (HALT) submitted @ +30.00
[2026-09-30T14:52:30-04:00] 2026-09-30-MEIC-12:30-CALL CLOSE (HALT) submitted @ +30.00
[2026-09-30T14:52:31-04:00] 2026-09-30-MEIC-13:00-CALL CLOSE (HALT) submitted @ +30.00
[2026-09-30T14:52:31-04:00] 2026-09-30-MEIC-13:30-PUT CLOSE (HALT) submitted @ +30.00
[2026-09-30T14:52:32-04:00] 2026-09-30-MEIC-13:30-CALL CLOSE (HALT) submitted @ +30.00
[2026-09-30T14:52:32-04:00] 2026-09-30-MEIC-14:00-CALL CLOSE (HALT) submitted @ +30.00
[2026-09-30T14:53:04-04:00] 2026-09-30-MEIC-12:00-CALL close REJECTED (Your limit price is significantly away from the current market price. Please adj) — retry 1/3
[2026-09-30T14:53:05-04:00] 2026-09-30-MEIC-12:30-CALL close REJECTED (Your limit price is significantly away from the current market price. Please adj) — retry 1/3
[2026-09-30T14:53:06-04:00] 2026-09-30-MEIC-13:00-CALL close REJECTED (Your limit price is significantly away from the current market price. Please adj) — retry 1/3
[2026-09-30T14:53:06-04:00] 2026-09-30-MEIC-13:30-PUT close REJECTED (Your limit price is significantly away from the current market price. Please adj) — retry 1/3
[2026-09-30T14:53:06-04:00] 2026-09-30-MEIC-13:30-CALL close REJECTED (Your limit price is significantly away from the current market price. Please adj) — retry 1/3
[2026-09-30T14:53:07-04:00] 2026-09-30-MEIC-14:00-CALL close REJECTED (Your limit price is significantly away from the current market price. Please adj) — retry 1/3
[2026-09-30T14:53:07-04:00] 2026-09-30-MEIC-12:00-CALL CLOSE (HALT) submitted @ +30.00
[2026-09-30T14:53:08-04:00] 2026-09-30-MEIC-12:30-CALL CLOSE (HALT) submitted @ +30.00
[2026-09-30T14:53:08-04:00] 2026-09-30-MEIC-13:00-CALL CLOSE (HALT) submitted @ +30.00
[2026-09-30T14:53:09-04:00] 2026-09-30-MEIC-13:30-PUT CLOSE (HALT) submitted @ +30.00
[2026-09-30T14:53:09-04:00] 2026-09-30-MEIC-13:30-CALL CLOSE (HALT) submitted @ +30.00
[2026-09-30T14:53:10-04:00] 2026-09-30-MEIC-14:00-CALL CLOSE (HALT) submitted @ +30.00
[2026-09-30T14:53:42-04:00] 2026-09-30-MEIC-12:00-CALL close REJECTED (Your limit price is significantly away from the current market price. Please adj) — retry 1/3
[2026-09-30T14:53:42-04:00] 2026-09-30-MEIC-12:30-CALL close REJECTED (Your limit price is significantly away from the current market price. Please adj) — retry 1/3
[2026-09-30T14:53:43-04:00] 2026-09-30-MEIC-13:00-CALL close REJECTED (Your limit price is significantly away from the current market price. Please adj) — retry 1/3
[2026-09-30T14:53:43-04:00] 2026-09-30-MEIC-13:30-PUT close REJECTED (Your limit price is significantly away from the current market price. Please adj) — retry 1/3
[2026-09-30T14:53:43-04:00] 2026-09-30-MEIC-13:30-CALL close REJECTED (Your limit price is significantly away from the current market price. Please adj) — retry 1/3
[2026-09-30T14:53:44-04:00] 2026-09-30-MEIC-14:00-CALL close REJECTED (Your limit price is significantly away from the current market price. Please adj) — retry 1/3
[2026-09-30T14:53:44-04:00] 2026-09-30-MEIC-12:00-CALL CLOSE (HALT) submitted @ +30.00
[2026-09-30T14:53:45-04:00] 2026-09-30-MEIC-12:30-CALL CLOSE (HALT) submitted @ +30.00
[2026-09-30T14:53:45-04:00] 2026-09-30-MEIC-13:00-CALL CLOSE (HALT) submitted @ +30.00
[2026-09-30T14:53:46-04:00] 2026-09-30-MEIC-13:30-PUT CLOSE (HALT) submitted @ +30.00
[2026-09-30T14:53:46-04:00] 2026-09-30-MEIC-13:30-CALL CLOSE (HALT) submitted @ +30.00
[2026-09-30T14:53:47-04:00] 2026-09-30-MEIC-14:00-CALL CLOSE (HALT) submitted @ +30.00
[2026-09-30T14:54:19-04:00] 2026-09-30-MEIC-12:00-CALL close REJECTED (Your limit price is significantly away from the current market price. Please adj) — retry 1/3
[2026-09-30T14:54:19-04:00] 2026-09-30-MEIC-12:30-CALL close REJECTED (Your limit price is significantly away from the current market price. Please adj) — retry 1/3
[2026-09-30T14:54:20-04:00] 2026-09-30-MEIC-13:00-CALL close REJECTED (Your limit price is significantly away from the current market price. Please adj) — retry 1/3
[2026-09-30T14:54:20-04:00] 2026-09-30-MEIC-13:30-PUT close REJECTED (Your limit price is significantly away from the current market price. Please adj) — retry 1/3
[2026-09-30T14:54:20-04:00] 2026-09-30-MEIC-13:30-CALL close REJECTED (Your limit price is significantly away from the current market price. Please adj) — retry 1/3
[2026-09-30T14:54:21-04:00] 2026-09-30-MEIC-14:00-CALL close REJECTED (Your limit price is significantly away from the current market price. Please adj) — retry 1/3
[2026-09-30T14:54:21-04:00] 2026-09-30-MEIC-12:00-CALL CLOSE (HALT) submitted @ +30.00
[2026-09-30T14:54:22-04:00] 2026-09-30-MEIC-12:30-CALL CLOSE (HALT) submitted @ +30.00
[2026-09-30T14:54:22-04:00] 2026-09-30-MEIC-13:00-CALL CLOSE (HALT) submitted @ +30.00
[2026-09-30T14:54:23-04:00] 2026-09-30-MEIC-13:30-PUT CLOSE (HALT) submitted @ +30.00
[2026-09-30T14:54:24-04:00] 2026-09-30-MEIC-13:30-CALL CLOSE (HALT) submitted @ +30.00
[2026-09-30T14:54:24-04:00] 2026-09-30-MEIC-14:00-CALL CLOSE (HALT) submitted @ +30.00
[2026-09-30T14:54:56-04:00] 2026-09-30-MEIC-12:00-CALL close REJECTED (Your limit price is significantly away from the current market price. Please adj) — retry 1/3
[2026-09-30T14:54:56-04:00] 2026-09-30-MEIC-12:30-CALL close REJECTED (Your limit price is significantly away from the current market price. Please adj) — retry 1/3
[2026-09-30T14:54:57-04:00] 2026-09-30-MEIC-13:00-CALL close REJECTED (Your limit price is significantly away from the current market price. Please adj) — retry 1/3
[2026-09-30T14:54:57-04:00] 2026-09-30-MEIC-13:30-PUT close REJECTED (Your limit price is significantly away from the current market price. Please adj) — retry 1/3
[2026-09-30T14:54:57-04:00] 2026-09-30-MEIC-13:30-CALL close REJECTED (Your limit price is significantly away from the current market price. Please adj) — retry 1/3
[2026-09-30T14:54:58-04:00] 2026-09-30-MEIC-14:00-CALL close REJECTED (Your limit price is significantly away from the current market price. Please adj) — retry 1/3
[2026-09-30T14:54:58-04:00] 2026-09-30-MEIC-12:00-CALL CLOSE (HALT) submitted @ +30.00
[2026-09-30T14:54:59-04:00] 2026-09-30-MEIC-12:30-CALL CLOSE (HALT) submitted @ +30.00
[2026-09-30T14:54:59-04:00] 2026-09-30-MEIC-13:00-CALL CLOSE (HALT) submitted @ +30.00
[2026-09-30T14:55:00-04:00] 2026-09-30-MEIC-13:30-PUT CLOSE (HALT) submitted @ +30.00
[2026-09-30T14:55:00-04:00] 2026-09-30-MEIC-13:30-CALL CLOSE (HALT) submitted @ +30.00
[2026-09-30T14:55:01-04:00] 2026-09-30-MEIC-14:00-CALL CLOSE (HALT) submitted @ +30.00
[2026-09-30T14:55:33-04:00] 2026-09-30-MEIC-12:00-CALL close REJECTED (Your limit price is significantly away from the current market price. Please adj) — retry 1/3
[2026-09-30T14:55:34-04:00] 2026-09-30-MEIC-12:30-CALL close REJECTED (Your limit price is significantly away from the current market price. Please adj) — retry 1/3
[2026-09-30T14:55:34-04:00] 2026-09-30-MEIC-13:00-CALL close REJECTED (Your limit price is significantly away from the current market price. Please adj) — retry 1/3
[2026-09-30T14:55:35-04:00] 2026-09-30-MEIC-13:30-PUT close REJECTED (Your limit price is significantly away from the current market price. Please adj) — retry 1/3
[2026-09-30T14:55:35-04:00] 2026-09-30-MEIC-13:30-CALL close REJECTED (Your limit price is significantly away from the current market price. Please adj) — retry 1/3
[2026-09-30T14:55:36-04:00] 2026-09-30-MEIC-14:00-CALL close REJECTED (Your limit price is significantly away from the current market price. Please adj) — retry 1/3
[2026-09-30T14:55:36-04:00] 2026-09-30-MEIC-12:00-CALL CLOSE (HALT) submitted @ +30.00
[2026-09-30T14:55:37-04:00] 2026-09-30-MEIC-12:30-CALL CLOSE (HALT) submitted @ +30.00
[2026-09-30T14:55:37-04:00] 2026-09-30-MEIC-13:00-CALL CLOSE (HALT) submitted @ +30.00
[2026-09-30T14:55:38-04:00] 2026-09-30-MEIC-13:30-PUT CLOSE (HALT) submitted @ +30.00
[2026-09-30T14:55:38-04:00] 2026-09-30-MEIC-13:30-CALL CLOSE (HALT) submitted @ +30.00
[2026-09-30T14:55:39-04:00] 2026-09-30-MEIC-14:00-CALL CLOSE (HALT) submitted @ +30.00
[2026-09-30T14:56:11-04:00] 2026-09-30-MEIC-12:00-CALL close REJECTED (Your limit price is significantly away from the current market price. Please adj) — retry 1/3
[2026-09-30T14:56:11-04:00] 2026-09-30-MEIC-12:30-CALL close REJECTED (Your limit price is significantly away from the current market price. Please adj) — retry 1/3
[2026-09-30T14:56:11-04:00] 2026-09-30-MEIC-13:00-CALL close REJECTED (Your limit price is significantly away from the current market price. Please adj) — retry 1/3
[2026-09-30T14:56:12-04:00] 2026-09-30-MEIC-13:30-PUT close REJECTED (Your limit price is significantly away from the current market price. Please adj) — retry 1/3
[2026-09-30T14:56:12-04:00] 2026-09-30-MEIC-13:30-CALL close REJECTED (Your limit price is significantly away from the current market price. Please adj) — retry 1/3
[2026-09-30T14:56:13-04:00] 2026-09-30-MEIC-14:00-CALL close REJECTED (Your limit price is significantly away from the current market price. Please adj) — retry 1/3
[2026-09-30T14:56:13-04:00] 2026-09-30-MEIC-12:00-CALL CLOSE (HALT) submitted @ +30.00
[2026-09-30T14:56:14-04:00] 2026-09-30-MEIC-12:30-CALL CLOSE (HALT) submitted @ +30.00
[2026-09-30T14:56:14-04:00] 2026-09-30-MEIC-13:00-CALL CLOSE (HALT) submitted @ +30.00
[2026-09-30T14:56:14-04:00] 2026-09-30-MEIC-13:30-PUT CLOSE (HALT) submitted @ +30.00
[2026-09-30T14:56:15-04:00] 2026-09-30-MEIC-13:30-CALL CLOSE (HALT) submitted @ +30.00
[2026-09-30T14:56:15-04:00] 2026-09-30-MEIC-14:00-CALL CLOSE (HALT) submitted @ +30.00
[2026-09-30T14:56:47-04:00] 2026-09-30-MEIC-12:00-CALL close REJECTED (Your limit price is significantly away from the current market price. Please adj) — retry 1/3
[2026-09-30T14:56:48-04:00] 2026-09-30-MEIC-12:30-CALL close REJECTED (Your limit price is significantly away from the current market price. Please adj) — retry 1/3
[2026-09-30T14:56:48-04:00] 2026-09-30-MEIC-13:00-CALL close REJECTED (Your limit price is significantly away from the current market price. Please adj) — retry 1/3
[2026-09-30T14:56:49-04:00] 2026-09-30-MEIC-13:30-PUT close REJECTED (Your limit price is significantly away from the current market price. Please adj) — retry 1/3
[2026-09-30T14:56:49-04:00] 2026-09-30-MEIC-13:30-CALL close REJECTED (Your limit price is significantly away from the current market price. Please adj) — retry 1/3
[2026-09-30T14:56:49-04:00] 2026-09-30-MEIC-14:00-CALL close REJECTED (Your limit price is significantly away from the current market price. Please adj) — retry 1/3
[2026-09-30T14:56:50-04:00] 2026-09-30-MEIC-12:00-CALL CLOSE (HALT) submitted @ +30.00
[2026-09-30T14:56:50-04:00] 2026-09-30-MEIC-12:30-CALL CLOSE (HALT) submitted @ +30.00
[2026-09-30T14:56:51-04:00] 2026-09-30-MEIC-13:00-CALL CLOSE (HALT) submitted @ +30.00
[2026-09-30T14:56:51-04:00] 2026-09-30-MEIC-13:30-PUT CLOSE (HALT) submitted @ +30.00
[2026-09-30T14:56:52-04:00] 2026-09-30-MEIC-13:30-CALL CLOSE (HALT) submitted @ +30.00
[2026-09-30T14:56:52-04:00] 2026-09-30-MEIC-14:00-CALL CLOSE (HALT) submitted @ +30.00
[2026-09-30T14:57:24-04:00] 2026-09-30-MEIC-12:00-CALL close REJECTED (Your limit price is significantly away from the current market price. Please adj) — retry 1/3
[2026-09-30T14:57:24-04:00] 2026-09-30-MEIC-12:30-CALL close REJECTED (Your limit price is significantly away from the current market price. Please adj) — retry 1/3
[2026-09-30T14:57:25-04:00] 2026-09-30-MEIC-13:00-CALL close REJECTED (Your limit price is significantly away from the current market price. Please adj) — retry 1/3
[2026-09-30T14:57:25-04:00] 2026-09-30-MEIC-13:30-PUT close REJECTED (Your limit price is significantly away from the current market price. Please adj) — retry 1/3
[2026-09-30T14:57:26-04:00] 2026-09-30-MEIC-13:30-CALL close REJECTED (Your limit price is significantly away from the current market price. Please adj) — retry 1/3
[2026-09-30T14:57:26-04:00] 2026-09-30-MEIC-14:00-CALL close REJECTED (Your limit price is significantly away from the current market price. Please adj) — retry 1/3
[2026-09-30T14:57:27-04:00] 2026-09-30-MEIC-12:00-CALL CLOSE (HALT) submitted @ +30.00
[2026-09-30T14:57:27-04:00] 2026-09-30-MEIC-12:30-CALL CLOSE (HALT) submitted @ +30.00
[2026-09-30T14:57:28-04:00] 2026-09-30-MEIC-13:00-CALL CLOSE (HALT) submitted @ +30.00
[2026-09-30T14:57:29-04:00] 2026-09-30-MEIC-13:30-PUT CLOSE (HALT) submitted @ +30.00
[2026-09-30T14:57:29-04:00] 2026-09-30-MEIC-13:30-CALL CLOSE (HALT) submitted @ +30.00
[2026-09-30T14:57:30-04:00] 2026-09-30-MEIC-14:00-CALL CLOSE (HALT) submitted @ +30.00
[2026-09-30T14:58:02-04:00] 2026-09-30-MEIC-12:00-CALL close REJECTED (Your limit price is significantly away from the current market price. Please adj) — retry 1/3
[2026-09-30T14:58:02-04:00] 2026-09-30-MEIC-12:30-CALL close REJECTED (Your limit price is significantly away from the current market price. Please adj) — retry 1/3
[2026-09-30T14:58:02-04:00] 2026-09-30-MEIC-13:00-CALL close REJECTED (Your limit price is significantly away from the current market price. Please adj) — retry 1/3
[2026-09-30T14:58:03-04:00] 2026-09-30-MEIC-13:30-PUT close REJECTED (Your limit price is significantly away from the current market price. Please adj) — retry 1/3
[2026-09-30T14:58:03-04:00] 2026-09-30-MEIC-13:30-CALL close REJECTED (Your limit price is significantly away from the current market price. Please adj) — retry 1/3
[2026-09-30T14:58:04-04:00] 2026-09-30-MEIC-14:00-CALL close REJECTED (Your limit price is significantly away from the current market price. Please adj) — retry 1/3
[2026-09-30T14:58:04-04:00] 2026-09-30-MEIC-12:00-CALL CLOSE (HALT) submitted @ +30.00
[2026-09-30T14:58:05-04:00] 2026-09-30-MEIC-12:30-CALL CLOSE (HALT) submitted @ +30.00
[2026-09-30T14:58:05-04:00] 2026-09-30-MEIC-13:00-CALL CLOSE (HALT) submitted @ +30.00
[2026-09-30T14:58:06-04:00] 2026-09-30-MEIC-13:30-PUT CLOSE (HALT) submitted @ +30.00
[2026-09-30T14:58:06-04:00] 2026-09-30-MEIC-13:30-CALL CLOSE (HALT) submitted @ +30.00
[2026-09-30T14:58:07-04:00] 2026-09-30-MEIC-14:00-CALL CLOSE (HALT) submitted @ +30.00
[2026-09-30T14:58:39-04:00] 2026-09-30-MEIC-12:00-CALL close REJECTED (Your limit price is significantly away from the current market price. Please adj) — retry 1/3
[2026-09-30T14:58:39-04:00] 2026-09-30-MEIC-12:30-CALL close REJECTED (Your limit price is significantly away from the current market price. Please adj) — retry 1/3
[2026-09-30T14:58:40-04:00] 2026-09-30-MEIC-13:00-CALL close REJECTED (Your limit price is significantly away from the current market price. Please adj) — retry 1/3
[2026-09-30T14:58:41-04:00] 2026-09-30-MEIC-13:30-PUT close REJECTED (Your limit price is significantly away from the current market price. Please adj) — retry 1/3
[2026-09-30T14:58:41-04:00] 2026-09-30-MEIC-13:30-CALL close REJECTED (Your limit price is significantly away from the current market price. Please adj) — retry 1/3
[2026-09-30T14:58:42-04:00] 2026-09-30-MEIC-14:00-CALL close REJECTED (Your limit price is significantly away from the current market price. Please adj) — retry 1/3
[2026-09-30T14:58:42-04:00] 2026-09-30-MEIC-12:00-CALL CLOSE (HALT) submitted @ +30.00
[2026-09-30T14:58:43-04:00] 2026-09-30-MEIC-12:30-CALL CLOSE (HALT) submitted @ +30.00
[2026-09-30T14:58:43-04:00] 2026-09-30-MEIC-13:00-CALL CLOSE (HALT) submitted @ +30.00
[2026-09-30T14:58:44-04:00] 2026-09-30-MEIC-13:30-PUT CLOSE (HALT) submitted @ +30.00
[2026-09-30T14:58:44-04:00] 2026-09-30-MEIC-13:30-CALL CLOSE (HALT) submitted @ +30.00
[2026-09-30T14:58:45-04:00] 2026-09-30-MEIC-14:00-CALL CLOSE (HALT) submitted @ +30.00
[2026-09-30T14:59:17-04:00] 2026-09-30-MEIC-12:00-CALL close REJECTED (Your limit price is significantly away from the current market price. Please adj) — retry 1/3
[2026-09-30T14:59:18-04:00] 2026-09-30-MEIC-12:30-CALL close REJECTED (Your limit price is significantly away from the current market price. Please adj) — retry 1/3
[2026-09-30T14:59:18-04:00] 2026-09-30-MEIC-13:00-CALL close REJECTED (Your limit price is significantly away from the current market price. Please adj) — retry 1/3
[2026-09-30T14:59:18-04:00] 2026-09-30-MEIC-13:30-PUT close REJECTED (Your limit price is significantly away from the current market price. Please adj) — retry 1/3
[2026-09-30T14:59:19-04:00] 2026-09-30-MEIC-13:30-CALL close REJECTED (Your limit price is significantly away from the current market price. Please adj) — retry 1/3
[2026-09-30T14:59:19-04:00] 2026-09-30-MEIC-14:00-CALL close REJECTED (Your limit price is significantly away from the current market price. Please adj) — retry 1/3
[2026-09-30T14:59:20-04:00] 2026-09-30-MEIC-12:00-CALL CLOSE (HALT) submitted @ +30.00
[2026-09-30T14:59:20-04:00] 2026-09-30-MEIC-12:30-CALL CLOSE (HALT) submitted @ +30.00
[2026-09-30T14:59:21-04:00] 2026-09-30-MEIC-13:00-CALL CLOSE (HALT) submitted @ +30.00
[2026-09-30T14:59:21-04:00] 2026-09-30-MEIC-13:30-PUT CLOSE (HALT) submitted @ +30.00
[2026-09-30T14:59:22-04:00] 2026-09-30-MEIC-13:30-CALL CLOSE (HALT) submitted @ +30.00
[2026-09-30T14:59:22-04:00] 2026-09-30-MEIC-14:00-CALL CLOSE (HALT) submitted @ +30.00
[2026-09-30T14:59:54-04:00] 2026-09-30-MEIC-12:00-CALL close REJECTED (Your limit price is significantly away from the current market price. Please adj) — retry 1/3
[2026-09-30T14:59:55-04:00] 2026-09-30-MEIC-12:30-CALL close REJECTED (Your limit price is significantly away from the current market price. Please adj) — retry 1/3
[2026-09-30T14:59:55-04:00] 2026-09-30-MEIC-13:00-CALL close REJECTED (Your limit price is significantly away from the current market price. Please adj) — retry 1/3
[2026-09-30T14:59:55-04:00] 2026-09-30-MEIC-13:30-PUT close REJECTED (Your limit price is significantly away from the current market price. Please adj) — retry 1/3
[2026-09-30T14:59:56-04:00] 2026-09-30-MEIC-13:30-CALL close REJECTED (Your limit price is significantly away from the current market price. Please adj) — retry 1/3
[2026-09-30T14:59:56-04:00] 2026-09-30-MEIC-14:00-CALL close REJECTED (Your limit price is significantly away from the current market price. Please adj) — retry 1/3
[2026-09-30T14:59:57-04:00] 2026-09-30-MEIC-12:00-CALL CLOSE (HALT) submitted @ +30.00
[2026-09-30T14:59:57-04:00] 2026-09-30-MEIC-12:30-CALL CLOSE (HALT) submitted @ +30.00
[2026-09-30T14:59:58-04:00] 2026-09-30-MEIC-13:00-CALL CLOSE (HALT) submitted @ +30.00
[2026-09-30T14:59:58-04:00] 2026-09-30-MEIC-13:30-PUT CLOSE (HALT) submitted @ +30.00
[2026-09-30T14:59:59-04:00] 2026-09-30-MEIC-13:30-CALL CLOSE (HALT) submitted @ +30.00
[2026-09-30T14:59:59-04:00] 2026-09-30-MEIC-14:00-CALL CLOSE (HALT) submitted @ +30.00
[2026-09-30T15:00:32-04:00] 2026-09-30-MEIC-12:00-CALL close REJECTED (Your limit price is significantly away from the current market price. Please adj) — retry 1/3
[2026-09-30T15:00:32-04:00] 2026-09-30-MEIC-12:30-CALL close REJECTED (Your limit price is significantly away from the current market price. Please adj) — retry 1/3
[2026-09-30T15:00:32-04:00] 2026-09-30-MEIC-13:00-CALL close REJECTED (Your limit price is significantly away from the current market price. Please adj) — retry 1/3
[2026-09-30T15:00:33-04:00] 2026-09-30-MEIC-13:30-PUT close REJECTED (Your limit price is significantly away from the current market price. Please adj) — retry 1/3
[2026-09-30T15:00:33-04:00] 2026-09-30-MEIC-13:30-CALL close REJECTED (Your limit price is significantly away from the current market price. Please adj) — retry 1/3
[2026-09-30T15:00:34-04:00] 2026-09-30-MEIC-14:00-CALL close REJECTED (Your limit price is significantly away from the current market price. Please adj) — retry 1/3
[2026-09-30T15:00:34-04:00] 2026-09-30-MEIC-12:00-CALL CLOSE (HALT) submitted @ +30.00
[2026-09-30T15:00:35-04:00] 2026-09-30-MEIC-12:30-CALL CLOSE (HALT) submitted @ +30.00
[2026-09-30T15:00:35-04:00] 2026-09-30-MEIC-13:00-CALL CLOSE (HALT) submitted @ +30.00
[2026-09-30T15:00:36-04:00] 2026-09-30-MEIC-13:30-PUT CLOSE (HALT) submitted @ +30.00
[2026-09-30T15:00:37-04:00] 2026-09-30-MEIC-13:30-CALL CLOSE (HALT) submitted @ +30.00
[2026-09-30T15:00:37-04:00] 2026-09-30-MEIC-14:00-CALL CLOSE (HALT) submitted @ +30.00
[2026-09-30T15:01:09-04:00] 2026-09-30-MEIC-12:00-CALL close REJECTED (Your limit price is significantly away from the current market price. Please adj) — retry 1/3
[2026-09-30T15:01:10-04:00] 2026-09-30-MEIC-12:30-CALL close REJECTED (Your limit price is significantly away from the current market price. Please adj) — retry 1/3
[2026-09-30T15:01:10-04:00] 2026-09-30-MEIC-13:00-CALL close REJECTED (Your limit price is significantly away from the current market price. Please adj) — retry 1/3
[2026-09-30T15:01:11-04:00] 2026-09-30-MEIC-13:30-PUT close REJECTED (Your limit price is significantly away from the current market price. Please adj) — retry 1/3
[2026-09-30T15:01:11-04:00] 2026-09-30-MEIC-13:30-CALL close REJECTED (Your limit price is significantly away from the current market price. Please adj) — retry 1/3
[2026-09-30T15:01:12-04:00] 2026-09-30-MEIC-14:00-CALL close REJECTED (Your limit price is significantly away from the current market price. Please adj) — retry 1/3
[2026-09-30T15:01:12-04:00] 2026-09-30-MEIC-12:00-CALL CLOSE (HALT) submitted @ +30.00
[2026-09-30T15:01:13-04:00] 2026-09-30-MEIC-12:30-CALL CLOSE (HALT) submitted @ +30.00
[2026-09-30T15:01:14-04:00] 2026-09-30-MEIC-13:00-CALL CLOSE (HALT) submitted @ +30.00
[2026-09-30T15:01:14-04:00] 2026-09-30-MEIC-13:30-PUT CLOSE (HALT) submitted @ +30.00
[2026-09-30T15:01:15-04:00] 2026-09-30-MEIC-13:30-CALL CLOSE (HALT) submitted @ +30.00
[2026-09-30T15:01:15-04:00] 2026-09-30-MEIC-14:00-CALL CLOSE (HALT) submitted @ +30.00
[2026-09-30T15:01:48-04:00] 2026-09-30-MEIC-12:00-CALL close REJECTED (Your limit price is significantly away from the current market price. Please adj) — retry 1/3
[2026-09-30T15:01:48-04:00] 2026-09-30-MEIC-12:30-CALL close REJECTED (Your limit price is significantly away from the current market price. Please adj) — retry 1/3
[2026-09-30T15:01:49-04:00] 2026-09-30-MEIC-13:00-CALL close REJECTED (Your limit price is significantly away from the current market price. Please adj) — retry 1/3
[2026-09-30T15:01:49-04:00] 2026-09-30-MEIC-13:30-PUT close REJECTED (Your limit price is significantly away from the current market price. Please adj) — retry 1/3
[2026-09-30T15:01:50-04:00] 2026-09-30-MEIC-13:30-CALL close REJECTED (Your limit price is significantly away from the current market price. Please adj) — retry 1/3
[2026-09-30T15:01:50-04:00] 2026-09-30-MEIC-14:00-CALL close REJECTED (Your limit price is significantly away from the current market price. Please adj) — retry 1/3
[2026-09-30T15:01:51-04:00] 2026-09-30-MEIC-12:00-CALL CLOSE (HALT) submitted @ +30.00
[2026-09-30T15:01:51-04:00] 2026-09-30-MEIC-12:30-CALL CLOSE (HALT) submitted @ +30.00
[2026-09-30T15:01:52-04:00] 2026-09-30-MEIC-13:00-CALL CLOSE (HALT) submitted @ +30.00
[2026-09-30T15:01:52-04:00] 2026-09-30-MEIC-13:30-PUT CLOSE (HALT) submitted @ +30.00
[2026-09-30T15:01:53-04:00] 2026-09-30-MEIC-13:30-CALL CLOSE (HALT) submitted @ +30.00
[2026-09-30T15:01:53-04:00] 2026-09-30-MEIC-14:00-CALL CLOSE (HALT) submitted @ +30.00
[2026-09-30T15:02:26-04:00] 2026-09-30-MEIC-12:00-CALL close REJECTED (Your limit price is significantly away from the current market price. Please adj) — retry 1/3
[2026-09-30T15:02:27-04:00] 2026-09-30-MEIC-12:30-CALL close REJECTED (Your limit price is significantly away from the current market price. Please adj) — retry 1/3
[2026-09-30T15:02:27-04:00] 2026-09-30-MEIC-13:00-CALL close REJECTED (Your limit price is significantly away from the current market price. Please adj) — retry 1/3
[2026-09-30T15:02:27-04:00] 2026-09-30-MEIC-13:30-PUT close REJECTED (Your limit price is significantly away from the current market price. Please adj) — retry 1/3
[2026-09-30T15:02:28-04:00] 2026-09-30-MEIC-13:30-CALL close REJECTED (Your limit price is significantly away from the current market price. Please adj) — retry 1/3
[2026-09-30T15:02:28-04:00] 2026-09-30-MEIC-14:00-CALL close REJECTED (Your limit price is significantly away from the current market price. Please adj) — retry 1/3
[2026-09-30T15:02:29-04:00] 2026-09-30-MEIC-12:00-CALL CLOSE (HALT) submitted @ +30.00
[2026-09-30T15:02:30-04:00] 2026-09-30-MEIC-12:30-CALL CLOSE (HALT) submitted @ +30.00
[2026-09-30T15:02:30-04:00] 2026-09-30-MEIC-13:00-CALL CLOSE (HALT) submitted @ +30.00
[2026-09-30T15:02:31-04:00] 2026-09-30-MEIC-13:30-PUT CLOSE (HALT) submitted @ +30.00
[2026-09-30T15:02:31-04:00] 2026-09-30-MEIC-13:30-CALL CLOSE (HALT) submitted @ +30.00
[2026-09-30T15:02:32-04:00] 2026-09-30-MEIC-14:00-CALL CLOSE (HALT) submitted @ +30.00
[2026-09-30T15:03:04-04:00] 2026-09-30-MEIC-12:00-CALL close REJECTED (Your limit price is significantly away from the current market price. Please adj) — retry 1/3
[2026-09-30T15:03:05-04:00] 2026-09-30-MEIC-12:30-CALL close REJECTED (Your limit price is significantly away from the current market price. Please adj) — retry 1/3
[2026-09-30T15:03:05-04:00] 2026-09-30-MEIC-13:00-CALL close REJECTED (Your limit price is significantly away from the current market price. Please adj) — retry 1/3
[2026-09-30T15:03:06-04:00] 2026-09-30-MEIC-13:30-PUT close REJECTED (Your limit price is significantly away from the current market price. Please adj) — retry 1/3
[2026-09-30T15:03:06-04:00] 2026-09-30-MEIC-13:30-CALL close REJECTED (Your limit price is significantly away from the current market price. Please adj) — retry 1/3
[2026-09-30T15:03:07-04:00] 2026-09-30-MEIC-14:00-CALL close REJECTED (Your limit price is significantly away from the current market price. Please adj) — retry 1/3
[2026-09-30T15:03:07-04:00] 2026-09-30-MEIC-12:00-CALL CLOSE (HALT) submitted @ +30.00
[2026-09-30T15:03:08-04:00] 2026-09-30-MEIC-12:30-CALL CLOSE (HALT) submitted @ +30.00
[2026-09-30T15:03:08-04:00] 2026-09-30-MEIC-13:00-CALL CLOSE (HALT) submitted @ +30.00
[2026-09-30T15:03:09-04:00] 2026-09-30-MEIC-13:30-PUT CLOSE (HALT) submitted @ +30.00
[2026-09-30T15:03:10-04:00] 2026-09-30-MEIC-13:30-CALL CLOSE (HALT) submitted @ +30.00
[2026-09-30T15:03:10-04:00] 2026-09-30-MEIC-14:00-CALL CLOSE (HALT) submitted @ +30.00
[2026-09-30T15:03:43-04:00] 2026-09-30-MEIC-12:00-CALL close REJECTED (Your limit price is significantly away from the current market price. Please adj) — retry 1/3
[2026-09-30T15:03:43-04:00] 2026-09-30-MEIC-12:30-CALL close REJECTED (Your limit price is significantly away from the current market price. Please adj) — retry 1/3
[2026-09-30T15:03:44-04:00] 2026-09-30-MEIC-13:00-CALL close REJECTED (Your limit price is significantly away from the current market price. Please adj) — retry 1/3
[2026-09-30T15:03:44-04:00] 2026-09-30-MEIC-13:30-PUT close REJECTED (Your limit price is significantly away from the current market price. Please adj) — retry 1/3
[2026-09-30T15:03:45-04:00] 2026-09-30-MEIC-13:30-CALL close REJECTED (Your limit price is significantly away from the current market price. Please adj) — retry 1/3
[2026-09-30T15:03:45-04:00] 2026-09-30-MEIC-14:00-CALL close REJECTED (Your limit price is significantly away from the current market price. Please adj) — retry 1/3
[2026-09-30T15:03:46-04:00] 2026-09-30-MEIC-12:00-CALL CLOSE (HALT) submitted @ +30.00
[2026-09-30T15:03:46-04:00] 2026-09-30-MEIC-12:30-CALL CLOSE (HALT) submitted @ +30.00
[2026-09-30T15:03:47-04:00] 2026-09-30-MEIC-13:00-CALL CLOSE (HALT) submitted @ +30.00
[2026-09-30T15:03:47-04:00] 2026-09-30-MEIC-13:30-PUT CLOSE (HALT) submitted @ +30.00
[2026-09-30T15:03:48-04:00] 2026-09-30-MEIC-13:30-CALL CLOSE (HALT) submitted @ +30.00
[2026-09-30T15:03:48-04:00] 2026-09-30-MEIC-14:00-CALL CLOSE (HALT) submitted @ +30.00
[2026-09-30T15:04:21-04:00] 2026-09-30-MEIC-12:00-CALL close REJECTED (Your limit price is significantly away from the current market price. Please adj) — retry 1/3
[2026-09-30T15:04:21-04:00] 2026-09-30-MEIC-12:30-CALL close REJECTED (Your limit price is significantly away from the current market price. Please adj) — retry 1/3
[2026-09-30T15:04:22-04:00] 2026-09-30-MEIC-13:00-CALL close REJECTED (Your limit price is significantly away from the current market price. Please adj) — retry 1/3
[2026-09-30T15:04:22-04:00] 2026-09-30-MEIC-13:30-PUT close REJECTED (Your limit price is significantly away from the current market price. Please adj) — retry 1/3
[2026-09-30T15:04:22-04:00] 2026-09-30-MEIC-13:30-CALL close REJECTED (Your limit price is significantly away from the current market price. Please adj) — retry 1/3
[2026-09-30T15:04:23-04:00] 2026-09-30-MEIC-14:00-CALL close REJECTED (Your limit price is significantly away from the current market price. Please adj) — retry 1/3
[2026-09-30T15:04:24-04:00] 2026-09-30-MEIC-12:00-CALL CLOSE (HALT) submitted @ +30.00
[2026-09-30T15:04:24-04:00] 2026-09-30-MEIC-12:30-CALL CLOSE (HALT) submitted @ +30.00
[2026-09-30T15:04:25-04:00] 2026-09-30-MEIC-13:00-CALL CLOSE (HALT) submitted @ +30.00
[2026-09-30T15:04:26-04:00] 2026-09-30-MEIC-13:30-PUT CLOSE (HALT) submitted @ +30.00
[2026-09-30T15:04:26-04:00] 2026-09-30-MEIC-13:30-CALL CLOSE (HALT) submitted @ +30.00
[2026-09-30T15:04:27-04:00] 2026-09-30-MEIC-14:00-CALL CLOSE (HALT) submitted @ +30.00
[2026-09-30T15:04:59-04:00] 2026-09-30-MEIC-12:00-CALL close REJECTED (Your limit price is significantly away from the current market price. Please adj) — retry 1/3
[2026-09-30T15:05:00-04:00] 2026-09-30-MEIC-12:30-CALL close REJECTED (Your limit price is significantly away from the current market price. Please adj) — retry 1/3
[2026-09-30T15:05:00-04:00] 2026-09-30-MEIC-13:00-CALL close REJECTED (Your limit price is significantly away from the current market price. Please adj) — retry 1/3
[2026-09-30T15:05:01-04:00] 2026-09-30-MEIC-13:30-PUT close REJECTED (Your limit price is significantly away from the current market price. Please adj) — retry 1/3
[2026-09-30T15:05:01-04:00] 2026-09-30-MEIC-13:30-CALL close REJECTED (Your limit price is significantly away from the current market price. Please adj) — retry 1/3
[2026-09-30T15:05:02-04:00] 2026-09-30-MEIC-14:00-CALL close REJECTED (Your limit price is significantly away from the current market price. Please adj) — retry 1/3
[2026-09-30T15:05:03-04:00] 2026-09-30-MEIC-12:00-CALL CLOSE (HALT) submitted @ +30.00
[2026-09-30T15:05:03-04:00] 2026-09-30-MEIC-12:30-CALL CLOSE (HALT) submitted @ +30.00
[2026-09-30T15:05:04-04:00] 2026-09-30-MEIC-13:00-CALL CLOSE (HALT) submitted @ +30.00
[2026-09-30T15:05:04-04:00] 2026-09-30-MEIC-13:30-PUT CLOSE (HALT) submitted @ +30.00
[2026-09-30T15:05:05-04:00] 2026-09-30-MEIC-13:30-CALL CLOSE (HALT) submitted @ +30.00
[2026-09-30T15:05:05-04:00] 2026-09-30-MEIC-14:00-CALL CLOSE (HALT) submitted @ +30.00
[2026-09-30T15:05:38-04:00] 2026-09-30-MEIC-12:00-CALL close REJECTED (Your limit price is significantly away from the current market price. Please adj) — retry 1/3
[2026-09-30T15:05:38-04:00] 2026-09-30-MEIC-12:30-CALL close REJECTED (Your limit price is significantly away from the current market price. Please adj) — retry 1/3
[2026-09-30T15:05:39-04:00] 2026-09-30-MEIC-13:00-CALL close REJECTED (Your limit price is significantly away from the current market price. Please adj) — retry 1/3
[2026-09-30T15:05:39-04:00] 2026-09-30-MEIC-13:30-PUT close REJECTED (Your limit price is significantly away from the current market price. Please adj) — retry 1/3
[2026-09-30T15:05:39-04:00] 2026-09-30-MEIC-13:30-CALL close REJECTED (Your limit price is significantly away from the current market price. Please adj) — retry 1/3
[2026-09-30T15:05:40-04:00] 2026-09-30-MEIC-14:00-CALL close REJECTED (Your limit price is significantly away from the current market price. Please adj) — retry 1/3
[2026-09-30T15:05:40-04:00] 2026-09-30-MEIC-12:00-CALL CLOSE (HALT) submitted @ +30.00
[2026-09-30T15:05:41-04:00] 2026-09-30-MEIC-12:30-CALL CLOSE (HALT) submitted @ +30.00
[2026-09-30T15:05:41-04:00] 2026-09-30-MEIC-13:00-CALL CLOSE (HALT) submitted @ +30.00
[2026-09-30T15:05:42-04:00] 2026-09-30-MEIC-13:30-PUT CLOSE (HALT) submitted @ +30.00
[2026-09-30T15:05:42-04:00] 2026-09-30-MEIC-13:30-CALL CLOSE (HALT) submitted @ +30.00
[2026-09-30T15:05:43-04:00] 2026-09-30-MEIC-14:00-CALL CLOSE (HALT) submitted @ +30.00
[2026-09-30T15:06:15-04:00] 2026-09-30-MEIC-12:00-CALL close REJECTED (Your limit price is significantly away from the current market price. Please adj) — retry 1/3
[2026-09-30T15:06:16-04:00] 2026-09-30-MEIC-12:30-CALL close REJECTED (Your limit price is significantly away from the current market price. Please adj) — retry 1/3
[2026-09-30T15:06:16-04:00] 2026-09-30-MEIC-13:00-CALL close REJECTED (Your limit price is significantly away from the current market price. Please adj) — retry 1/3
[2026-09-30T15:06:16-04:00] 2026-09-30-MEIC-13:30-PUT close REJECTED (Your limit price is significantly away from the current market price. Please adj) — retry 1/3
[2026-09-30T15:06:17-04:00] 2026-09-30-MEIC-13:30-CALL close REJECTED (Your limit price is significantly away from the current market price. Please adj) — retry 1/3
[2026-09-30T15:06:17-04:00] 2026-09-30-MEIC-14:00-CALL close REJECTED (Your limit price is significantly away from the current market price. Please adj) — retry 1/3
[2026-09-30T15:06:18-04:00] 2026-09-30-MEIC-12:00-CALL CLOSE (HALT) submitted @ +30.00
[2026-09-30T15:06:18-04:00] 2026-09-30-MEIC-12:30-CALL CLOSE (HALT) submitted @ +30.00
[2026-09-30T15:06:19-04:00] 2026-09-30-MEIC-13:00-CALL CLOSE (HALT) submitted @ +30.00
[2026-09-30T15:06:20-04:00] 2026-09-30-MEIC-13:30-PUT CLOSE (HALT) submitted @ +30.00
[2026-09-30T15:06:20-04:00] 2026-09-30-MEIC-13:30-CALL CLOSE (HALT) submitted @ +30.00
[2026-09-30T15:06:21-04:00] 2026-09-30-MEIC-14:00-CALL CLOSE (HALT) submitted @ +30.00
[2026-09-30T15:06:53-04:00] 2026-09-30-MEIC-12:00-CALL close REJECTED (Your limit price is significantly away from the current market price. Please adj) — retry 1/3
[2026-09-30T15:06:53-04:00] 2026-09-30-MEIC-12:30-CALL close REJECTED (Your limit price is significantly away from the current market price. Please adj) — retry 1/3
[2026-09-30T15:06:54-04:00] 2026-09-30-MEIC-13:00-CALL close REJECTED (Your limit price is significantly away from the current market price. Please adj) — retry 1/3
[2026-09-30T15:06:54-04:00] 2026-09-30-MEIC-13:30-PUT close REJECTED (Your limit price is significantly away from the current market price. Please adj) — retry 1/3
[2026-09-30T15:06:55-04:00] 2026-09-30-MEIC-13:30-CALL close REJECTED (Your limit price is significantly away from the current market price. Please adj) — retry 1/3
[2026-09-30T15:06:55-04:00] 2026-09-30-MEIC-14:00-CALL close REJECTED (Your limit price is significantly away from the current market price. Please adj) — retry 1/3
[2026-09-30T15:06:56-04:00] 2026-09-30-MEIC-12:00-CALL CLOSE (HALT) submitted @ +30.00
[2026-09-30T15:06:57-04:00] 2026-09-30-MEIC-12:30-CALL CLOSE (HALT) submitted @ +30.00
[2026-09-30T15:06:57-04:00] 2026-09-30-MEIC-13:00-CALL CLOSE (HALT) submitted @ +30.00
[2026-09-30T15:06:57-04:00] 2026-09-30-MEIC-13:30-PUT CLOSE (HALT) submitted @ +30.00
[2026-09-30T15:06:58-04:00] 2026-09-30-MEIC-13:30-CALL CLOSE (HALT) submitted @ +30.00
[2026-09-30T15:06:59-04:00] 2026-09-30-MEIC-14:00-CALL CLOSE (HALT) submitted @ +30.00
[2026-09-30T15:07:31-04:00] 2026-09-30-MEIC-12:00-CALL close REJECTED (Your limit price is significantly away from the current market price. Please adj) — retry 1/3
[2026-09-30T15:07:31-04:00] 2026-09-30-MEIC-12:30-CALL close REJECTED (Your limit price is significantly away from the current market price. Please adj) — retry 1/3
[2026-09-30T15:07:32-04:00] 2026-09-30-MEIC-13:00-CALL close REJECTED (Your limit price is significantly away from the current market price. Please adj) — retry 1/3
[2026-09-30T15:07:33-04:00] 2026-09-30-MEIC-13:30-PUT close REJECTED (Your limit price is significantly away from the current market price. Please adj) — retry 1/3
[2026-09-30T15:07:33-04:00] 2026-09-30-MEIC-13:30-CALL close REJECTED (Your limit price is significantly away from the current market price. Please adj) — retry 1/3
[2026-09-30T15:07:34-04:00] 2026-09-30-MEIC-14:00-CALL close REJECTED (Your limit price is significantly away from the current market price. Please adj) — retry 1/3
[2026-09-30T15:07:34-04:00] 2026-09-30-MEIC-12:00-CALL CLOSE (HALT) submitted @ +30.00
[2026-09-30T15:07:35-04:00] 2026-09-30-MEIC-12:30-CALL CLOSE (HALT) submitted @ +30.00
[2026-09-30T15:07:35-04:00] 2026-09-30-MEIC-13:00-CALL CLOSE (HALT) submitted @ +30.00
[2026-09-30T15:07:36-04:00] 2026-09-30-MEIC-13:30-PUT CLOSE (HALT) submitted @ +30.00
[2026-09-30T15:07:36-04:00] 2026-09-30-MEIC-13:30-CALL CLOSE (HALT) submitted @ +30.00
[2026-09-30T15:07:37-04:00] 2026-09-30-MEIC-14:00-CALL CLOSE (HALT) submitted @ +30.00
[2026-09-30T15:08:09-04:00] 2026-09-30-MEIC-12:00-CALL close REJECTED (Your limit price is significantly away from the current market price. Please adj) — retry 1/3
[2026-09-30T15:08:10-04:00] 2026-09-30-MEIC-12:30-CALL close REJECTED (Your limit price is significantly away from the current market price. Please adj) — retry 1/3
[2026-09-30T15:08:10-04:00] 2026-09-30-MEIC-13:00-CALL close REJECTED (Your limit price is significantly away from the current market price. Please adj) — retry 1/3
[2026-09-30T15:08:11-04:00] 2026-09-30-MEIC-13:30-PUT close REJECTED (Your limit price is significantly away from the current market price. Please adj) — retry 1/3
[2026-09-30T15:08:11-04:00] 2026-09-30-MEIC-13:30-CALL close REJECTED (Your limit price is significantly away from the current market price. Please adj) — retry 1/3
[2026-09-30T15:08:11-04:00] 2026-09-30-MEIC-14:00-CALL close REJECTED (Your limit price is significantly away from the current market price. Please adj) — retry 1/3
[2026-09-30T15:08:12-04:00] 2026-09-30-MEIC-12:00-CALL CLOSE (HALT) submitted @ +30.00
[2026-09-30T15:08:13-04:00] 2026-09-30-MEIC-12:30-CALL CLOSE (HALT) submitted @ +30.00
[2026-09-30T15:08:13-04:00] 2026-09-30-MEIC-13:00-CALL CLOSE (HALT) submitted @ +30.00
[2026-09-30T15:08:14-04:00] 2026-09-30-MEIC-13:30-PUT CLOSE (HALT) submitted @ +30.00
[2026-09-30T15:08:15-04:00] 2026-09-30-MEIC-13:30-CALL CLOSE (HALT) submitted @ +30.00
[2026-09-30T15:08:15-04:00] 2026-09-30-MEIC-14:00-CALL CLOSE (HALT) submitted @ +30.00
[2026-09-30T15:08:47-04:00] 2026-09-30-MEIC-12:00-CALL close REJECTED (Your limit price is significantly away from the current market price. Please adj) — retry 1/3
[2026-09-30T15:08:48-04:00] 2026-09-30-MEIC-12:30-CALL close REJECTED (Your limit price is significantly away from the current market price. Please adj) — retry 1/3
[2026-09-30T15:08:48-04:00] 2026-09-30-MEIC-13:00-CALL close REJECTED (Your limit price is significantly away from the current market price. Please adj) — retry 1/3
[2026-09-30T15:08:49-04:00] 2026-09-30-MEIC-13:30-PUT close REJECTED (Your limit price is significantly away from the current market price. Please adj) — retry 1/3
[2026-09-30T15:08:49-04:00] 2026-09-30-MEIC-13:30-CALL close REJECTED (Your limit price is significantly away from the current market price. Please adj) — retry 1/3
[2026-09-30T15:08:50-04:00] 2026-09-30-MEIC-14:00-CALL close REJECTED (Your limit price is significantly away from the current market price. Please adj) — retry 1/3
[2026-09-30T15:08:50-04:00] 2026-09-30-MEIC-12:00-CALL CLOSE (HALT) submitted @ +30.00
[2026-09-30T15:08:51-04:00] 2026-09-30-MEIC-12:30-CALL CLOSE (HALT) submitted @ +30.00
[2026-09-30T15:08:51-04:00] 2026-09-30-MEIC-13:00-CALL CLOSE (HALT) submitted @ +30.00
[2026-09-30T15:08:52-04:00] 2026-09-30-MEIC-13:30-PUT CLOSE (HALT) submitted @ +30.00
[2026-09-30T15:08:52-04:00] 2026-09-30-MEIC-13:30-CALL CLOSE (HALT) submitted @ +30.00
[2026-09-30T15:08:53-04:00] 2026-09-30-MEIC-14:00-CALL CLOSE (HALT) submitted @ +30.00
[2026-09-30T15:09:25-04:00] 2026-09-30-MEIC-12:00-CALL close REJECTED (Your limit price is significantly away from the current market price. Please adj) — retry 1/3
[2026-09-30T15:09:25-04:00] 2026-09-30-MEIC-12:30-CALL close REJECTED (Your limit price is significantly away from the current market price. Please adj) — retry 1/3
[2026-09-30T15:09:26-04:00] 2026-09-30-MEIC-13:00-CALL close REJECTED (Your limit price is significantly away from the current market price. Please adj) — retry 1/3
[2026-09-30T15:09:26-04:00] 2026-09-30-MEIC-13:30-PUT close REJECTED (Your limit price is significantly away from the current market price. Please adj) — retry 1/3
[2026-09-30T15:09:26-04:00] 2026-09-30-MEIC-13:30-CALL close REJECTED (Your limit price is significantly away from the current market price. Please adj) — retry 1/3
[2026-09-30T15:09:27-04:00] 2026-09-30-MEIC-14:00-CALL close REJECTED (Your limit price is significantly away from the current market price. Please adj) — retry 1/3
[2026-09-30T15:09:27-04:00] 2026-09-30-MEIC-12:00-CALL CLOSE (HALT) submitted @ +30.00
[2026-09-30T15:09:28-04:00] 2026-09-30-MEIC-12:30-CALL CLOSE (HALT) submitted @ +30.00
[2026-09-30T15:09:29-04:00] 2026-09-30-MEIC-13:00-CALL CLOSE (HALT) submitted @ +30.00
[2026-09-30T15:09:29-04:00] 2026-09-30-MEIC-13:30-PUT CLOSE (HALT) submitted @ +30.00
[2026-09-30T15:09:30-04:00] 2026-09-30-MEIC-13:30-CALL CLOSE (HALT) submitted @ +30.00
[2026-09-30T15:09:30-04:00] 2026-09-30-MEIC-14:00-CALL CLOSE (HALT) submitted @ +30.00
[2026-09-30T15:10:03-04:00] 2026-09-30-MEIC-12:00-CALL close REJECTED (Your limit price is significantly away from the current market price. Please adj) — retry 1/3
[2026-09-30T15:10:04-04:00] 2026-09-30-MEIC-12:30-CALL close REJECTED (Your limit price is significantly away from the current market price. Please adj) — retry 1/3
[2026-09-30T15:10:04-04:00] 2026-09-30-MEIC-13:00-CALL close REJECTED (Your limit price is significantly away from the current market price. Please adj) — retry 1/3
[2026-09-30T15:10:05-04:00] 2026-09-30-MEIC-13:30-PUT close REJECTED (Your limit price is significantly away from the current market price. Please adj) — retry 1/3
[2026-09-30T15:10:05-04:00] 2026-09-30-MEIC-13:30-CALL close REJECTED (Your limit price is significantly away from the current market price. Please adj) — retry 1/3
[2026-09-30T15:10:05-04:00] 2026-09-30-MEIC-14:00-CALL close REJECTED (Your limit price is significantly away from the current market price. Please adj) — retry 1/3
[2026-09-30T15:10:06-04:00] 2026-09-30-MEIC-12:00-CALL CLOSE (HALT) submitted @ +30.00
[2026-09-30T15:10:07-04:00] 2026-09-30-MEIC-12:30-CALL CLOSE (HALT) submitted @ +30.00
[2026-09-30T15:10:07-04:00] 2026-09-30-MEIC-13:00-CALL CLOSE (HALT) submitted @ +30.00
[2026-09-30T15:10:08-04:00] 2026-09-30-MEIC-13:30-PUT CLOSE (HALT) submitted @ +30.00
[2026-09-30T15:10:09-04:00] 2026-09-30-MEIC-13:30-CALL CLOSE (HALT) submitted @ +30.00
[2026-09-30T15:10:09-04:00] 2026-09-30-MEIC-14:00-CALL CLOSE (HALT) submitted @ +30.00
[2026-09-30T15:10:42-04:00] 2026-09-30-MEIC-12:00-CALL close REJECTED (Your limit price is significantly away from the current market price. Please adj) — retry 1/3
[2026-09-30T15:10:42-04:00] 2026-09-30-MEIC-12:30-CALL close REJECTED (Your limit price is significantly away from the current market price. Please adj) — retry 1/3
[2026-09-30T15:10:42-04:00] 2026-09-30-MEIC-13:00-CALL close REJECTED (Your limit price is significantly away from the current market price. Please adj) — retry 1/3
[2026-09-30T15:10:43-04:00] 2026-09-30-MEIC-13:30-PUT close REJECTED (Your limit price is significantly away from the current market price. Please adj) — retry 1/3
[2026-09-30T15:10:43-04:00] 2026-09-30-MEIC-13:30-CALL close REJECTED (Your limit price is significantly away from the current market price. Please adj) — retry 1/3
[2026-09-30T15:10:44-04:00] 2026-09-30-MEIC-14:00-CALL close REJECTED (Your limit price is significantly away from the current market price. Please adj) — retry 1/3
[2026-09-30T15:10:44-04:00] 2026-09-30-MEIC-12:00-CALL CLOSE (HALT) submitted @ +30.00
[2026-09-30T15:10:45-04:00] 2026-09-30-MEIC-12:30-CALL CLOSE (HALT) submitted @ +30.00
[2026-09-30T15:10:46-04:00] 2026-09-30-MEIC-13:00-CALL CLOSE (HALT) submitted @ +30.00
[2026-09-30T15:10:46-04:00] 2026-09-30-MEIC-13:30-PUT CLOSE (HALT) submitted @ +30.00
[2026-09-30T15:10:47-04:00] 2026-09-30-MEIC-13:30-CALL CLOSE (HALT) submitted @ +30.00
[2026-09-30T15:10:47-04:00] 2026-09-30-MEIC-14:00-CALL CLOSE (HALT) submitted @ +30.00
[2026-09-30T15:11:19-04:00] 2026-09-30-MEIC-12:00-CALL close REJECTED (Your limit price is significantly away from the current market price. Please adj) — retry 1/3
[2026-09-30T15:11:20-04:00] 2026-09-30-MEIC-12:30-CALL close REJECTED (Your limit price is significantly away from the current market price. Please adj) — retry 1/3
[2026-09-30T15:11:20-04:00] 2026-09-30-MEIC-13:00-CALL close REJECTED (Your limit price is significantly away from the current market price. Please adj) — retry 1/3
[2026-09-30T15:11:21-04:00] 2026-09-30-MEIC-13:30-PUT close REJECTED (Your limit price is significantly away from the current market price. Please adj) — retry 1/3
[2026-09-30T15:11:21-04:00] 2026-09-30-MEIC-13:30-CALL close REJECTED (Your limit price is significantly away from the current market price. Please adj) — retry 1/3
[2026-09-30T15:11:21-04:00] 2026-09-30-MEIC-14:00-CALL close REJECTED (Your limit price is significantly away from the current market price. Please adj) — retry 1/3
[2026-09-30T15:11:22-04:00] 2026-09-30-MEIC-12:00-CALL CLOSE (HALT) submitted @ +30.00
[2026-09-30T15:11:23-04:00] 2026-09-30-MEIC-12:30-CALL CLOSE (HALT) submitted @ +30.00
[2026-09-30T15:11:23-04:00] 2026-09-30-MEIC-13:00-CALL CLOSE (HALT) submitted @ +30.00
[2026-09-30T15:11:24-04:00] 2026-09-30-MEIC-13:30-PUT CLOSE (HALT) submitted @ +30.00
[2026-09-30T15:11:24-04:00] 2026-09-30-MEIC-13:30-CALL CLOSE (HALT) submitted @ +30.00
[2026-09-30T15:11:25-04:00] 2026-09-30-MEIC-14:00-CALL CLOSE (HALT) submitted @ +30.00
[2026-09-30T15:11:57-04:00] 2026-09-30-MEIC-12:00-CALL close REJECTED (Your limit price is significantly away from the current market price. Please adj) — retry 1/3
[2026-09-30T15:11:57-04:00] 2026-09-30-MEIC-12:30-CALL close REJECTED (Your limit price is significantly away from the current market price. Please adj) — retry 1/3
[2026-09-30T15:11:58-04:00] 2026-09-30-MEIC-13:00-CALL close REJECTED (Your limit price is significantly away from the current market price. Please adj) — retry 1/3
[2026-09-30T15:11:58-04:00] 2026-09-30-MEIC-13:30-PUT close REJECTED (Your limit price is significantly away from the current market price. Please adj) — retry 1/3
[2026-09-30T15:11:59-04:00] 2026-09-30-MEIC-13:30-CALL close REJECTED (Your limit price is significantly away from the current market price. Please adj) — retry 1/3
[2026-09-30T15:11:59-04:00] 2026-09-30-MEIC-14:00-CALL close REJECTED (Your limit price is significantly away from the current market price. Please adj) — retry 1/3
[2026-09-30T15:12:00-04:00] 2026-09-30-MEIC-12:00-CALL CLOSE (HALT) submitted @ +30.00
[2026-09-30T15:12:01-04:00] 2026-09-30-MEIC-12:30-CALL CLOSE (HALT) submitted @ +30.00
[2026-09-30T15:12:01-04:00] 2026-09-30-MEIC-13:00-CALL CLOSE (HALT) submitted @ +30.00
[2026-09-30T15:12:02-04:00] 2026-09-30-MEIC-13:30-PUT CLOSE (HALT) submitted @ +30.00
[2026-09-30T15:12:02-04:00] 2026-09-30-MEIC-13:30-CALL CLOSE (HALT) submitted @ +30.00
[2026-09-30T15:12:03-04:00] 2026-09-30-MEIC-14:00-CALL CLOSE (HALT) submitted @ +30.00
[2026-09-30T15:12:35-04:00] 2026-09-30-MEIC-12:00-CALL close REJECTED (Your limit price is significantly away from the current market price. Please adj) — retry 1/3
[2026-09-30T15:12:36-04:00] 2026-09-30-MEIC-12:30-CALL close REJECTED (Your limit price is significantly away from the current market price. Please adj) — retry 1/3
[2026-09-30T15:12:36-04:00] 2026-09-30-MEIC-13:00-CALL close REJECTED (Your limit price is significantly away from the current market price. Please adj) — retry 1/3
[2026-09-30T15:12:37-04:00] 2026-09-30-MEIC-13:30-PUT close REJECTED (Your limit price is significantly away from the current market price. Please adj) — retry 1/3
[2026-09-30T15:12:37-04:00] 2026-09-30-MEIC-13:30-CALL close REJECTED (Your limit price is significantly away from the current market price. Please adj) — retry 1/3
[2026-09-30T15:12:38-04:00] 2026-09-30-MEIC-14:00-CALL close REJECTED (Your limit price is significantly away from the current market price. Please adj) — retry 1/3
[2026-09-30T15:12:38-04:00] 2026-09-30-MEIC-12:00-CALL CLOSE (HALT) submitted @ +30.00
[2026-09-30T15:12:39-04:00] 2026-09-30-MEIC-12:30-CALL CLOSE (HALT) submitted @ +30.00
[2026-09-30T15:12:39-04:00] 2026-09-30-MEIC-13:00-CALL CLOSE (HALT) submitted @ +30.00
[2026-09-30T15:12:40-04:00] 2026-09-30-MEIC-13:30-PUT CLOSE (HALT) submitted @ +30.00
[2026-09-30T15:12:40-04:00] 2026-09-30-MEIC-13:30-CALL CLOSE (HALT) submitted @ +30.00
[2026-09-30T15:12:41-04:00] 2026-09-30-MEIC-14:00-CALL CLOSE (HALT) submitted @ +30.00
[2026-09-30T15:13:14-04:00] 2026-09-30-MEIC-12:00-CALL close REJECTED (Your limit price is significantly away from the current market price. Please adj) — retry 1/3
[2026-09-30T15:13:14-04:00] 2026-09-30-MEIC-12:30-CALL close REJECTED (Your limit price is significantly away from the current market price. Please adj) — retry 1/3
[2026-09-30T15:13:15-04:00] 2026-09-30-MEIC-13:00-CALL close REJECTED (Your limit price is significantly away from the current market price. Please adj) — retry 1/3
[2026-09-30T15:13:15-04:00] 2026-09-30-MEIC-13:30-PUT close REJECTED (Your limit price is significantly away from the current market price. Please adj) — retry 1/3
[2026-09-30T15:13:16-04:00] 2026-09-30-MEIC-13:30-CALL close REJECTED (Your limit price is significantly away from the current market price. Please adj) — retry 1/3
[2026-09-30T15:13:16-04:00] 2026-09-30-MEIC-14:00-CALL close REJECTED (Your limit price is significantly away from the current market price. Please adj) — retry 1/3
[2026-09-30T15:13:17-04:00] 2026-09-30-MEIC-12:00-CALL CLOSE (HALT) submitted @ +30.00
[2026-09-30T15:13:17-04:00] 2026-09-30-MEIC-12:30-CALL CLOSE (HALT) submitted @ +30.00
[2026-09-30T15:13:18-04:00] 2026-09-30-MEIC-13:00-CALL CLOSE (HALT) submitted @ +30.00
[2026-09-30T15:13:18-04:00] 2026-09-30-MEIC-13:30-PUT CLOSE (HALT) submitted @ +30.00
[2026-09-30T15:13:19-04:00] 2026-09-30-MEIC-13:30-CALL CLOSE (HALT) submitted @ +30.00
[2026-09-30T15:13:19-04:00] 2026-09-30-MEIC-14:00-CALL CLOSE (HALT) submitted @ +30.00
[2026-09-30T15:13:52-04:00] 2026-09-30-MEIC-12:00-CALL close REJECTED (Your limit price is significantly away from the current market price. Please adj) — retry 1/3
[2026-09-30T15:13:52-04:00] 2026-09-30-MEIC-12:30-CALL close REJECTED (Your limit price is significantly away from the current market price. Please adj) — retry 1/3
[2026-09-30T15:13:52-04:00] 2026-09-30-MEIC-13:00-CALL close REJECTED (Your limit price is significantly away from the current market price. Please adj) — retry 1/3
[2026-09-30T15:13:53-04:00] 2026-09-30-MEIC-13:30-PUT close REJECTED (Your limit price is significantly away from the current market price. Please adj) — retry 1/3
[2026-09-30T15:13:53-04:00] 2026-09-30-MEIC-13:30-CALL close REJECTED (Your limit price is significantly away from the current market price. Please adj) — retry 1/3
[2026-09-30T15:13:54-04:00] 2026-09-30-MEIC-14:00-CALL close REJECTED (Your limit price is significantly away from the current market price. Please adj) — retry 1/3
[2026-09-30T15:13:54-04:00] 2026-09-30-MEIC-12:00-CALL CLOSE (HALT) submitted @ +30.00
[2026-09-30T15:13:55-04:00] 2026-09-30-MEIC-12:30-CALL CLOSE (HALT) submitted @ +30.00
[2026-09-30T15:13:55-04:00] 2026-09-30-MEIC-13:00-CALL CLOSE (HALT) submitted @ +30.00
[2026-09-30T15:13:56-04:00] 2026-09-30-MEIC-13:30-PUT CLOSE (HALT) submitted @ +30.00
[2026-09-30T15:13:56-04:00] 2026-09-30-MEIC-13:30-CALL CLOSE (HALT) submitted @ +30.00
[2026-09-30T15:13:57-04:00] 2026-09-30-MEIC-14:00-CALL CLOSE (HALT) submitted @ +30.00
[2026-09-30T15:14:29-04:00] 2026-09-30-MEIC-12:00-CALL close REJECTED (Your limit price is significantly away from the current market price. Please adj) — retry 1/3
[2026-09-30T15:14:30-04:00] 2026-09-30-MEIC-12:30-CALL close REJECTED (Your limit price is significantly away from the current market price. Please adj) — retry 1/3
[2026-09-30T15:14:30-04:00] 2026-09-30-MEIC-13:00-CALL close REJECTED (Your limit price is significantly away from the current market price. Please adj) — retry 1/3
[2026-09-30T15:14:31-04:00] 2026-09-30-MEIC-13:30-PUT close REJECTED (Your limit price is significantly away from the current market price. Please adj) — retry 1/3
[2026-09-30T15:14:31-04:00] 2026-09-30-MEIC-13:30-CALL close REJECTED (Your limit price is significantly away from the current market price. Please adj) — retry 1/3
[2026-09-30T15:14:32-04:00] 2026-09-30-MEIC-14:00-CALL close REJECTED (Your limit price is significantly away from the current market price. Please adj) — retry 1/3
[2026-09-30T15:14:32-04:00] 2026-09-30-MEIC-12:00-CALL CLOSE (HALT) submitted @ +30.00
[2026-09-30T15:14:33-04:00] 2026-09-30-MEIC-12:30-CALL CLOSE (HALT) submitted @ +30.00
[2026-09-30T15:14:33-04:00] 2026-09-30-MEIC-13:00-CALL CLOSE (HALT) submitted @ +30.00
[2026-09-30T15:14:34-04:00] 2026-09-30-MEIC-13:30-PUT CLOSE (HALT) submitted @ +30.00
[2026-09-30T15:14:34-04:00] 2026-09-30-MEIC-13:30-CALL CLOSE (HALT) submitted @ +30.00
[2026-09-30T15:14:35-04:00] 2026-09-30-MEIC-14:00-CALL CLOSE (HALT) submitted @ +30.00
[2026-09-30T15:15:07-04:00] 2026-09-30-MEIC-12:00-CALL close REJECTED (Your limit price is significantly away from the current market price. Please adj) — retry 1/3
[2026-09-30T15:15:07-04:00] 2026-09-30-MEIC-12:30-CALL close REJECTED (Your limit price is significantly away from the current market price. Please adj) — retry 1/3
[2026-09-30T15:15:08-04:00] 2026-09-30-MEIC-13:00-CALL close REJECTED (Your limit price is significantly away from the current market price. Please adj) — retry 1/3
[2026-09-30T15:15:08-04:00] 2026-09-30-MEIC-13:30-PUT close REJECTED (Your limit price is significantly away from the current market price. Please adj) — retry 1/3
[2026-09-30T15:15:09-04:00] 2026-09-30-MEIC-13:30-CALL close REJECTED (Your limit price is significantly away from the current market price. Please adj) — retry 1/3
[2026-09-30T15:15:09-04:00] 2026-09-30-MEIC-14:00-CALL close REJECTED (Your limit price is significantly away from the current market price. Please adj) — retry 1/3
[2026-09-30T15:15:10-04:00] 2026-09-30-MEIC-12:00-CALL CLOSE (HALT) submitted @ +30.00
[2026-09-30T15:15:10-04:00] 2026-09-30-MEIC-12:30-CALL CLOSE (HALT) submitted @ +30.00
[2026-09-30T15:15:11-04:00] 2026-09-30-MEIC-13:00-CALL CLOSE (HALT) submitted @ +30.00
[2026-09-30T15:15:12-04:00] 2026-09-30-MEIC-13:30-PUT CLOSE (HALT) submitted @ +30.00
[2026-09-30T15:15:12-04:00] 2026-09-30-MEIC-13:30-CALL CLOSE (HALT) submitted @ +30.00
[2026-09-30T15:15:13-04:00] 2026-09-30-MEIC-14:00-CALL CLOSE (HALT) submitted @ +30.00
[2026-09-30T15:15:45-04:00] 2026-09-30-MEIC-12:00-CALL close REJECTED (Your limit price is significantly away from the current market price. Please adj) — retry 1/3
[2026-09-30T15:15:45-04:00] 2026-09-30-MEIC-12:30-CALL close REJECTED (Your limit price is significantly away from the current market price. Please adj) — retry 1/3
[2026-09-30T15:15:45-04:00] 2026-09-30-MEIC-13:00-CALL close REJECTED (Your limit price is significantly away from the current market price. Please adj) — retry 1/3
[2026-09-30T15:15:46-04:00] 2026-09-30-MEIC-13:30-PUT close REJECTED (Your limit price is significantly away from the current market price. Please adj) — retry 1/3
[2026-09-30T15:15:46-04:00] 2026-09-30-MEIC-13:30-CALL close REJECTED (Your limit price is significantly away from the current market price. Please adj) — retry 1/3
[2026-09-30T15:15:47-04:00] 2026-09-30-MEIC-14:00-CALL close REJECTED (Your limit price is significantly away from the current market price. Please adj) — retry 1/3
[2026-09-30T15:15:47-04:00] 2026-09-30-MEIC-12:00-CALL CLOSE (HALT) submitted @ +30.00
[2026-09-30T15:15:48-04:00] 2026-09-30-MEIC-12:30-CALL CLOSE (HALT) submitted @ +30.00
[2026-09-30T15:15:48-04:00] 2026-09-30-MEIC-13:00-CALL CLOSE (HALT) submitted @ +30.00
[2026-09-30T15:15:49-04:00] 2026-09-30-MEIC-13:30-PUT CLOSE (HALT) submitted @ +30.00
[2026-09-30T15:15:49-04:00] 2026-09-30-MEIC-13:30-CALL CLOSE (HALT) submitted @ +30.00
[2026-09-30T15:15:49-04:00] 2026-09-30-MEIC-14:00-CALL CLOSE (HALT) submitted @ +30.00
[2026-09-30T15:16:21-04:00] 2026-09-30-MEIC-12:00-CALL close REJECTED (Your limit price is significantly away from the current market price. Please adj) — retry 1/3
[2026-09-30T15:16:22-04:00] 2026-09-30-MEIC-12:30-CALL close REJECTED (Your limit price is significantly away from the current market price. Please adj) — retry 1/3
[2026-09-30T15:16:22-04:00] 2026-09-30-MEIC-13:00-CALL close REJECTED (Your limit price is significantly away from the current market price. Please adj) — retry 1/3
[2026-09-30T15:16:23-04:00] 2026-09-30-MEIC-13:30-PUT close REJECTED (Your limit price is significantly away from the current market price. Please adj) — retry 1/3
[2026-09-30T15:16:23-04:00] 2026-09-30-MEIC-13:30-CALL close REJECTED (Your limit price is significantly away from the current market price. Please adj) — retry 1/3
[2026-09-30T15:16:24-04:00] 2026-09-30-MEIC-14:00-CALL close REJECTED (Your limit price is significantly away from the current market price. Please adj) — retry 1/3
[2026-09-30T15:16:24-04:00] 2026-09-30-MEIC-12:00-CALL CLOSE (HALT) submitted @ +30.00
[2026-09-30T15:16:24-04:00] 2026-09-30-MEIC-12:30-CALL CLOSE (HALT) submitted @ +30.00
[2026-09-30T15:16:25-04:00] 2026-09-30-MEIC-13:00-CALL CLOSE (HALT) submitted @ +30.00
[2026-09-30T15:16:25-04:00] 2026-09-30-MEIC-13:30-PUT CLOSE (HALT) submitted @ +30.00
[2026-09-30T15:16:26-04:00] 2026-09-30-MEIC-13:30-CALL CLOSE (HALT) submitted @ +30.00
[2026-09-30T15:16:26-04:00] 2026-09-30-MEIC-14:00-CALL CLOSE (HALT) submitted @ +30.00
[2026-09-30T15:16:58-04:00] 2026-09-30-MEIC-12:00-CALL close REJECTED (Your limit price is significantly away from the current market price. Please adj) — retry 1/3
[2026-09-30T15:16:59-04:00] 2026-09-30-MEIC-12:30-CALL close REJECTED (Your limit price is significantly away from the current market price. Please adj) — retry 1/3
[2026-09-30T15:16:59-04:00] 2026-09-30-MEIC-13:00-CALL close REJECTED (Your limit price is significantly away from the current market price. Please adj) — retry 1/3
[2026-09-30T15:17:00-04:00] 2026-09-30-MEIC-13:30-PUT close REJECTED (Your limit price is significantly away from the current market price. Please adj) — retry 1/3
[2026-09-30T15:17:00-04:00] 2026-09-30-MEIC-13:30-CALL close REJECTED (Your limit price is significantly away from the current market price. Please adj) — retry 1/3
[2026-09-30T15:17:01-04:00] 2026-09-30-MEIC-14:00-CALL close REJECTED (Your limit price is significantly away from the current market price. Please adj) — retry 1/3
[2026-09-30T15:17:01-04:00] 2026-09-30-MEIC-12:00-CALL CLOSE (HALT) submitted @ +30.00
[2026-09-30T15:17:02-04:00] 2026-09-30-MEIC-12:30-CALL CLOSE (HALT) submitted @ +30.00
[2026-09-30T15:17:02-04:00] 2026-09-30-MEIC-13:00-CALL CLOSE (HALT) submitted @ +30.00
[2026-09-30T15:17:03-04:00] 2026-09-30-MEIC-13:30-PUT CLOSE (HALT) submitted @ +30.00
[2026-09-30T15:17:03-04:00] 2026-09-30-MEIC-13:30-CALL CLOSE (HALT) submitted @ +30.00
[2026-09-30T15:17:04-04:00] 2026-09-30-MEIC-14:00-CALL CLOSE (HALT) submitted @ +30.00
[2026-09-30T15:17:36-04:00] 2026-09-30-MEIC-12:00-CALL close REJECTED (Your limit price is significantly away from the current market price. Please adj) — retry 1/3
[2026-09-30T15:17:37-04:00] 2026-09-30-MEIC-12:30-CALL close REJECTED (Your limit price is significantly away from the current market price. Please adj) — retry 1/3
[2026-09-30T15:17:37-04:00] 2026-09-30-MEIC-13:00-CALL close REJECTED (Your limit price is significantly away from the current market price. Please adj) — retry 1/3
[2026-09-30T15:17:38-04:00] 2026-09-30-MEIC-13:30-PUT close REJECTED (Your limit price is significantly away from the current market price. Please adj) — retry 1/3
[2026-09-30T15:17:38-04:00] 2026-09-30-MEIC-13:30-CALL close REJECTED (Your limit price is significantly away from the current market price. Please adj) — retry 1/3
[2026-09-30T15:17:39-04:00] 2026-09-30-MEIC-14:00-CALL close REJECTED (Your limit price is significantly away from the current market price. Please adj) — retry 1/3
[2026-09-30T15:17:39-04:00] 2026-09-30-MEIC-12:00-CALL CLOSE (HALT) submitted @ +30.00
[2026-09-30T15:17:39-04:00] 2026-09-30-MEIC-12:30-CALL CLOSE (HALT) submitted @ +30.00
[2026-09-30T15:17:40-04:00] 2026-09-30-MEIC-13:00-CALL CLOSE (HALT) submitted @ +30.00
[2026-09-30T15:17:41-04:00] 2026-09-30-MEIC-13:30-PUT CLOSE (HALT) submitted @ +30.00
[2026-09-30T15:17:41-04:00] 2026-09-30-MEIC-13:30-CALL CLOSE (HALT) submitted @ +30.00
[2026-09-30T15:17:41-04:00] 2026-09-30-MEIC-14:00-CALL CLOSE (HALT) submitted @ +30.00
[2026-09-30T15:18:13-04:00] 2026-09-30-MEIC-12:00-CALL close REJECTED (Your limit price is significantly away from the current market price. Please adj) — retry 1/3
[2026-09-30T15:18:14-04:00] 2026-09-30-MEIC-12:30-CALL close REJECTED (Your limit price is significantly away from the current market price. Please adj) — retry 1/3
[2026-09-30T15:18:14-04:00] 2026-09-30-MEIC-13:00-CALL close REJECTED (Your limit price is significantly away from the current market price. Please adj) — retry 1/3
[2026-09-30T15:18:14-04:00] 2026-09-30-MEIC-13:30-PUT close REJECTED (Your limit price is significantly away from the current market price. Please adj) — retry 1/3
[2026-09-30T15:18:15-04:00] 2026-09-30-MEIC-13:30-CALL close REJECTED (Your limit price is significantly away from the current market price. Please adj) — retry 1/3
[2026-09-30T15:18:15-04:00] 2026-09-30-MEIC-14:00-CALL close REJECTED (Your limit price is significantly away from the current market price. Please adj) — retry 1/3
[2026-09-30T15:18:16-04:00] 2026-09-30-MEIC-12:00-CALL CLOSE (HALT) submitted @ +30.00
[2026-09-30T15:18:16-04:00] 2026-09-30-MEIC-12:30-CALL CLOSE (HALT) submitted @ +30.00
[2026-09-30T15:18:17-04:00] 2026-09-30-MEIC-13:00-CALL CLOSE (HALT) submitted @ +30.00
[2026-09-30T15:18:17-04:00] 2026-09-30-MEIC-13:30-PUT CLOSE (HALT) submitted @ +30.00
[2026-09-30T15:18:18-04:00] 2026-09-30-MEIC-13:30-CALL CLOSE (HALT) submitted @ +30.00
[2026-09-30T15:18:18-04:00] 2026-09-30-MEIC-14:00-CALL CLOSE (HALT) submitted @ +30.00
[2026-09-30T15:18:50-04:00] 2026-09-30-MEIC-12:00-CALL close REJECTED (Your limit price is significantly away from the current market price. Please adj) — retry 1/3
[2026-09-30T15:18:51-04:00] 2026-09-30-MEIC-12:30-CALL close REJECTED (Your limit price is significantly away from the current market price. Please adj) — retry 1/3
[2026-09-30T15:18:51-04:00] 2026-09-30-MEIC-13:00-CALL close REJECTED (Your limit price is significantly away from the current market price. Please adj) — retry 1/3
[2026-09-30T15:18:51-04:00] 2026-09-30-MEIC-13:30-PUT close REJECTED (Your limit price is significantly away from the current market price. Please adj) — retry 1/3
[2026-09-30T15:18:52-04:00] 2026-09-30-MEIC-13:30-CALL close REJECTED (Your limit price is significantly away from the current market price. Please adj) — retry 1/3
[2026-09-30T15:18:52-04:00] 2026-09-30-MEIC-14:00-CALL close REJECTED (Your limit price is significantly away from the current market price. Please adj) — retry 1/3
[2026-09-30T15:18:53-04:00] 2026-09-30-MEIC-12:00-CALL CLOSE (HALT) submitted @ +30.00
[2026-09-30T15:18:53-04:00] 2026-09-30-MEIC-12:30-CALL CLOSE (HALT) submitted @ +30.00
[2026-09-30T15:18:54-04:00] 2026-09-30-MEIC-13:00-CALL CLOSE (HALT) submitted @ +30.00
[2026-09-30T15:18:54-04:00] 2026-09-30-MEIC-13:30-PUT CLOSE (HALT) submitted @ +30.00
[2026-09-30T15:18:55-04:00] 2026-09-30-MEIC-13:30-CALL CLOSE (HALT) submitted @ +30.00
[2026-09-30T15:18:55-04:00] 2026-09-30-MEIC-14:00-CALL CLOSE (HALT) submitted @ +30.00
[2026-09-30T15:19:27-04:00] 2026-09-30-MEIC-12:00-CALL close REJECTED (Your limit price is significantly away from the current market price. Please adj) — retry 1/3
[2026-09-30T15:19:27-04:00] 2026-09-30-MEIC-12:30-CALL close REJECTED (Your limit price is significantly away from the current market price. Please adj) — retry 1/3
[2026-09-30T15:19:28-04:00] 2026-09-30-MEIC-13:00-CALL close REJECTED (Your limit price is significantly away from the current market price. Please adj) — retry 1/3
[2026-09-30T15:19:28-04:00] 2026-09-30-MEIC-13:30-PUT close REJECTED (Your limit price is significantly away from the current market price. Please adj) — retry 1/3
[2026-09-30T15:19:29-04:00] 2026-09-30-MEIC-13:30-CALL close REJECTED (Your limit price is significantly away from the current market price. Please adj) — retry 1/3
[2026-09-30T15:19:29-04:00] 2026-09-30-MEIC-14:00-CALL close REJECTED (Your limit price is significantly away from the current market price. Please adj) — retry 1/3
[2026-09-30T15:19:29-04:00] 2026-09-30-MEIC-12:00-CALL CLOSE (HALT) submitted @ +30.00
[2026-09-30T15:19:30-04:00] 2026-09-30-MEIC-12:30-CALL CLOSE (HALT) submitted @ +30.00
[2026-09-30T15:19:30-04:00] 2026-09-30-MEIC-13:00-CALL CLOSE (HALT) submitted @ +30.00
[2026-09-30T15:19:31-04:00] 2026-09-30-MEIC-13:30-PUT CLOSE (HALT) submitted @ +30.00
[2026-09-30T15:19:31-04:00] 2026-09-30-MEIC-13:30-CALL CLOSE (HALT) submitted @ +30.00
[2026-09-30T15:19:32-04:00] 2026-09-30-MEIC-14:00-CALL CLOSE (HALT) submitted @ +30.00
[2026-09-30T15:20:04-04:00] 2026-09-30-MEIC-12:00-CALL close REJECTED (Your limit price is significantly away from the current market price. Please adj) — retry 1/3
[2026-09-30T15:20:04-04:00] 2026-09-30-MEIC-12:30-CALL close REJECTED (Your limit price is significantly away from the current market price. Please adj) — retry 1/3
[2026-09-30T15:20:05-04:00] 2026-09-30-MEIC-13:00-CALL close REJECTED (Your limit price is significantly away from the current market price. Please adj) — retry 1/3
[2026-09-30T15:20:05-04:00] 2026-09-30-MEIC-13:30-PUT close REJECTED (Your limit price is significantly away from the current market price. Please adj) — retry 1/3
[2026-09-30T15:20:06-04:00] 2026-09-30-MEIC-13:30-CALL close REJECTED (Your limit price is significantly away from the current market price. Please adj) — retry 1/3
[2026-09-30T15:20:06-04:00] 2026-09-30-MEIC-14:00-CALL close REJECTED (Your limit price is significantly away from the current market price. Please adj) — retry 1/3
[2026-09-30T15:20:06-04:00] 2026-09-30-MEIC-12:00-CALL CLOSE (HALT) submitted @ +30.00
[2026-09-30T15:20:07-04:00] 2026-09-30-MEIC-12:30-CALL CLOSE (HALT) submitted @ +30.00
[2026-09-30T15:20:08-04:00] 2026-09-30-MEIC-13:00-CALL CLOSE (HALT) submitted @ +30.00
[2026-09-30T15:20:08-04:00] 2026-09-30-MEIC-13:30-PUT CLOSE (HALT) submitted @ +30.00
[2026-09-30T15:20:09-04:00] 2026-09-30-MEIC-13:30-CALL CLOSE (HALT) submitted @ +30.00
[2026-09-30T15:20:09-04:00] 2026-09-30-MEIC-14:00-CALL CLOSE (HALT) submitted @ +30.00
[2026-09-30T15:20:42-04:00] 2026-09-30-MEIC-12:00-CALL close REJECTED (Your limit price is significantly away from the current market price. Please adj) — retry 1/3
[2026-09-30T15:20:42-04:00] 2026-09-30-MEIC-12:30-CALL close REJECTED (Your limit price is significantly away from the current market price. Please adj) — retry 1/3
[2026-09-30T15:20:42-04:00] 2026-09-30-MEIC-13:00-CALL close REJECTED (Your limit price is significantly away from the current market price. Please adj) — retry 1/3
[2026-09-30T15:20:43-04:00] 2026-09-30-MEIC-13:30-PUT close REJECTED (Your limit price is significantly away from the current market price. Please adj) — retry 1/3
[2026-09-30T15:20:43-04:00] 2026-09-30-MEIC-13:30-CALL close REJECTED (Your limit price is significantly away from the current market price. Please adj) — retry 1/3
[2026-09-30T15:20:44-04:00] 2026-09-30-MEIC-14:00-CALL close REJECTED (Your limit price is significantly away from the current market price. Please adj) — retry 1/3
[2026-09-30T15:20:44-04:00] 2026-09-30-MEIC-12:00-CALL CLOSE (HALT) submitted @ +30.00
[2026-09-30T15:20:45-04:00] 2026-09-30-MEIC-12:30-CALL CLOSE (HALT) submitted @ +30.00
[2026-09-30T15:20:46-04:00] 2026-09-30-MEIC-13:00-CALL CLOSE (HALT) submitted @ +30.00
[2026-09-30T15:20:46-04:00] 2026-09-30-MEIC-13:30-PUT CLOSE (HALT) submitted @ +30.00
[2026-09-30T15:20:46-04:00] 2026-09-30-MEIC-13:30-CALL CLOSE (HALT) submitted @ +30.00
[2026-09-30T15:20:47-04:00] 2026-09-30-MEIC-14:00-CALL CLOSE (HALT) submitted @ +30.00
[2026-09-30T15:21:19-04:00] 2026-09-30-MEIC-12:00-CALL close REJECTED (Your limit price is significantly away from the current market price. Please adj) — retry 1/3
[2026-09-30T15:21:19-04:00] 2026-09-30-MEIC-12:30-CALL close REJECTED (Your limit price is significantly away from the current market price. Please adj) — retry 1/3
[2026-09-30T15:21:20-04:00] 2026-09-30-MEIC-13:00-CALL close REJECTED (Your limit price is significantly away from the current market price. Please adj) — retry 1/3
[2026-09-30T15:21:20-04:00] 2026-09-30-MEIC-13:30-PUT close REJECTED (Your limit price is significantly away from the current market price. Please adj) — retry 1/3
[2026-09-30T15:21:21-04:00] 2026-09-30-MEIC-13:30-CALL close REJECTED (Your limit price is significantly away from the current market price. Please adj) — retry 1/3
[2026-09-30T15:21:21-04:00] 2026-09-30-MEIC-14:00-CALL close REJECTED (Your limit price is significantly away from the current market price. Please adj) — retry 1/3
[2026-09-30T15:21:21-04:00] 2026-09-30-MEIC-12:00-CALL CLOSE (HALT) submitted @ +30.00
[2026-09-30T15:21:22-04:00] 2026-09-30-MEIC-12:30-CALL CLOSE (HALT) submitted @ +30.00
[2026-09-30T15:21:23-04:00] 2026-09-30-MEIC-13:00-CALL CLOSE (HALT) submitted @ +30.00
[2026-09-30T15:21:23-04:00] 2026-09-30-MEIC-13:30-PUT CLOSE (HALT) submitted @ +30.00
[2026-09-30T15:21:23-04:00] 2026-09-30-MEIC-13:30-CALL CLOSE (HALT) submitted @ +30.00
[2026-09-30T15:21:24-04:00] 2026-09-30-MEIC-14:00-CALL CLOSE (HALT) submitted @ +30.00
[2026-09-30T15:21:56-04:00] 2026-09-30-MEIC-12:00-CALL close REJECTED (Your limit price is significantly away from the current market price. Please adj) — retry 1/3
[2026-09-30T15:21:56-04:00] 2026-09-30-MEIC-12:30-CALL close REJECTED (Your limit price is significantly away from the current market price. Please adj) — retry 1/3
[2026-09-30T15:21:57-04:00] 2026-09-30-MEIC-13:00-CALL close REJECTED (Your limit price is significantly away from the current market price. Please adj) — retry 1/3
[2026-09-30T15:21:57-04:00] 2026-09-30-MEIC-13:30-PUT close REJECTED (Your limit price is significantly away from the current market price. Please adj) — retry 1/3
[2026-09-30T15:21:57-04:00] 2026-09-30-MEIC-13:30-CALL close REJECTED (Your limit price is significantly away from the current market price. Please adj) — retry 1/3
[2026-09-30T15:21:58-04:00] 2026-09-30-MEIC-14:00-CALL close REJECTED (Your limit price is significantly away from the current market price. Please adj) — retry 1/3
[2026-09-30T15:21:58-04:00] 2026-09-30-MEIC-12:00-CALL CLOSE (HALT) submitted @ +30.00
[2026-09-30T15:21:59-04:00] 2026-09-30-MEIC-12:30-CALL CLOSE (HALT) submitted @ +30.00
[2026-09-30T15:21:59-04:00] 2026-09-30-MEIC-13:00-CALL CLOSE (HALT) submitted @ +30.00
[2026-09-30T15:21:59-04:00] 2026-09-30-MEIC-13:30-PUT CLOSE (HALT) submitted @ +30.00
[2026-09-30T15:22:00-04:00] 2026-09-30-MEIC-13:30-CALL CLOSE (HALT) submitted @ +30.00
[2026-09-30T15:22:01-04:00] 2026-09-30-MEIC-14:00-CALL CLOSE (HALT) submitted @ +30.00
[2026-09-30T15:22:33-04:00] 2026-09-30-MEIC-12:00-CALL close REJECTED (Your limit price is significantly away from the current market price. Please adj) — retry 1/3
[2026-09-30T15:22:33-04:00] 2026-09-30-MEIC-12:30-CALL close REJECTED (Your limit price is significantly away from the current market price. Please adj) — retry 1/3
[2026-09-30T15:22:33-04:00] 2026-09-30-MEIC-13:00-CALL close REJECTED (Your limit price is significantly away from the current market price. Please adj) — retry 1/3
[2026-09-30T15:22:34-04:00] 2026-09-30-MEIC-13:30-PUT close REJECTED (Your limit price is significantly away from the current market price. Please adj) — retry 1/3
[2026-09-30T15:22:34-04:00] 2026-09-30-MEIC-13:30-CALL close REJECTED (Your limit price is significantly away from the current market price. Please adj) — retry 1/3
[2026-09-30T15:22:35-04:00] 2026-09-30-MEIC-14:00-CALL close REJECTED (Your limit price is significantly away from the current market price. Please adj) — retry 1/3
[2026-09-30T15:22:35-04:00] 2026-09-30-MEIC-12:00-CALL CLOSE (HALT) submitted @ +30.00
[2026-09-30T15:22:36-04:00] 2026-09-30-MEIC-12:30-CALL CLOSE (HALT) submitted @ +30.00
[2026-09-30T15:22:36-04:00] 2026-09-30-MEIC-13:00-CALL CLOSE (HALT) submitted @ +30.00
[2026-09-30T15:22:37-04:00] 2026-09-30-MEIC-13:30-PUT CLOSE (HALT) submitted @ +30.00
[2026-09-30T15:22:37-04:00] 2026-09-30-MEIC-13:30-CALL CLOSE (HALT) submitted @ +30.00
[2026-09-30T15:22:37-04:00] 2026-09-30-MEIC-14:00-CALL CLOSE (HALT) submitted @ +30.00
[2026-09-30T15:23:09-04:00] 2026-09-30-MEIC-12:00-CALL close REJECTED (Your limit price is significantly away from the current market price. Please adj) — retry 1/3
[2026-09-30T15:23:10-04:00] 2026-09-30-MEIC-12:30-CALL close REJECTED (Your limit price is significantly away from the current market price. Please adj) — retry 1/3
[2026-09-30T15:23:10-04:00] 2026-09-30-MEIC-13:00-CALL close REJECTED (Your limit price is significantly away from the current market price. Please adj) — retry 1/3
[2026-09-30T15:23:11-04:00] 2026-09-30-MEIC-13:30-PUT close REJECTED (Your limit price is significantly away from the current market price. Please adj) — retry 1/3
[2026-09-30T15:23:11-04:00] 2026-09-30-MEIC-13:30-CALL close REJECTED (Your limit price is significantly away from the current market price. Please adj) — retry 1/3
[2026-09-30T15:23:12-04:00] 2026-09-30-MEIC-14:00-CALL close REJECTED (Your limit price is significantly away from the current market price. Please adj) — retry 1/3
[2026-09-30T15:23:12-04:00] 2026-09-30-MEIC-12:00-CALL CLOSE (HALT) submitted @ +30.00
[2026-09-30T15:23:12-04:00] 2026-09-30-MEIC-12:30-CALL CLOSE (HALT) submitted @ +30.00
[2026-09-30T15:23:13-04:00] 2026-09-30-MEIC-13:00-CALL CLOSE (HALT) submitted @ +30.00
[2026-09-30T15:23:13-04:00] 2026-09-30-MEIC-13:30-PUT CLOSE (HALT) submitted @ +30.00
[2026-09-30T15:23:14-04:00] 2026-09-30-MEIC-13:30-CALL CLOSE (HALT) submitted @ +30.00
[2026-09-30T15:23:14-04:00] 2026-09-30-MEIC-14:00-CALL CLOSE (HALT) submitted @ +30.00
[2026-09-30T15:23:46-04:00] 2026-09-30-MEIC-12:00-CALL close REJECTED (Your limit price is significantly away from the current market price. Please adj) — retry 1/3
[2026-09-30T15:23:47-04:00] 2026-09-30-MEIC-12:30-CALL close REJECTED (Your limit price is significantly away from the current market price. Please adj) — retry 1/3
[2026-09-30T15:23:47-04:00] 2026-09-30-MEIC-13:00-CALL close REJECTED (Your limit price is significantly away from the current market price. Please adj) — retry 1/3
[2026-09-30T15:23:48-04:00] 2026-09-30-MEIC-13:30-PUT close REJECTED (Your limit price is significantly away from the current market price. Please adj) — retry 1/3
[2026-09-30T15:23:48-04:00] 2026-09-30-MEIC-13:30-CALL close REJECTED (Your limit price is significantly away from the current market price. Please adj) — retry 1/3
[2026-09-30T15:23:48-04:00] 2026-09-30-MEIC-14:00-CALL close REJECTED (Your limit price is significantly away from the current market price. Please adj) — retry 1/3
[2026-09-30T15:23:49-04:00] 2026-09-30-MEIC-12:00-CALL CLOSE (HALT) submitted @ +30.00
[2026-09-30T15:23:49-04:00] 2026-09-30-MEIC-12:30-CALL CLOSE (HALT) submitted @ +30.00
[2026-09-30T15:23:50-04:00] 2026-09-30-MEIC-13:00-CALL CLOSE (HALT) submitted @ +30.00
[2026-09-30T15:23:50-04:00] 2026-09-30-MEIC-13:30-PUT CLOSE (HALT) submitted @ +30.00
[2026-09-30T15:23:51-04:00] 2026-09-30-MEIC-13:30-CALL CLOSE (HALT) submitted @ +30.00
[2026-09-30T15:23:51-04:00] 2026-09-30-MEIC-14:00-CALL CLOSE (HALT) submitted @ +30.00
[2026-09-30T15:24:24-04:00] 2026-09-30-MEIC-12:00-CALL close REJECTED (Your limit price is significantly away from the current market price. Please adj) — retry 1/3
[2026-09-30T15:24:24-04:00] 2026-09-30-MEIC-12:30-CALL close REJECTED (Your limit price is significantly away from the current market price. Please adj) — retry 1/3
[2026-09-30T15:24:25-04:00] 2026-09-30-MEIC-13:00-CALL close REJECTED (Your limit price is significantly away from the current market price. Please adj) — retry 1/3
[2026-09-30T15:24:25-04:00] 2026-09-30-MEIC-13:30-PUT close REJECTED (Your limit price is significantly away from the current market price. Please adj) — retry 1/3
[2026-09-30T15:24:25-04:00] 2026-09-30-MEIC-13:30-CALL close REJECTED (Your limit price is significantly away from the current market price. Please adj) — retry 1/3
[2026-09-30T15:24:26-04:00] 2026-09-30-MEIC-14:00-CALL close REJECTED (Your limit price is significantly away from the current market price. Please adj) — retry 1/3
[2026-09-30T15:24:26-04:00] 2026-09-30-MEIC-12:00-CALL CLOSE (HALT) submitted @ +30.00
[2026-09-30T15:24:27-04:00] 2026-09-30-MEIC-12:30-CALL CLOSE (HALT) submitted @ +30.00
[2026-09-30T15:24:27-04:00] 2026-09-30-MEIC-13:00-CALL CLOSE (HALT) submitted @ +30.00
[2026-09-30T15:24:28-04:00] 2026-09-30-MEIC-13:30-PUT CLOSE (HALT) submitted @ +30.00
[2026-09-30T15:24:28-04:00] 2026-09-30-MEIC-13:30-CALL CLOSE (HALT) submitted @ +30.00
[2026-09-30T15:24:29-04:00] 2026-09-30-MEIC-14:00-CALL CLOSE (HALT) submitted @ +30.00
[2026-09-30T15:25:01-04:00] 2026-09-30-MEIC-12:00-CALL close REJECTED (Your limit price is significantly away from the current market price. Please adj) — retry 1/3
[2026-09-30T15:25:01-04:00] 2026-09-30-MEIC-12:30-CALL close REJECTED (Your limit price is significantly away from the current market price. Please adj) — retry 1/3
[2026-09-30T15:25:02-04:00] 2026-09-30-MEIC-13:00-CALL close REJECTED (Your limit price is significantly away from the current market price. Please adj) — retry 1/3
[2026-09-30T15:25:03-04:00] 2026-09-30-MEIC-13:30-PUT close REJECTED (Your limit price is significantly away from the current market price. Please adj) — retry 1/3
[2026-09-30T15:25:03-04:00] 2026-09-30-MEIC-13:30-CALL close REJECTED (Your limit price is significantly away from the current market price. Please adj) — retry 1/3
[2026-09-30T15:25:03-04:00] 2026-09-30-MEIC-14:00-CALL close REJECTED (Your limit price is significantly away from the current market price. Please adj) — retry 1/3
[2026-09-30T15:25:04-04:00] 2026-09-30-MEIC-12:00-CALL CLOSE (HALT) submitted @ +30.00
[2026-09-30T15:25:04-04:00] 2026-09-30-MEIC-12:30-CALL CLOSE (HALT) submitted @ +30.00
[2026-09-30T15:25:05-04:00] 2026-09-30-MEIC-13:00-CALL CLOSE (HALT) submitted @ +30.00
[2026-09-30T15:25:05-04:00] 2026-09-30-MEIC-13:30-PUT CLOSE (HALT) submitted @ +30.00
[2026-09-30T15:25:06-04:00] 2026-09-30-MEIC-13:30-CALL CLOSE (HALT) submitted @ +30.00
[2026-09-30T15:25:07-04:00] 2026-09-30-MEIC-14:00-CALL CLOSE (HALT) submitted @ +30.00
[2026-09-30T15:25:39-04:00] 2026-09-30-MEIC-12:00-CALL close REJECTED (Your limit price is significantly away from the current market price. Please adj) — retry 1/3
[2026-09-30T15:25:39-04:00] 2026-09-30-MEIC-12:30-CALL close REJECTED (Your limit price is significantly away from the current market price. Please adj) — retry 1/3
[2026-09-30T15:25:39-04:00] 2026-09-30-MEIC-13:00-CALL close REJECTED (Your limit price is significantly away from the current market price. Please adj) — retry 1/3
[2026-09-30T15:25:40-04:00] 2026-09-30-MEIC-13:30-PUT close REJECTED (Your limit price is significantly away from the current market price. Please adj) — retry 1/3
[2026-09-30T15:25:40-04:00] 2026-09-30-MEIC-13:30-CALL close REJECTED (Your limit price is significantly away from the current market price. Please adj) — retry 1/3
[2026-09-30T15:25:41-04:00] 2026-09-30-MEIC-14:00-CALL close REJECTED (Your limit price is significantly away from the current market price. Please adj) — retry 1/3
[2026-09-30T15:25:41-04:00] 2026-09-30-MEIC-12:00-CALL CLOSE (HALT) submitted @ +30.00
[2026-09-30T15:25:42-04:00] 2026-09-30-MEIC-12:30-CALL CLOSE (HALT) submitted @ +30.00
[2026-09-30T15:25:42-04:00] 2026-09-30-MEIC-13:00-CALL CLOSE (HALT) submitted @ +30.00
[2026-09-30T15:25:43-04:00] 2026-09-30-MEIC-13:30-PUT CLOSE (HALT) submitted @ +30.00
[2026-09-30T15:25:43-04:00] 2026-09-30-MEIC-13:30-CALL CLOSE (HALT) submitted @ +30.00
[2026-09-30T15:25:44-04:00] 2026-09-30-MEIC-14:00-CALL CLOSE (HALT) submitted @ +30.00
[2026-09-30T15:26:16-04:00] 2026-09-30-MEIC-12:00-CALL close REJECTED (Your limit price is significantly away from the current market price. Please adj) — retry 1/3
[2026-09-30T15:26:16-04:00] 2026-09-30-MEIC-12:30-CALL close REJECTED (Your limit price is significantly away from the current market price. Please adj) — retry 1/3
[2026-09-30T15:26:17-04:00] 2026-09-30-MEIC-13:00-CALL close REJECTED (Your limit price is significantly away from the current market price. Please adj) — retry 1/3
[2026-09-30T15:26:17-04:00] 2026-09-30-MEIC-13:30-PUT close REJECTED (Your limit price is significantly away from the current market price. Please adj) — retry 1/3
[2026-09-30T15:26:18-04:00] 2026-09-30-MEIC-13:30-CALL close REJECTED (Your limit price is significantly away from the current market price. Please adj) — retry 1/3
[2026-09-30T15:26:18-04:00] 2026-09-30-MEIC-14:00-CALL close REJECTED (Your limit price is significantly away from the current market price. Please adj) — retry 1/3
[2026-09-30T15:26:19-04:00] 2026-09-30-MEIC-12:00-CALL CLOSE (HALT) submitted @ +30.00
[2026-09-30T15:26:19-04:00] 2026-09-30-MEIC-12:30-CALL CLOSE (HALT) submitted @ +30.00
[2026-09-30T15:26:20-04:00] 2026-09-30-MEIC-13:00-CALL CLOSE (HALT) submitted @ +30.00
[2026-09-30T15:26:20-04:00] 2026-09-30-MEIC-13:30-PUT CLOSE (HALT) submitted @ +30.00
[2026-09-30T15:26:21-04:00] 2026-09-30-MEIC-13:30-CALL CLOSE (HALT) submitted @ +30.00
[2026-09-30T15:26:21-04:00] 2026-09-30-MEIC-14:00-CALL CLOSE (HALT) submitted @ +30.00
[2026-09-30T15:26:53-04:00] 2026-09-30-MEIC-12:00-CALL close REJECTED (Your limit price is significantly away from the current market price. Please adj) — retry 1/3
[2026-09-30T15:26:54-04:00] 2026-09-30-MEIC-12:30-CALL close REJECTED (Your limit price is significantly away from the current market price. Please adj) — retry 1/3
[2026-09-30T15:26:54-04:00] 2026-09-30-MEIC-13:00-CALL close REJECTED (Your limit price is significantly away from the current market price. Please adj) — retry 1/3
[2026-09-30T15:26:55-04:00] 2026-09-30-MEIC-13:30-PUT close REJECTED (Your limit price is significantly away from the current market price. Please adj) — retry 1/3
[2026-09-30T15:26:55-04:00] 2026-09-30-MEIC-13:30-CALL close REJECTED (Your limit price is significantly away from the current market price. Please adj) — retry 1/3
[2026-09-30T15:26:56-04:00] 2026-09-30-MEIC-14:00-CALL close REJECTED (Your limit price is significantly away from the current market price. Please adj) — retry 1/3
[2026-09-30T15:26:56-04:00] 2026-09-30-MEIC-12:00-CALL CLOSE (HALT) submitted @ +30.00
[2026-09-30T15:26:57-04:00] 2026-09-30-MEIC-12:30-CALL CLOSE (HALT) submitted @ +30.00
[2026-09-30T15:26:57-04:00] 2026-09-30-MEIC-13:00-CALL CLOSE (HALT) submitted @ +30.00
[2026-09-30T15:26:58-04:00] 2026-09-30-MEIC-13:30-PUT CLOSE (HALT) submitted @ +30.00
[2026-09-30T15:26:58-04:00] 2026-09-30-MEIC-13:30-CALL CLOSE (HALT) submitted @ +30.00
[2026-09-30T15:26:59-04:00] 2026-09-30-MEIC-14:00-CALL CLOSE (HALT) submitted @ +30.00
[2026-09-30T15:27:31-04:00] 2026-09-30-MEIC-12:00-CALL close REJECTED (Your limit price is significantly away from the current market price. Please adj) — retry 1/3
[2026-09-30T15:27:31-04:00] 2026-09-30-MEIC-12:30-CALL close REJECTED (Your limit price is significantly away from the current market price. Please adj) — retry 1/3
[2026-09-30T15:27:32-04:00] 2026-09-30-MEIC-13:00-CALL close REJECTED (Your limit price is significantly away from the current market price. Please adj) — retry 1/3
[2026-09-30T15:27:32-04:00] 2026-09-30-MEIC-13:30-PUT close REJECTED (Your limit price is significantly away from the current market price. Please adj) — retry 1/3
[2026-09-30T15:27:33-04:00] 2026-09-30-MEIC-13:30-CALL close REJECTED (Your limit price is significantly away from the current market price. Please adj) — retry 1/3
[2026-09-30T15:27:33-04:00] 2026-09-30-MEIC-14:00-CALL close REJECTED (Your limit price is significantly away from the current market price. Please adj) — retry 1/3
[2026-09-30T15:27:34-04:00] 2026-09-30-MEIC-12:00-CALL CLOSE (HALT) submitted @ +30.00
[2026-09-30T15:27:34-04:00] 2026-09-30-MEIC-12:30-CALL CLOSE (HALT) submitted @ +30.00
[2026-09-30T15:27:35-04:00] 2026-09-30-MEIC-13:00-CALL CLOSE (HALT) submitted @ +30.00
[2026-09-30T15:27:35-04:00] 2026-09-30-MEIC-13:30-PUT CLOSE (HALT) submitted @ +30.00
[2026-09-30T15:27:36-04:00] 2026-09-30-MEIC-13:30-CALL CLOSE (HALT) submitted @ +30.00
[2026-09-30T15:27:36-04:00] 2026-09-30-MEIC-14:00-CALL CLOSE (HALT) submitted @ +30.00
[2026-09-30T15:28:09-04:00] 2026-09-30-MEIC-12:00-CALL close REJECTED (Your limit price is significantly away from the current market price. Please adj) — retry 1/3
[2026-09-30T15:28:09-04:00] 2026-09-30-MEIC-12:30-CALL close REJECTED (Your limit price is significantly away from the current market price. Please adj) — retry 1/3
[2026-09-30T15:28:09-04:00] 2026-09-30-MEIC-13:00-CALL close REJECTED (Your limit price is significantly away from the current market price. Please adj) — retry 1/3
[2026-09-30T15:28:10-04:00] 2026-09-30-MEIC-13:30-PUT close REJECTED (Your limit price is significantly away from the current market price. Please adj) — retry 1/3
[2026-09-30T15:28:10-04:00] 2026-09-30-MEIC-13:30-CALL close REJECTED (Your limit price is significantly away from the current market price. Please adj) — retry 1/3
[2026-09-30T15:28:10-04:00] 2026-09-30-MEIC-14:00-CALL close REJECTED (Your limit price is significantly away from the current market price. Please adj) — retry 1/3
[2026-09-30T15:28:11-04:00] 2026-09-30-MEIC-12:00-CALL CLOSE (HALT) submitted @ +30.00
[2026-09-30T15:28:12-04:00] 2026-09-30-MEIC-12:30-CALL CLOSE (HALT) submitted @ +30.00
[2026-09-30T15:28:12-04:00] 2026-09-30-MEIC-13:00-CALL CLOSE (HALT) submitted @ +30.00
[2026-09-30T15:28:13-04:00] 2026-09-30-MEIC-13:30-PUT CLOSE (HALT) submitted @ +30.00
[2026-09-30T15:28:13-04:00] 2026-09-30-MEIC-13:30-CALL CLOSE (HALT) submitted @ +30.00
[2026-09-30T15:28:14-04:00] 2026-09-30-MEIC-14:00-CALL CLOSE (HALT) submitted @ +30.00
[2026-09-30T15:28:46-04:00] 2026-09-30-MEIC-12:00-CALL close REJECTED (Your limit price is significantly away from the current market price. Please adj) — retry 1/3
[2026-09-30T15:28:47-04:00] 2026-09-30-MEIC-12:30-CALL close REJECTED (Your limit price is significantly away from the current market price. Please adj) — retry 1/3
[2026-09-30T15:28:47-04:00] 2026-09-30-MEIC-13:00-CALL close REJECTED (Your limit price is significantly away from the current market price. Please adj) — retry 1/3
[2026-09-30T15:28:47-04:00] 2026-09-30-MEIC-13:30-PUT close REJECTED (Your limit price is significantly away from the current market price. Please adj) — retry 1/3
[2026-09-30T15:28:48-04:00] 2026-09-30-MEIC-13:30-CALL close REJECTED (Your limit price is significantly away from the current market price. Please adj) — retry 1/3
[2026-09-30T15:28:48-04:00] 2026-09-30-MEIC-14:00-CALL close REJECTED (Your limit price is significantly away from the current market price. Please adj) — retry 1/3
[2026-09-30T15:28:49-04:00] 2026-09-30-MEIC-12:00-CALL CLOSE (HALT) submitted @ +30.00
[2026-09-30T15:28:49-04:00] 2026-09-30-MEIC-12:30-CALL CLOSE (HALT) submitted @ +30.00
[2026-09-30T15:28:50-04:00] 2026-09-30-MEIC-13:00-CALL CLOSE (HALT) submitted @ +30.00
[2026-09-30T15:28:50-04:00] 2026-09-30-MEIC-13:30-PUT CLOSE (HALT) submitted @ +30.00
[2026-09-30T15:28:51-04:00] 2026-09-30-MEIC-13:30-CALL CLOSE (HALT) submitted @ +30.00
[2026-09-30T15:28:51-04:00] 2026-09-30-MEIC-14:00-CALL CLOSE (HALT) submitted @ +30.00
[2026-09-30T15:29:23-04:00] 2026-09-30-MEIC-12:00-CALL close REJECTED (Your limit price is significantly away from the current market price. Please adj) — retry 1/3
[2026-09-30T15:29:24-04:00] 2026-09-30-MEIC-12:30-CALL close REJECTED (Your limit price is significantly away from the current market price. Please adj) — retry 1/3
[2026-09-30T15:29:24-04:00] 2026-09-30-MEIC-13:00-CALL close REJECTED (Your limit price is significantly away from the current market price. Please adj) — retry 1/3
[2026-09-30T15:29:25-04:00] 2026-09-30-MEIC-13:30-PUT close REJECTED (Your limit price is significantly away from the current market price. Please adj) — retry 1/3
[2026-09-30T15:29:26-04:00] 2026-09-30-MEIC-13:30-CALL close REJECTED (Your limit price is significantly away from the current market price. Please adj) — retry 1/3
[2026-09-30T15:29:26-04:00] 2026-09-30-MEIC-14:00-CALL close REJECTED (Your limit price is significantly away from the current market price. Please adj) — retry 1/3
[2026-09-30T15:29:27-04:00] 2026-09-30-MEIC-12:00-CALL CLOSE (HALT) submitted @ +30.00
[2026-09-30T15:29:27-04:00] 2026-09-30-MEIC-12:30-CALL CLOSE (HALT) submitted @ +30.00
[2026-09-30T15:29:28-04:00] 2026-09-30-MEIC-13:00-CALL CLOSE (HALT) submitted @ +30.00
[2026-09-30T15:29:28-04:00] 2026-09-30-MEIC-13:30-PUT CLOSE (HALT) submitted @ +30.00
[2026-09-30T15:29:29-04:00] 2026-09-30-MEIC-13:30-CALL CLOSE (HALT) submitted @ +30.00
[2026-09-30T15:29:29-04:00] 2026-09-30-MEIC-14:00-CALL CLOSE (HALT) submitted @ +30.00
[2026-09-30T15:30:02-04:00] 2026-09-30-MEIC-12:00-CALL close REJECTED (Your limit price is significantly away from the current market price. Please adj) — retry 1/3
[2026-09-30T15:30:02-04:00] 2026-09-30-MEIC-12:30-CALL close REJECTED (Your limit price is significantly away from the current market price. Please adj) — retry 1/3
[2026-09-30T15:30:03-04:00] 2026-09-30-MEIC-13:00-CALL close REJECTED (Your limit price is significantly away from the current market price. Please adj) — retry 1/3
[2026-09-30T15:30:03-04:00] 2026-09-30-MEIC-13:30-PUT close REJECTED (Your limit price is significantly away from the current market price. Please adj) — retry 1/3
[2026-09-30T15:30:04-04:00] 2026-09-30-MEIC-13:30-CALL close REJECTED (Your limit price is significantly away from the current market price. Please adj) — retry 1/3
[2026-09-30T15:30:04-04:00] 2026-09-30-MEIC-14:00-CALL close REJECTED (Your limit price is significantly away from the current market price. Please adj) — retry 1/3
[2026-09-30T15:30:05-04:00] 2026-09-30-MEIC-12:00-CALL CLOSE (HALT) submitted @ +30.00
[2026-09-30T15:30:06-04:00] 2026-09-30-MEIC-12:30-CALL CLOSE (HALT) submitted @ +30.00
[2026-09-30T15:30:06-04:00] 2026-09-30-MEIC-13:00-CALL CLOSE (HALT) submitted @ +30.00
[2026-09-30T15:30:07-04:00] 2026-09-30-MEIC-13:30-PUT CLOSE (HALT) submitted @ +30.00
[2026-09-30T15:30:07-04:00] 2026-09-30-MEIC-13:30-CALL CLOSE (HALT) submitted @ +30.00
[2026-09-30T15:30:08-04:00] 2026-09-30-MEIC-14:00-CALL CLOSE (HALT) submitted @ +30.00
[2026-09-30T15:30:40-04:00] 2026-09-30-MEIC-12:00-CALL close REJECTED (Your limit price is significantly away from the current market price. Please adj) — retry 1/3
[2026-09-30T15:30:40-04:00] 2026-09-30-MEIC-12:30-CALL close REJECTED (Your limit price is significantly away from the current market price. Please adj) — retry 1/3
[2026-09-30T15:30:41-04:00] 2026-09-30-MEIC-13:00-CALL close REJECTED (Your limit price is significantly away from the current market price. Please adj) — retry 1/3
[2026-09-30T15:30:41-04:00] 2026-09-30-MEIC-13:30-PUT close REJECTED (Your limit price is significantly away from the current market price. Please adj) — retry 1/3
[2026-09-30T15:30:42-04:00] 2026-09-30-MEIC-13:30-CALL close REJECTED (Your limit price is significantly away from the current market price. Please adj) — retry 1/3
[2026-09-30T15:30:42-04:00] 2026-09-30-MEIC-14:00-CALL close REJECTED (Your limit price is significantly away from the current market price. Please adj) — retry 1/3
[2026-09-30T15:30:43-04:00] 2026-09-30-MEIC-12:00-CALL CLOSE (HALT) submitted @ +30.00
[2026-09-30T15:30:43-04:00] 2026-09-30-MEIC-12:30-CALL CLOSE (HALT) submitted @ +30.00
[2026-09-30T15:30:44-04:00] 2026-09-30-MEIC-13:00-CALL CLOSE (HALT) submitted @ +30.00
[2026-09-30T15:30:44-04:00] 2026-09-30-MEIC-13:30-PUT CLOSE (HALT) submitted @ +30.00
[2026-09-30T15:30:45-04:00] 2026-09-30-MEIC-13:30-CALL CLOSE (HALT) submitted @ +30.00
[2026-09-30T15:30:45-04:00] 2026-09-30-MEIC-14:00-CALL CLOSE (HALT) submitted @ +30.00
[2026-09-30T15:31:17-04:00] 2026-09-30-MEIC-12:00-CALL close REJECTED (Your limit price is significantly away from the current market price. Please adj) — retry 1/3
[2026-09-30T15:31:18-04:00] 2026-09-30-MEIC-12:30-CALL close REJECTED (Your limit price is significantly away from the current market price. Please adj) — retry 1/3
[2026-09-30T15:31:18-04:00] 2026-09-30-MEIC-13:00-CALL close REJECTED (Your limit price is significantly away from the current market price. Please adj) — retry 1/3
[2026-09-30T15:31:19-04:00] 2026-09-30-MEIC-13:30-PUT close REJECTED (Your limit price is significantly away from the current market price. Please adj) — retry 1/3
[2026-09-30T15:31:19-04:00] 2026-09-30-MEIC-13:30-CALL close REJECTED (Your limit price is significantly away from the current market price. Please adj) — retry 1/3
[2026-09-30T15:31:20-04:00] 2026-09-30-MEIC-14:00-CALL close REJECTED (Your limit price is significantly away from the current market price. Please adj) — retry 1/3
[2026-09-30T15:31:20-04:00] 2026-09-30-MEIC-12:00-CALL CLOSE (HALT) submitted @ +30.00
[2026-09-30T15:31:21-04:00] 2026-09-30-MEIC-12:30-CALL CLOSE (HALT) submitted @ +30.00
[2026-09-30T15:31:21-04:00] 2026-09-30-MEIC-13:00-CALL CLOSE (HALT) submitted @ +30.00
[2026-09-30T15:31:22-04:00] 2026-09-30-MEIC-13:30-PUT CLOSE (HALT) submitted @ +30.00
[2026-09-30T15:31:22-04:00] 2026-09-30-MEIC-13:30-CALL CLOSE (HALT) submitted @ +30.00
[2026-09-30T15:31:23-04:00] 2026-09-30-MEIC-14:00-CALL CLOSE (HALT) submitted @ +30.00
[2026-09-30T15:31:55-04:00] 2026-09-30-MEIC-12:00-CALL close REJECTED (Your limit price is significantly away from the current market price. Please adj) — retry 1/3
[2026-09-30T15:31:55-04:00] 2026-09-30-MEIC-12:30-CALL close REJECTED (Your limit price is significantly away from the current market price. Please adj) — retry 1/3
[2026-09-30T15:31:56-04:00] 2026-09-30-MEIC-13:00-CALL close REJECTED (Your limit price is significantly away from the current market price. Please adj) — retry 1/3
[2026-09-30T15:31:56-04:00] 2026-09-30-MEIC-13:30-PUT close REJECTED (Your limit price is significantly away from the current market price. Please adj) — retry 1/3
[2026-09-30T15:31:57-04:00] 2026-09-30-MEIC-13:30-CALL close REJECTED (Your limit price is significantly away from the current market price. Please adj) — retry 1/3
[2026-09-30T15:31:57-04:00] 2026-09-30-MEIC-14:00-CALL close REJECTED (Your limit price is significantly away from the current market price. Please adj) — retry 1/3
[2026-09-30T15:31:58-04:00] 2026-09-30-MEIC-12:00-CALL CLOSE (HALT) submitted @ +30.00
[2026-09-30T15:31:58-04:00] 2026-09-30-MEIC-12:30-CALL CLOSE (HALT) submitted @ +30.00
[2026-09-30T15:31:59-04:00] 2026-09-30-MEIC-13:00-CALL CLOSE (HALT) submitted @ +30.00
[2026-09-30T15:31:59-04:00] 2026-09-30-MEIC-13:30-PUT CLOSE (HALT) submitted @ +30.00
[2026-09-30T15:32:00-04:00] 2026-09-30-MEIC-13:30-CALL CLOSE (HALT) submitted @ +30.00
[2026-09-30T15:32:00-04:00] 2026-09-30-MEIC-14:00-CALL CLOSE (HALT) submitted @ +30.00
[2026-09-30T15:32:33-04:00] 2026-09-30-MEIC-12:00-CALL close REJECTED (Your limit price is significantly away from the current market price. Please adj) — retry 1/3
[2026-09-30T15:32:33-04:00] 2026-09-30-MEIC-12:30-CALL close REJECTED (Your limit price is significantly away from the current market price. Please adj) — retry 1/3
[2026-09-30T15:32:34-04:00] 2026-09-30-MEIC-13:00-CALL close REJECTED (Your limit price is significantly away from the current market price. Please adj) — retry 1/3
[2026-09-30T15:32:34-04:00] 2026-09-30-MEIC-13:30-PUT close REJECTED (Your limit price is significantly away from the current market price. Please adj) — retry 1/3
[2026-09-30T15:32:35-04:00] 2026-09-30-MEIC-13:30-CALL close REJECTED (Your limit price is significantly away from the current market price. Please adj) — retry 1/3
[2026-09-30T15:32:35-04:00] 2026-09-30-MEIC-14:00-CALL close REJECTED (Your limit price is significantly away from the current market price. Please adj) — retry 1/3
[2026-09-30T15:32:36-04:00] 2026-09-30-MEIC-12:00-CALL CLOSE (HALT) submitted @ +30.00
[2026-09-30T15:32:36-04:00] 2026-09-30-MEIC-12:30-CALL CLOSE (HALT) submitted @ +30.00
[2026-09-30T15:32:37-04:00] 2026-09-30-MEIC-13:00-CALL CLOSE (HALT) submitted @ +30.00
[2026-09-30T15:32:37-04:00] 2026-09-30-MEIC-13:30-PUT CLOSE (HALT) submitted @ +30.00
[2026-09-30T15:32:38-04:00] 2026-09-30-MEIC-13:30-CALL CLOSE (HALT) submitted @ +30.00
[2026-09-30T15:32:38-04:00] 2026-09-30-MEIC-14:00-CALL CLOSE (HALT) submitted @ +30.00
[2026-09-30T15:33:11-04:00] 2026-09-30-MEIC-12:00-CALL close REJECTED (Your limit price is significantly away from the current market price. Please adj) — retry 1/3
[2026-09-30T15:33:11-04:00] 2026-09-30-MEIC-12:30-CALL close REJECTED (Your limit price is significantly away from the current market price. Please adj) — retry 1/3
[2026-09-30T15:33:11-04:00] 2026-09-30-MEIC-13:00-CALL close REJECTED (Your limit price is significantly away from the current market price. Please adj) — retry 1/3
[2026-09-30T15:33:12-04:00] 2026-09-30-MEIC-13:30-PUT close REJECTED (Your limit price is significantly away from the current market price. Please adj) — retry 1/3
[2026-09-30T15:33:12-04:00] 2026-09-30-MEIC-13:30-CALL close REJECTED (Your limit price is significantly away from the current market price. Please adj) — retry 1/3
[2026-09-30T15:33:13-04:00] 2026-09-30-MEIC-14:00-CALL close REJECTED (Your limit price is significantly away from the current market price. Please adj) — retry 1/3
[2026-09-30T15:33:13-04:00] 2026-09-30-MEIC-12:00-CALL CLOSE (HALT) submitted @ +30.00
[2026-09-30T15:33:14-04:00] 2026-09-30-MEIC-12:30-CALL CLOSE (HALT) submitted @ +30.00
[2026-09-30T15:33:14-04:00] 2026-09-30-MEIC-13:00-CALL CLOSE (HALT) submitted @ +30.00
[2026-09-30T15:33:15-04:00] 2026-09-30-MEIC-13:30-PUT CLOSE (HALT) submitted @ +30.00
[2026-09-30T15:33:15-04:00] 2026-09-30-MEIC-13:30-CALL CLOSE (HALT) submitted @ +30.00
[2026-09-30T15:33:16-04:00] 2026-09-30-MEIC-14:00-CALL CLOSE (HALT) submitted @ +30.00
[2026-09-30T15:33:48-04:00] 2026-09-30-MEIC-12:00-CALL close REJECTED (Your limit price is significantly away from the current market price. Please adj) — retry 1/3
[2026-09-30T15:33:48-04:00] 2026-09-30-MEIC-12:30-CALL close REJECTED (Your limit price is significantly away from the current market price. Please adj) — retry 1/3
[2026-09-30T15:33:49-04:00] 2026-09-30-MEIC-13:00-CALL close REJECTED (Your limit price is significantly away from the current market price. Please adj) — retry 1/3
[2026-09-30T15:33:49-04:00] 2026-09-30-MEIC-13:30-PUT close REJECTED (Your limit price is significantly away from the current market price. Please adj) — retry 1/3
[2026-09-30T15:33:49-04:00] 2026-09-30-MEIC-13:30-CALL close REJECTED (Your limit price is significantly away from the current market price. Please adj) — retry 1/3
[2026-09-30T15:33:50-04:00] 2026-09-30-MEIC-14:00-CALL close REJECTED (Your limit price is significantly away from the current market price. Please adj) — retry 1/3
[2026-09-30T15:33:50-04:00] 2026-09-30-MEIC-12:00-CALL CLOSE (HALT) submitted @ +30.00
[2026-09-30T15:33:51-04:00] 2026-09-30-MEIC-12:30-CALL CLOSE (HALT) submitted @ +30.00
[2026-09-30T15:33:51-04:00] 2026-09-30-MEIC-13:00-CALL CLOSE (HALT) submitted @ +30.00
[2026-09-30T15:33:52-04:00] 2026-09-30-MEIC-13:30-PUT CLOSE (HALT) submitted @ +30.00
[2026-09-30T15:33:52-04:00] 2026-09-30-MEIC-13:30-CALL CLOSE (HALT) submitted @ +30.00
[2026-09-30T15:33:53-04:00] 2026-09-30-MEIC-14:00-CALL CLOSE (HALT) submitted @ +30.00
[2026-09-30T15:34:25-04:00] 2026-09-30-MEIC-12:00-CALL close REJECTED (Your limit price is significantly away from the current market price. Please adj) — retry 1/3
[2026-09-30T15:34:25-04:00] 2026-09-30-MEIC-12:30-CALL close REJECTED (Your limit price is significantly away from the current market price. Please adj) — retry 1/3
[2026-09-30T15:34:25-04:00] 2026-09-30-MEIC-13:00-CALL close REJECTED (Your limit price is significantly away from the current market price. Please adj) — retry 1/3
[2026-09-30T15:34:26-04:00] 2026-09-30-MEIC-13:30-PUT close REJECTED (Your limit price is significantly away from the current market price. Please adj) — retry 1/3
[2026-09-30T15:34:26-04:00] 2026-09-30-MEIC-13:30-CALL close REJECTED (Your limit price is significantly away from the current market price. Please adj) — retry 1/3
[2026-09-30T15:34:27-04:00] 2026-09-30-MEIC-14:00-CALL close REJECTED (Your limit price is significantly away from the current market price. Please adj) — retry 1/3
[2026-09-30T15:34:27-04:00] 2026-09-30-MEIC-12:00-CALL CLOSE (HALT) submitted @ +30.00
[2026-09-30T15:34:28-04:00] 2026-09-30-MEIC-12:30-CALL CLOSE (HALT) submitted @ +30.00
[2026-09-30T15:34:28-04:00] 2026-09-30-MEIC-13:00-CALL CLOSE (HALT) submitted @ +30.00
[2026-09-30T15:34:29-04:00] 2026-09-30-MEIC-13:30-PUT CLOSE (HALT) submitted @ +30.00
[2026-09-30T15:34:29-04:00] 2026-09-30-MEIC-13:30-CALL CLOSE (HALT) submitted @ +30.00
[2026-09-30T15:34:30-04:00] 2026-09-30-MEIC-14:00-CALL CLOSE (HALT) submitted @ +30.00
[2026-09-30T15:35:02-04:00] 2026-09-30-MEIC-12:00-CALL close REJECTED (Your limit price is significantly away from the current market price. Please adj) — retry 1/3
[2026-09-30T15:35:02-04:00] 2026-09-30-MEIC-12:30-CALL close REJECTED (Your limit price is significantly away from the current market price. Please adj) — retry 1/3
[2026-09-30T15:35:03-04:00] 2026-09-30-MEIC-13:00-CALL close REJECTED (Your limit price is significantly away from the current market price. Please adj) — retry 1/3
[2026-09-30T15:35:03-04:00] 2026-09-30-MEIC-13:30-PUT close REJECTED (Your limit price is significantly away from the current market price. Please adj) — retry 1/3
[2026-09-30T15:35:04-04:00] 2026-09-30-MEIC-13:30-CALL close REJECTED (Your limit price is significantly away from the current market price. Please adj) — retry 1/3
[2026-09-30T15:35:05-04:00] 2026-09-30-MEIC-14:00-CALL close REJECTED (Your limit price is significantly away from the current market price. Please adj) — retry 1/3
[2026-09-30T15:35:05-04:00] 2026-09-30-MEIC-12:00-CALL CLOSE (HALT) submitted @ +30.00
[2026-09-30T15:35:06-04:00] 2026-09-30-MEIC-12:30-CALL CLOSE (HALT) submitted @ +30.00
[2026-09-30T15:35:06-04:00] 2026-09-30-MEIC-13:00-CALL CLOSE (HALT) submitted @ +30.00
[2026-09-30T15:35:07-04:00] 2026-09-30-MEIC-13:30-PUT CLOSE (HALT) submitted @ +30.00
[2026-09-30T15:35:07-04:00] 2026-09-30-MEIC-13:30-CALL CLOSE (HALT) submitted @ +30.00
[2026-09-30T15:35:08-04:00] 2026-09-30-MEIC-14:00-CALL CLOSE (HALT) submitted @ +30.00
[2026-09-30T15:35:40-04:00] 2026-09-30-MEIC-12:00-CALL close REJECTED (Your limit price is significantly away from the current market price. Please adj) — retry 1/3
[2026-09-30T15:35:40-04:00] 2026-09-30-MEIC-12:30-CALL close REJECTED (Your limit price is significantly away from the current market price. Please adj) — retry 1/3
[2026-09-30T15:35:41-04:00] 2026-09-30-MEIC-13:00-CALL close REJECTED (Your limit price is significantly away from the current market price. Please adj) — retry 1/3
[2026-09-30T15:35:41-04:00] 2026-09-30-MEIC-13:30-PUT close REJECTED (Your limit price is significantly away from the current market price. Please adj) — retry 1/3
[2026-09-30T15:35:42-04:00] 2026-09-30-MEIC-13:30-CALL close REJECTED (Your limit price is significantly away from the current market price. Please adj) — retry 1/3
[2026-09-30T15:35:42-04:00] 2026-09-30-MEIC-14:00-CALL close REJECTED (Your limit price is significantly away from the current market price. Please adj) — retry 1/3
[2026-09-30T15:35:43-04:00] 2026-09-30-MEIC-12:00-CALL CLOSE (HALT) submitted @ +30.00
[2026-09-30T15:35:43-04:00] 2026-09-30-MEIC-12:30-CALL CLOSE (HALT) submitted @ +30.00
[2026-09-30T15:35:44-04:00] 2026-09-30-MEIC-13:00-CALL CLOSE (HALT) submitted @ +30.00
[2026-09-30T15:35:44-04:00] 2026-09-30-MEIC-13:30-PUT CLOSE (HALT) submitted @ +30.00
[2026-09-30T15:35:45-04:00] 2026-09-30-MEIC-13:30-CALL CLOSE (HALT) submitted @ +30.00
[2026-09-30T15:35:45-04:00] 2026-09-30-MEIC-14:00-CALL CLOSE (HALT) submitted @ +30.00
[2026-09-30T15:36:17-04:00] 2026-09-30-MEIC-12:00-CALL close REJECTED (Your limit price is significantly away from the current market price. Please adj) — retry 1/3
[2026-09-30T15:36:18-04:00] 2026-09-30-MEIC-12:30-CALL close REJECTED (Your limit price is significantly away from the current market price. Please adj) — retry 1/3
[2026-09-30T15:36:18-04:00] 2026-09-30-MEIC-13:00-CALL close REJECTED (Your limit price is significantly away from the current market price. Please adj) — retry 1/3
[2026-09-30T15:36:19-04:00] 2026-09-30-MEIC-13:30-PUT close REJECTED (Your limit price is significantly away from the current market price. Please adj) — retry 1/3
[2026-09-30T15:36:19-04:00] 2026-09-30-MEIC-13:30-CALL close REJECTED (Your limit price is significantly away from the current market price. Please adj) — retry 1/3
[2026-09-30T15:36:19-04:00] 2026-09-30-MEIC-14:00-CALL close REJECTED (Your limit price is significantly away from the current market price. Please adj) — retry 1/3
[2026-09-30T15:36:20-04:00] 2026-09-30-MEIC-12:00-CALL CLOSE (HALT) submitted @ +30.00
[2026-09-30T15:36:20-04:00] 2026-09-30-MEIC-12:30-CALL CLOSE (HALT) submitted @ +30.00
[2026-09-30T15:36:21-04:00] 2026-09-30-MEIC-13:00-CALL CLOSE (HALT) submitted @ +30.00
[2026-09-30T15:36:21-04:00] 2026-09-30-MEIC-13:30-PUT CLOSE (HALT) submitted @ +30.00
[2026-09-30T15:36:22-04:00] 2026-09-30-MEIC-13:30-CALL CLOSE (HALT) submitted @ +30.00
[2026-09-30T15:36:22-04:00] 2026-09-30-MEIC-14:00-CALL CLOSE (HALT) submitted @ +30.00
[2026-09-30T15:36:54-04:00] 2026-09-30-MEIC-12:00-CALL close REJECTED (Your limit price is significantly away from the current market price. Please adj) — retry 1/3
[2026-09-30T15:36:54-04:00] 2026-09-30-MEIC-12:30-CALL close REJECTED (Your limit price is significantly away from the current market price. Please adj) — retry 1/3
[2026-09-30T15:36:55-04:00] 2026-09-30-MEIC-13:00-CALL close REJECTED (Your limit price is significantly away from the current market price. Please adj) — retry 1/3
[2026-09-30T15:36:55-04:00] 2026-09-30-MEIC-13:30-PUT close REJECTED (Your limit price is significantly away from the current market price. Please adj) — retry 1/3
[2026-09-30T15:36:56-04:00] 2026-09-30-MEIC-13:30-CALL close REJECTED (Your limit price is significantly away from the current market price. Please adj) — retry 1/3
[2026-09-30T15:36:56-04:00] 2026-09-30-MEIC-14:00-CALL close REJECTED (Your limit price is significantly away from the current market price. Please adj) — retry 1/3
[2026-09-30T15:36:56-04:00] 2026-09-30-MEIC-12:00-CALL CLOSE (HALT) submitted @ +30.00
[2026-09-30T15:36:57-04:00] 2026-09-30-MEIC-12:30-CALL CLOSE (HALT) submitted @ +30.00
[2026-09-30T15:36:57-04:00] 2026-09-30-MEIC-13:00-CALL CLOSE (HALT) submitted @ +30.00
[2026-09-30T15:36:58-04:00] 2026-09-30-MEIC-13:30-PUT CLOSE (HALT) submitted @ +30.00
[2026-09-30T15:36:58-04:00] 2026-09-30-MEIC-13:30-CALL CLOSE (HALT) submitted @ +30.00
[2026-09-30T15:36:59-04:00] 2026-09-30-MEIC-14:00-CALL CLOSE (HALT) submitted @ +30.00
[2026-09-30T15:37:31-04:00] 2026-09-30-MEIC-12:00-CALL close REJECTED (Your limit price is significantly away from the current market price. Please adj) — retry 1/3
[2026-09-30T15:37:31-04:00] 2026-09-30-MEIC-12:30-CALL close REJECTED (Your limit price is significantly away from the current market price. Please adj) — retry 1/3
[2026-09-30T15:37:31-04:00] 2026-09-30-MEIC-13:00-CALL close REJECTED (Your limit price is significantly away from the current market price. Please adj) — retry 1/3
[2026-09-30T15:37:32-04:00] 2026-09-30-MEIC-13:30-PUT close REJECTED (Your limit price is significantly away from the current market price. Please adj) — retry 1/3
[2026-09-30T15:37:32-04:00] 2026-09-30-MEIC-13:30-CALL close REJECTED (Your limit price is significantly away from the current market price. Please adj) — retry 1/3
[2026-09-30T15:37:33-04:00] 2026-09-30-MEIC-14:00-CALL close REJECTED (Your limit price is significantly away from the current market price. Please adj) — retry 1/3
[2026-09-30T15:37:33-04:00] 2026-09-30-MEIC-12:00-CALL CLOSE (HALT) submitted @ +30.00
[2026-09-30T15:37:34-04:00] 2026-09-30-MEIC-12:30-CALL CLOSE (HALT) submitted @ +30.00
[2026-09-30T15:37:34-04:00] 2026-09-30-MEIC-13:00-CALL CLOSE (HALT) submitted @ +30.00
[2026-09-30T15:37:35-04:00] 2026-09-30-MEIC-13:30-PUT CLOSE (HALT) submitted @ +30.00
[2026-09-30T15:37:35-04:00] 2026-09-30-MEIC-13:30-CALL CLOSE (HALT) submitted @ +30.00
[2026-09-30T15:37:36-04:00] 2026-09-30-MEIC-14:00-CALL CLOSE (HALT) submitted @ +30.00
[2026-09-30T15:38:09-04:00] 2026-09-30-MEIC-12:00-CALL close REJECTED (Your limit price is significantly away from the current market price. Please adj) — retry 1/3
[2026-09-30T15:38:09-04:00] 2026-09-30-MEIC-12:30-CALL close REJECTED (Your limit price is significantly away from the current market price. Please adj) — retry 1/3
[2026-09-30T15:38:09-04:00] 2026-09-30-MEIC-13:00-CALL close REJECTED (Your limit price is significantly away from the current market price. Please adj) — retry 1/3
[2026-09-30T15:38:10-04:00] 2026-09-30-MEIC-13:30-PUT close REJECTED (Your limit price is significantly away from the current market price. Please adj) — retry 1/3
[2026-09-30T15:38:10-04:00] 2026-09-30-MEIC-13:30-CALL close REJECTED (Your limit price is significantly away from the current market price. Please adj) — retry 1/3
[2026-09-30T15:38:11-04:00] 2026-09-30-MEIC-14:00-CALL close REJECTED (Your limit price is significantly away from the current market price. Please adj) — retry 1/3
[2026-09-30T15:38:11-04:00] 2026-09-30-MEIC-12:00-CALL CLOSE (HALT) submitted @ +30.00
[2026-09-30T15:38:12-04:00] 2026-09-30-MEIC-12:30-CALL CLOSE (HALT) submitted @ +30.00
[2026-09-30T15:38:12-04:00] 2026-09-30-MEIC-13:00-CALL CLOSE (HALT) submitted @ +30.00
[2026-09-30T15:38:12-04:00] 2026-09-30-MEIC-13:30-PUT CLOSE (HALT) submitted @ +30.00
[2026-09-30T15:38:13-04:00] 2026-09-30-MEIC-13:30-CALL CLOSE (HALT) submitted @ +30.00
[2026-09-30T15:38:13-04:00] 2026-09-30-MEIC-14:00-CALL CLOSE (HALT) submitted @ +30.00
[2026-09-30T15:38:46-04:00] 2026-09-30-MEIC-12:00-CALL close REJECTED (Your limit price is significantly away from the current market price. Please adj) — retry 1/3
[2026-09-30T15:38:46-04:00] 2026-09-30-MEIC-12:30-CALL close REJECTED (Your limit price is significantly away from the current market price. Please adj) — retry 1/3
[2026-09-30T15:38:46-04:00] 2026-09-30-MEIC-13:00-CALL close REJECTED (Your limit price is significantly away from the current market price. Please adj) — retry 1/3
[2026-09-30T15:38:47-04:00] 2026-09-30-MEIC-13:30-PUT close REJECTED (Your limit price is significantly away from the current market price. Please adj) — retry 1/3
[2026-09-30T15:38:47-04:00] 2026-09-30-MEIC-13:30-CALL close REJECTED (Your limit price is significantly away from the current market price. Please adj) — retry 1/3
[2026-09-30T15:38:48-04:00] 2026-09-30-MEIC-14:00-CALL close REJECTED (Your limit price is significantly away from the current market price. Please adj) — retry 1/3
[2026-09-30T15:38:48-04:00] 2026-09-30-MEIC-12:00-CALL CLOSE (HALT) submitted @ +30.00
[2026-09-30T15:38:49-04:00] 2026-09-30-MEIC-12:30-CALL CLOSE (HALT) submitted @ +30.00
[2026-09-30T15:38:49-04:00] 2026-09-30-MEIC-13:00-CALL CLOSE (HALT) submitted @ +30.00
[2026-09-30T15:38:49-04:00] 2026-09-30-MEIC-13:30-PUT CLOSE (HALT) submitted @ +30.00
[2026-09-30T15:38:50-04:00] 2026-09-30-MEIC-13:30-CALL CLOSE (HALT) submitted @ +30.00
[2026-09-30T15:38:50-04:00] 2026-09-30-MEIC-14:00-CALL CLOSE (HALT) submitted @ +30.00
[2026-09-30T15:39:23-04:00] 2026-09-30-MEIC-12:00-CALL close REJECTED (Your limit price is significantly away from the current market price. Please adj) — retry 1/3
[2026-09-30T15:39:23-04:00] 2026-09-30-MEIC-12:30-CALL close REJECTED (Your limit price is significantly away from the current market price. Please adj) — retry 1/3
[2026-09-30T15:39:24-04:00] 2026-09-30-MEIC-13:00-CALL close REJECTED (Your limit price is significantly away from the current market price. Please adj) — retry 1/3
[2026-09-30T15:39:24-04:00] 2026-09-30-MEIC-13:30-PUT close REJECTED (Your limit price is significantly away from the current market price. Please adj) — retry 1/3
[2026-09-30T15:39:25-04:00] 2026-09-30-MEIC-13:30-CALL close REJECTED (Your limit price is significantly away from the current market price. Please adj) — retry 1/3
[2026-09-30T15:39:25-04:00] 2026-09-30-MEIC-14:00-CALL close REJECTED (Your limit price is significantly away from the current market price. Please adj) — retry 1/3
[2026-09-30T15:39:26-04:00] 2026-09-30-MEIC-12:00-CALL CLOSE (HALT) submitted @ +30.00
[2026-09-30T15:39:26-04:00] 2026-09-30-MEIC-12:30-CALL CLOSE (HALT) submitted @ +30.00
[2026-09-30T15:39:27-04:00] 2026-09-30-MEIC-13:00-CALL CLOSE (HALT) submitted @ +30.00
[2026-09-30T15:39:27-04:00] 2026-09-30-MEIC-13:30-PUT CLOSE (HALT) submitted @ +30.00
[2026-09-30T15:39:28-04:00] 2026-09-30-MEIC-13:30-CALL CLOSE (HALT) submitted @ +30.00
[2026-09-30T15:39:28-04:00] 2026-09-30-MEIC-14:00-CALL CLOSE (HALT) submitted @ +30.00
[2026-09-30T15:40:00-04:00] 2026-09-30-MEIC-12:00-CALL close REJECTED (Your limit price is significantly away from the current market price. Please adj) — retry 1/3
[2026-09-30T15:40:01-04:00] 2026-09-30-MEIC-12:30-CALL close REJECTED (Your limit price is significantly away from the current market price. Please adj) — retry 1/3
[2026-09-30T15:40:01-04:00] 2026-09-30-MEIC-13:00-CALL close REJECTED (Your limit price is significantly away from the current market price. Please adj) — retry 1/3
[2026-09-30T15:40:02-04:00] 2026-09-30-MEIC-13:30-PUT close REJECTED (Your limit price is significantly away from the current market price. Please adj) — retry 1/3
[2026-09-30T15:40:02-04:00] 2026-09-30-MEIC-13:30-CALL close REJECTED (Your limit price is significantly away from the current market price. Please adj) — retry 1/3
[2026-09-30T15:40:03-04:00] 2026-09-30-MEIC-14:00-CALL close REJECTED (Your limit price is significantly away from the current market price. Please adj) — retry 1/3
[2026-09-30T15:40:03-04:00] 2026-09-30-MEIC-12:00-CALL CLOSE (HALT) submitted @ +30.00
[2026-09-30T15:40:04-04:00] 2026-09-30-MEIC-12:30-CALL CLOSE (HALT) submitted @ +30.00
[2026-09-30T15:40:04-04:00] 2026-09-30-MEIC-13:00-CALL CLOSE (HALT) submitted @ +30.00
[2026-09-30T15:40:05-04:00] 2026-09-30-MEIC-13:30-PUT CLOSE (HALT) submitted @ +30.00
[2026-09-30T15:40:05-04:00] 2026-09-30-MEIC-13:30-CALL CLOSE (HALT) submitted @ +30.00
[2026-09-30T15:40:06-04:00] 2026-09-30-MEIC-14:00-CALL CLOSE (HALT) submitted @ +30.00
[2026-09-30T15:40:38-04:00] 2026-09-30-MEIC-12:00-CALL close REJECTED (Your limit price is significantly away from the current market price. Please adj) — retry 1/3
[2026-09-30T15:40:39-04:00] 2026-09-30-MEIC-12:30-CALL close REJECTED (Your limit price is significantly away from the current market price. Please adj) — retry 1/3
[2026-09-30T15:40:39-04:00] 2026-09-30-MEIC-13:00-CALL close REJECTED (Your limit price is significantly away from the current market price. Please adj) — retry 1/3
[2026-09-30T15:40:39-04:00] 2026-09-30-MEIC-13:30-PUT close REJECTED (Your limit price is significantly away from the current market price. Please adj) — retry 1/3
[2026-09-30T15:40:40-04:00] 2026-09-30-MEIC-13:30-CALL close REJECTED (Your limit price is significantly away from the current market price. Please adj) — retry 1/3
[2026-09-30T15:40:40-04:00] 2026-09-30-MEIC-14:00-CALL close REJECTED (Your limit price is significantly away from the current market price. Please adj) — retry 1/3
[2026-09-30T15:40:41-04:00] 2026-09-30-MEIC-12:00-CALL CLOSE (HALT) submitted @ +30.00
[2026-09-30T15:40:41-04:00] 2026-09-30-MEIC-12:30-CALL CLOSE (HALT) submitted @ +30.00
[2026-09-30T15:40:42-04:00] 2026-09-30-MEIC-13:00-CALL CLOSE (HALT) submitted @ +30.00
[2026-09-30T15:40:42-04:00] 2026-09-30-MEIC-13:30-PUT CLOSE (HALT) submitted @ +30.00
[2026-09-30T15:40:43-04:00] 2026-09-30-MEIC-13:30-CALL CLOSE (HALT) submitted @ +30.00
[2026-09-30T15:40:43-04:00] 2026-09-30-MEIC-14:00-CALL CLOSE (HALT) submitted @ +30.00
[2026-09-30T15:41:15-04:00] 2026-09-30-MEIC-12:00-CALL close REJECTED (Your limit price is significantly away from the current market price. Please adj) — retry 1/3
[2026-09-30T15:41:16-04:00] 2026-09-30-MEIC-12:30-CALL close REJECTED (Your limit price is significantly away from the current market price. Please adj) — retry 1/3
[2026-09-30T15:41:17-04:00] 2026-09-30-MEIC-13:00-CALL close REJECTED (Your limit price is significantly away from the current market price. Please adj) — retry 1/3
[2026-09-30T15:41:17-04:00] 2026-09-30-MEIC-13:30-PUT close REJECTED (Your limit price is significantly away from the current market price. Please adj) — retry 1/3
[2026-09-30T15:41:18-04:00] 2026-09-30-MEIC-13:30-CALL close REJECTED (Your limit price is significantly away from the current market price. Please adj) — retry 1/3
[2026-09-30T15:41:18-04:00] 2026-09-30-MEIC-14:00-CALL close REJECTED (Your limit price is significantly away from the current market price. Please adj) — retry 1/3
[2026-09-30T15:41:18-04:00] 2026-09-30-MEIC-12:00-CALL CLOSE (HALT) submitted @ +30.00
[2026-09-30T15:41:19-04:00] 2026-09-30-MEIC-12:30-CALL CLOSE (HALT) submitted @ +30.00
[2026-09-30T15:41:20-04:00] 2026-09-30-MEIC-13:00-CALL CLOSE (HALT) submitted @ +30.00
[2026-09-30T15:41:20-04:00] 2026-09-30-MEIC-13:30-PUT CLOSE (HALT) submitted @ +30.00
[2026-09-30T15:41:21-04:00] 2026-09-30-MEIC-13:30-CALL CLOSE (HALT) submitted @ +30.00
[2026-09-30T15:41:21-04:00] 2026-09-30-MEIC-14:00-CALL CLOSE (HALT) submitted @ +30.00
[2026-09-30T15:41:53-04:00] 2026-09-30-MEIC-12:00-CALL close REJECTED (Your limit price is significantly away from the current market price. Please adj) — retry 1/3
[2026-09-30T15:41:54-04:00] 2026-09-30-MEIC-12:30-CALL close REJECTED (Your limit price is significantly away from the current market price. Please adj) — retry 1/3
[2026-09-30T15:41:54-04:00] 2026-09-30-MEIC-13:00-CALL close REJECTED (Your limit price is significantly away from the current market price. Please adj) — retry 1/3
[2026-09-30T15:41:54-04:00] 2026-09-30-MEIC-13:30-PUT close REJECTED (Your limit price is significantly away from the current market price. Please adj) — retry 1/3
[2026-09-30T15:41:55-04:00] 2026-09-30-MEIC-13:30-CALL close REJECTED (Your limit price is significantly away from the current market price. Please adj) — retry 1/3
[2026-09-30T15:41:55-04:00] 2026-09-30-MEIC-14:00-CALL close REJECTED (Your limit price is significantly away from the current market price. Please adj) — retry 1/3
[2026-09-30T15:41:56-04:00] 2026-09-30-MEIC-12:00-CALL CLOSE (HALT) submitted @ +30.00
[2026-09-30T15:41:56-04:00] 2026-09-30-MEIC-12:30-CALL CLOSE (HALT) submitted @ +30.00
[2026-09-30T15:41:57-04:00] 2026-09-30-MEIC-13:00-CALL CLOSE (HALT) submitted @ +30.00
[2026-09-30T15:41:57-04:00] 2026-09-30-MEIC-13:30-PUT CLOSE (HALT) submitted @ +30.00
[2026-09-30T15:41:58-04:00] 2026-09-30-MEIC-13:30-CALL CLOSE (HALT) submitted @ +30.00
[2026-09-30T15:41:58-04:00] 2026-09-30-MEIC-14:00-CALL CLOSE (HALT) submitted @ +30.00
[2026-09-30T15:42:30-04:00] 2026-09-30-MEIC-12:00-CALL close REJECTED (Your limit price is significantly away from the current market price. Please adj) — retry 1/3
[2026-09-30T15:42:31-04:00] 2026-09-30-MEIC-12:30-CALL close REJECTED (Your limit price is significantly away from the current market price. Please adj) — retry 1/3
[2026-09-30T15:42:31-04:00] 2026-09-30-MEIC-13:00-CALL close REJECTED (Your limit price is significantly away from the current market price. Please adj) — retry 1/3
[2026-09-30T15:42:31-04:00] 2026-09-30-MEIC-13:30-PUT close REJECTED (Your limit price is significantly away from the current market price. Please adj) — retry 1/3
[2026-09-30T15:42:32-04:00] 2026-09-30-MEIC-13:30-CALL close REJECTED (Your limit price is significantly away from the current market price. Please adj) — retry 1/3
[2026-09-30T15:42:32-04:00] 2026-09-30-MEIC-14:00-CALL close REJECTED (Your limit price is significantly away from the current market price. Please adj) — retry 1/3
[2026-09-30T15:42:33-04:00] 2026-09-30-MEIC-12:00-CALL CLOSE (HALT) submitted @ +30.00
[2026-09-30T15:42:33-04:00] 2026-09-30-MEIC-12:30-CALL CLOSE (HALT) submitted @ +30.00
[2026-09-30T15:42:34-04:00] 2026-09-30-MEIC-13:00-CALL CLOSE (HALT) submitted @ +30.00
[2026-09-30T15:42:35-04:00] 2026-09-30-MEIC-13:30-PUT CLOSE (HALT) submitted @ +30.00
[2026-09-30T15:42:35-04:00] 2026-09-30-MEIC-13:30-CALL CLOSE (HALT) submitted @ +30.00
[2026-09-30T15:42:36-04:00] 2026-09-30-MEIC-14:00-CALL CLOSE (HALT) submitted @ +30.00
[2026-09-30T15:43:08-04:00] 2026-09-30-MEIC-12:00-CALL close REJECTED (Your limit price is significantly away from the current market price. Please adj) — retry 1/3
[2026-09-30T15:43:08-04:00] 2026-09-30-MEIC-12:30-CALL close REJECTED (Your limit price is significantly away from the current market price. Please adj) — retry 1/3
[2026-09-30T15:43:09-04:00] 2026-09-30-MEIC-13:00-CALL close REJECTED (Your limit price is significantly away from the current market price. Please adj) — retry 1/3
[2026-09-30T15:43:09-04:00] 2026-09-30-MEIC-13:30-PUT close REJECTED (Your limit price is significantly away from the current market price. Please adj) — retry 1/3
[2026-09-30T15:43:09-04:00] 2026-09-30-MEIC-13:30-CALL close REJECTED (Your limit price is significantly away from the current market price. Please adj) — retry 1/3
[2026-09-30T15:43:10-04:00] 2026-09-30-MEIC-14:00-CALL close REJECTED (Your limit price is significantly away from the current market price. Please adj) — retry 1/3
[2026-09-30T15:43:11-04:00] 2026-09-30-MEIC-12:00-CALL CLOSE (HALT) submitted @ +30.00
[2026-09-30T15:43:11-04:00] 2026-09-30-MEIC-12:30-CALL CLOSE (HALT) submitted @ +30.00
[2026-09-30T15:43:11-04:00] 2026-09-30-MEIC-13:00-CALL CLOSE (HALT) submitted @ +30.00
[2026-09-30T15:43:12-04:00] 2026-09-30-MEIC-13:30-PUT CLOSE (HALT) submitted @ +30.00
[2026-09-30T15:43:13-04:00] 2026-09-30-MEIC-13:30-CALL CLOSE (HALT) submitted @ +30.00
[2026-09-30T15:43:13-04:00] 2026-09-30-MEIC-14:00-CALL CLOSE (HALT) submitted @ +30.00
[2026-09-30T15:43:45-04:00] 2026-09-30-MEIC-12:00-CALL close REJECTED (Your limit price is significantly away from the current market price. Please adj) — retry 1/3
[2026-09-30T15:43:45-04:00] 2026-09-30-MEIC-12:30-CALL close REJECTED (Your limit price is significantly away from the current market price. Please adj) — retry 1/3
[2026-09-30T15:43:46-04:00] 2026-09-30-MEIC-13:00-CALL close REJECTED (Your limit price is significantly away from the current market price. Please adj) — retry 1/3
[2026-09-30T15:43:46-04:00] 2026-09-30-MEIC-13:30-PUT close REJECTED (Your limit price is significantly away from the current market price. Please adj) — retry 1/3
[2026-09-30T15:43:47-04:00] 2026-09-30-MEIC-13:30-CALL close REJECTED (Your limit price is significantly away from the current market price. Please adj) — retry 1/3
[2026-09-30T15:43:47-04:00] 2026-09-30-MEIC-14:00-CALL close REJECTED (Your limit price is significantly away from the current market price. Please adj) — retry 1/3
[2026-09-30T15:43:47-04:00] 2026-09-30-MEIC-12:00-CALL CLOSE (HALT) submitted @ +30.00
[2026-09-30T15:43:48-04:00] 2026-09-30-MEIC-12:30-CALL CLOSE (HALT) submitted @ +30.00
[2026-09-30T15:43:49-04:00] 2026-09-30-MEIC-13:00-CALL CLOSE (HALT) submitted @ +30.00
[2026-09-30T15:43:49-04:00] 2026-09-30-MEIC-13:30-PUT CLOSE (HALT) submitted @ +30.00
[2026-09-30T15:43:50-04:00] 2026-09-30-MEIC-13:30-CALL CLOSE (HALT) submitted @ +30.00
[2026-09-30T15:43:50-04:00] 2026-09-30-MEIC-14:00-CALL CLOSE (HALT) submitted @ +30.00
[2026-09-30T15:44:22-04:00] 2026-09-30-MEIC-12:00-CALL close REJECTED (Your limit price is significantly away from the current market price. Please adj) — retry 1/3
[2026-09-30T15:44:23-04:00] 2026-09-30-MEIC-12:30-CALL close REJECTED (Your limit price is significantly away from the current market price. Please adj) — retry 1/3
[2026-09-30T15:44:23-04:00] 2026-09-30-MEIC-13:00-CALL close REJECTED (Your limit price is significantly away from the current market price. Please adj) — retry 1/3
[2026-09-30T15:44:24-04:00] 2026-09-30-MEIC-13:30-PUT close REJECTED (Your limit price is significantly away from the current market price. Please adj) — retry 1/3
[2026-09-30T15:44:24-04:00] 2026-09-30-MEIC-13:30-CALL close REJECTED (Your limit price is significantly away from the current market price. Please adj) — retry 1/3
[2026-09-30T15:44:24-04:00] 2026-09-30-MEIC-14:00-CALL close REJECTED (Your limit price is significantly away from the current market price. Please adj) — retry 1/3
[2026-09-30T15:44:25-04:00] 2026-09-30-MEIC-12:00-CALL CLOSE (HALT) submitted @ +30.00
[2026-09-30T15:44:25-04:00] 2026-09-30-MEIC-12:30-CALL CLOSE (HALT) submitted @ +30.00
[2026-09-30T15:44:26-04:00] 2026-09-30-MEIC-13:00-CALL CLOSE (HALT) submitted @ +30.00
[2026-09-30T15:44:26-04:00] 2026-09-30-MEIC-13:30-PUT CLOSE (HALT) submitted @ +30.00
[2026-09-30T15:44:27-04:00] 2026-09-30-MEIC-13:30-CALL CLOSE (HALT) submitted @ +30.00
[2026-09-30T15:44:27-04:00] 2026-09-30-MEIC-14:00-CALL CLOSE (HALT) submitted @ +30.00
[2026-09-30T15:45:00-04:00] 2026-09-30-MEIC-12:00-CALL close REJECTED (Your limit price is significantly away from the current market price. Please adj) — retry 1/3
[2026-09-30T15:45:00-04:00] 2026-09-30-MEIC-12:30-CALL close REJECTED (Your limit price is significantly away from the current market price. Please adj) — retry 1/3
[2026-09-30T15:45:01-04:00] 2026-09-30-MEIC-13:00-CALL close REJECTED (Your limit price is significantly away from the current market price. Please adj) — retry 1/3
[2026-09-30T15:45:01-04:00] 2026-09-30-MEIC-13:30-PUT close REJECTED (Your limit price is significantly away from the current market price. Please adj) — retry 1/3
[2026-09-30T15:45:02-04:00] 2026-09-30-MEIC-13:30-CALL close REJECTED (Your limit price is significantly away from the current market price. Please adj) — retry 1/3
[2026-09-30T15:45:03-04:00] 2026-09-30-MEIC-14:00-CALL close REJECTED (Your limit price is significantly away from the current market price. Please adj) — retry 1/3
[2026-09-30T15:45:03-04:00] 2026-09-30-MEIC-12:00-CALL CLOSE (HALT) submitted @ +30.00
[2026-09-30T15:45:04-04:00] 2026-09-30-MEIC-12:30-CALL CLOSE (HALT) submitted @ +30.00
[2026-09-30T15:45:04-04:00] 2026-09-30-MEIC-13:00-CALL CLOSE (HALT) submitted @ +30.00
[2026-09-30T15:45:05-04:00] 2026-09-30-MEIC-13:30-PUT CLOSE (HALT) submitted @ +30.00
[2026-09-30T15:45:05-04:00] 2026-09-30-MEIC-13:30-CALL CLOSE (HALT) submitted @ +30.00
[2026-09-30T15:45:06-04:00] 2026-09-30-MEIC-14:00-CALL CLOSE (HALT) submitted @ +30.00
[2026-09-30T15:45:39-04:00] 2026-09-30-MEIC-12:00-CALL close REJECTED (Your limit price is significantly away from the current market price. Please adj) — retry 1/3
[2026-09-30T15:45:39-04:00] 2026-09-30-MEIC-12:30-CALL close REJECTED (Your limit price is significantly away from the current market price. Please adj) — retry 1/3
[2026-09-30T15:45:40-04:00] 2026-09-30-MEIC-13:00-CALL close REJECTED (Your limit price is significantly away from the current market price. Please adj) — retry 1/3
[2026-09-30T15:45:40-04:00] 2026-09-30-MEIC-13:30-PUT close REJECTED (Your limit price is significantly away from the current market price. Please adj) — retry 1/3
[2026-09-30T15:45:40-04:00] 2026-09-30-MEIC-13:30-CALL close REJECTED (Your limit price is significantly away from the current market price. Please adj) — retry 1/3
[2026-09-30T15:45:41-04:00] 2026-09-30-MEIC-14:00-CALL close REJECTED (Your limit price is significantly away from the current market price. Please adj) — retry 1/3
[2026-09-30T15:45:41-04:00] 2026-09-30-MEIC-12:00-CALL CLOSE (HALT) submitted @ +30.00
[2026-09-30T15:45:42-04:00] 2026-09-30-MEIC-12:30-CALL CLOSE (HALT) submitted @ +30.00
[2026-09-30T15:45:42-04:00] 2026-09-30-MEIC-13:00-CALL CLOSE (HALT) submitted @ +30.00
[2026-09-30T15:45:43-04:00] 2026-09-30-MEIC-13:30-PUT CLOSE (HALT) submitted @ +30.00
[2026-09-30T15:45:43-04:00] 2026-09-30-MEIC-13:30-CALL CLOSE (HALT) submitted @ +30.00
[2026-09-30T15:45:44-04:00] 2026-09-30-MEIC-14:00-CALL CLOSE (HALT) submitted @ +30.00
[2026-09-30T15:46:16-04:00] 2026-09-30-MEIC-12:00-CALL close REJECTED (Your limit price is significantly away from the current market price. Please adj) — retry 1/3
[2026-09-30T15:46:17-04:00] 2026-09-30-MEIC-12:30-CALL close REJECTED (Your limit price is significantly away from the current market price. Please adj) — retry 1/3
[2026-09-30T15:46:18-04:00] 2026-09-30-MEIC-13:00-CALL close REJECTED (Your limit price is significantly away from the current market price. Please adj) — retry 1/3
[2026-09-30T15:46:18-04:00] 2026-09-30-MEIC-13:30-PUT close REJECTED (Your limit price is significantly away from the current market price. Please adj) — retry 1/3
[2026-09-30T15:46:18-04:00] 2026-09-30-MEIC-13:30-CALL close REJECTED (Your limit price is significantly away from the current market price. Please adj) — retry 1/3
[2026-09-30T15:46:19-04:00] 2026-09-30-MEIC-14:00-CALL close REJECTED (Your limit price is significantly away from the current market price. Please adj) — retry 1/3
[2026-09-30T15:46:19-04:00] 2026-09-30-MEIC-12:00-CALL CLOSE (HALT) submitted @ +30.00
[2026-09-30T15:46:20-04:00] 2026-09-30-MEIC-12:30-CALL CLOSE (HALT) submitted @ +30.00
[2026-09-30T15:46:20-04:00] 2026-09-30-MEIC-13:00-CALL CLOSE (HALT) submitted @ +30.00
[2026-09-30T15:46:21-04:00] 2026-09-30-MEIC-13:30-PUT CLOSE (HALT) submitted @ +30.00
[2026-09-30T15:46:21-04:00] 2026-09-30-MEIC-13:30-CALL CLOSE (HALT) submitted @ +30.00
[2026-09-30T15:46:22-04:00] 2026-09-30-MEIC-14:00-CALL CLOSE (HALT) submitted @ +30.00
[2026-09-30T15:46:54-04:00] 2026-09-30-MEIC-12:00-CALL close REJECTED (Your limit price is significantly away from the current market price. Please adj) — retry 1/3
[2026-09-30T15:46:54-04:00] 2026-09-30-MEIC-12:30-CALL close REJECTED (Your limit price is significantly away from the current market price. Please adj) — retry 1/3
[2026-09-30T15:46:55-04:00] 2026-09-30-MEIC-13:00-CALL close REJECTED (Your limit price is significantly away from the current market price. Please adj) — retry 1/3
[2026-09-30T15:46:55-04:00] 2026-09-30-MEIC-13:30-PUT close REJECTED (Your limit price is significantly away from the current market price. Please adj) — retry 1/3
[2026-09-30T15:46:56-04:00] 2026-09-30-MEIC-13:30-CALL close REJECTED (Your limit price is significantly away from the current market price. Please adj) — retry 1/3
[2026-09-30T15:46:56-04:00] 2026-09-30-MEIC-14:00-CALL close REJECTED (Your limit price is significantly away from the current market price. Please adj) — retry 1/3
[2026-09-30T15:46:56-04:00] 2026-09-30-MEIC-12:00-CALL CLOSE (HALT) submitted @ +30.00
[2026-09-30T15:46:57-04:00] 2026-09-30-MEIC-12:30-CALL CLOSE (HALT) submitted @ +30.00
[2026-09-30T15:46:57-04:00] 2026-09-30-MEIC-13:00-CALL CLOSE (HALT) submitted @ +30.00
[2026-09-30T15:46:58-04:00] 2026-09-30-MEIC-13:30-PUT CLOSE (HALT) submitted @ +30.00
[2026-09-30T15:46:58-04:00] 2026-09-30-MEIC-13:30-CALL CLOSE (HALT) submitted @ +30.00
[2026-09-30T15:46:59-04:00] 2026-09-30-MEIC-14:00-CALL CLOSE (HALT) submitted @ +30.00
[2026-09-30T15:47:31-04:00] 2026-09-30-MEIC-12:00-CALL close REJECTED (Your limit price is significantly away from the current market price. Please adj) — retry 1/3
[2026-09-30T15:47:32-04:00] 2026-09-30-MEIC-12:30-CALL close REJECTED (Your limit price is significantly away from the current market price. Please adj) — retry 1/3
[2026-09-30T15:47:32-04:00] 2026-09-30-MEIC-13:00-CALL close REJECTED (Your limit price is significantly away from the current market price. Please adj) — retry 1/3
[2026-09-30T15:47:33-04:00] 2026-09-30-MEIC-13:30-PUT close REJECTED (Your limit price is significantly away from the current market price. Please adj) — retry 1/3
[2026-09-30T15:47:33-04:00] 2026-09-30-MEIC-13:30-CALL close REJECTED (Your limit price is significantly away from the current market price. Please adj) — retry 1/3
[2026-09-30T15:47:34-04:00] 2026-09-30-MEIC-14:00-CALL close REJECTED (Your limit price is significantly away from the current market price. Please adj) — retry 1/3
[2026-09-30T15:47:34-04:00] 2026-09-30-MEIC-12:00-CALL CLOSE (HALT) submitted @ +30.00
[2026-09-30T15:47:34-04:00] 2026-09-30-MEIC-12:30-CALL CLOSE (HALT) submitted @ +30.00
[2026-09-30T15:47:35-04:00] 2026-09-30-MEIC-13:00-CALL CLOSE (HALT) submitted @ +30.00
[2026-09-30T15:47:35-04:00] 2026-09-30-MEIC-13:30-PUT CLOSE (HALT) submitted @ +30.00
[2026-09-30T15:47:36-04:00] 2026-09-30-MEIC-13:30-CALL CLOSE (HALT) submitted @ +30.00
[2026-09-30T15:47:36-04:00] 2026-09-30-MEIC-14:00-CALL CLOSE (HALT) submitted @ +30.00
[2026-09-30T15:48:09-04:00] 2026-09-30-MEIC-12:00-CALL close REJECTED (Your limit price is significantly away from the current market price. Please adj) — retry 1/3
[2026-09-30T15:48:10-04:00] 2026-09-30-MEIC-12:30-CALL close REJECTED (Your limit price is significantly away from the current market price. Please adj) — retry 1/3
[2026-09-30T15:48:10-04:00] 2026-09-30-MEIC-13:00-CALL close REJECTED (Your limit price is significantly away from the current market price. Please adj) — retry 1/3
[2026-09-30T15:48:10-04:00] 2026-09-30-MEIC-13:30-PUT close REJECTED (Your limit price is significantly away from the current market price. Please adj) — retry 1/3
[2026-09-30T15:48:11-04:00] 2026-09-30-MEIC-13:30-CALL close REJECTED (Your limit price is significantly away from the current market price. Please adj) — retry 1/3
[2026-09-30T15:48:11-04:00] 2026-09-30-MEIC-14:00-CALL close REJECTED (Your limit price is significantly away from the current market price. Please adj) — retry 1/3
[2026-09-30T15:48:12-04:00] 2026-09-30-MEIC-12:00-CALL CLOSE (HALT) submitted @ +30.00
[2026-09-30T15:48:13-04:00] 2026-09-30-MEIC-12:30-CALL CLOSE (HALT) submitted @ +30.00
[2026-09-30T15:48:13-04:00] 2026-09-30-MEIC-13:00-CALL CLOSE (HALT) submitted @ +30.00
[2026-09-30T15:48:14-04:00] 2026-09-30-MEIC-13:30-PUT CLOSE (HALT) submitted @ +30.00
[2026-09-30T15:48:14-04:00] 2026-09-30-MEIC-13:30-CALL CLOSE (HALT) submitted @ +30.00
[2026-09-30T15:48:15-04:00] 2026-09-30-MEIC-14:00-CALL CLOSE (HALT) submitted @ +30.00
[2026-09-30T15:48:47-04:00] 2026-09-30-MEIC-12:00-CALL close REJECTED (Your limit price is significantly away from the current market price. Please adj) — retry 1/3
[2026-09-30T15:48:47-04:00] 2026-09-30-MEIC-12:30-CALL close REJECTED (Your limit price is significantly away from the current market price. Please adj) — retry 1/3
[2026-09-30T15:48:48-04:00] 2026-09-30-MEIC-13:00-CALL close REJECTED (Your limit price is significantly away from the current market price. Please adj) — retry 1/3
[2026-09-30T15:48:48-04:00] 2026-09-30-MEIC-13:30-PUT close REJECTED (Your limit price is significantly away from the current market price. Please adj) — retry 1/3
[2026-09-30T15:48:49-04:00] 2026-09-30-MEIC-13:30-CALL close REJECTED (Your limit price is significantly away from the current market price. Please adj) — retry 1/3
[2026-09-30T15:48:50-04:00] 2026-09-30-MEIC-14:00-CALL close REJECTED (Your limit price is significantly away from the current market price. Please adj) — retry 1/3
[2026-09-30T15:48:50-04:00] 2026-09-30-MEIC-12:00-CALL CLOSE (HALT) submitted @ +30.00
[2026-09-30T15:48:51-04:00] 2026-09-30-MEIC-12:30-CALL CLOSE (HALT) submitted @ +30.00
[2026-09-30T15:48:51-04:00] 2026-09-30-MEIC-13:00-CALL CLOSE (HALT) submitted @ +30.00
[2026-09-30T15:48:52-04:00] 2026-09-30-MEIC-13:30-PUT CLOSE (HALT) submitted @ +30.00
[2026-09-30T15:48:53-04:00] 2026-09-30-MEIC-13:30-CALL CLOSE (HALT) submitted @ +30.00
[2026-09-30T15:48:53-04:00] 2026-09-30-MEIC-14:00-CALL CLOSE (HALT) submitted @ +30.00
[2026-09-30T15:49:26-04:00] 2026-09-30-MEIC-12:00-CALL close REJECTED (Your limit price is significantly away from the current market price. Please adj) — retry 1/3
[2026-09-30T15:49:26-04:00] 2026-09-30-MEIC-12:30-CALL close REJECTED (Your limit price is significantly away from the current market price. Please adj) — retry 1/3
[2026-09-30T15:49:27-04:00] 2026-09-30-MEIC-13:00-CALL close REJECTED (Your limit price is significantly away from the current market price. Please adj) — retry 1/3
[2026-09-30T15:49:27-04:00] 2026-09-30-MEIC-13:30-PUT close REJECTED (Your limit price is significantly away from the current market price. Please adj) — retry 1/3
[2026-09-30T15:49:28-04:00] 2026-09-30-MEIC-13:30-CALL close REJECTED (Your limit price is significantly away from the current market price. Please adj) — retry 1/3
[2026-09-30T15:49:28-04:00] 2026-09-30-MEIC-14:00-CALL close REJECTED (Your limit price is significantly away from the current market price. Please adj) — retry 1/3
[2026-09-30T15:49:29-04:00] 2026-09-30-MEIC-12:00-CALL CLOSE (HALT) submitted @ +30.00
[2026-09-30T15:49:29-04:00] 2026-09-30-MEIC-12:30-CALL CLOSE (HALT) submitted @ +30.00
[2026-09-30T15:49:30-04:00] 2026-09-30-MEIC-13:00-CALL CLOSE (HALT) submitted @ +30.00
[2026-09-30T15:49:31-04:00] 2026-09-30-MEIC-13:30-PUT CLOSE (HALT) submitted @ +30.00
[2026-09-30T15:49:31-04:00] 2026-09-30-MEIC-13:30-CALL CLOSE (HALT) submitted @ +30.00
[2026-09-30T15:49:32-04:00] 2026-09-30-MEIC-14:00-CALL CLOSE (HALT) submitted @ +30.00
[2026-09-30T15:50:04-04:00] 2026-09-30-MEIC-12:00-CALL close REJECTED (Your limit price is significantly away from the current market price. Please adj) — retry 1/3
[2026-09-30T15:50:05-04:00] 2026-09-30-MEIC-12:30-CALL close REJECTED (Your limit price is significantly away from the current market price. Please adj) — retry 1/3
[2026-09-30T15:50:05-04:00] 2026-09-30-MEIC-13:00-CALL close REJECTED (Your limit price is significantly away from the current market price. Please adj) — retry 1/3
[2026-09-30T15:50:06-04:00] 2026-09-30-MEIC-13:30-PUT close REJECTED (Your limit price is significantly away from the current market price. Please adj) — retry 1/3
[2026-09-30T15:50:06-04:00] 2026-09-30-MEIC-13:30-CALL close REJECTED (Your limit price is significantly away from the current market price. Please adj) — retry 1/3
[2026-09-30T15:50:07-04:00] 2026-09-30-MEIC-14:00-CALL close REJECTED (Your limit price is significantly away from the current market price. Please adj) — retry 1/3
[2026-09-30T15:50:07-04:00] 2026-09-30-MEIC-12:00-CALL CLOSE (HALT) submitted @ +30.00
[2026-09-30T15:50:08-04:00] 2026-09-30-MEIC-12:30-CALL CLOSE (HALT) submitted @ +30.00
[2026-09-30T15:50:08-04:00] 2026-09-30-MEIC-13:00-CALL CLOSE (HALT) submitted @ +30.00
[2026-09-30T15:50:09-04:00] 2026-09-30-MEIC-13:30-PUT CLOSE (HALT) submitted @ +30.00
[2026-09-30T15:50:09-04:00] 2026-09-30-MEIC-13:30-CALL CLOSE (HALT) submitted @ +30.00
[2026-09-30T15:50:10-04:00] 2026-09-30-MEIC-14:00-CALL CLOSE (HALT) submitted @ +30.00
[2026-09-30T15:50:43-04:00] 2026-09-30-MEIC-12:00-CALL close REJECTED (Your limit price is significantly away from the current market price. Please adj) — retry 1/3
[2026-09-30T15:50:43-04:00] 2026-09-30-MEIC-12:30-CALL close REJECTED (Your limit price is significantly away from the current market price. Please adj) — retry 1/3
[2026-09-30T15:50:44-04:00] 2026-09-30-MEIC-13:00-CALL close REJECTED (Your limit price is significantly away from the current market price. Please adj) — retry 1/3
[2026-09-30T15:50:44-04:00] 2026-09-30-MEIC-13:30-PUT close REJECTED (Your limit price is significantly away from the current market price. Please adj) — retry 1/3
[2026-09-30T15:50:44-04:00] 2026-09-30-MEIC-13:30-CALL close REJECTED (Your limit price is significantly away from the current market price. Please adj) — retry 1/3
[2026-09-30T15:50:45-04:00] 2026-09-30-MEIC-14:00-CALL close REJECTED (Your limit price is significantly away from the current market price. Please adj) — retry 1/3
[2026-09-30T15:50:45-04:00] 2026-09-30-MEIC-12:00-CALL CLOSE (HALT) submitted @ +30.00
[2026-09-30T15:50:46-04:00] 2026-09-30-MEIC-12:30-CALL CLOSE (HALT) submitted @ +30.00
[2026-09-30T15:50:46-04:00] 2026-09-30-MEIC-13:00-CALL CLOSE (HALT) submitted @ +30.00
[2026-09-30T15:50:47-04:00] 2026-09-30-MEIC-13:30-PUT CLOSE (HALT) submitted @ +30.00
[2026-09-30T15:50:47-04:00] 2026-09-30-MEIC-13:30-CALL CLOSE (HALT) submitted @ +30.00
[2026-09-30T15:50:48-04:00] 2026-09-30-MEIC-14:00-CALL CLOSE (HALT) submitted @ +30.00
[2026-09-30T15:51:20-04:00] 2026-09-30-MEIC-12:00-CALL close REJECTED (Your limit price is significantly away from the current market price. Please adj) — retry 1/3
[2026-09-30T15:51:20-04:00] 2026-09-30-MEIC-12:30-CALL close REJECTED (Your limit price is significantly away from the current market price. Please adj) — retry 1/3
[2026-09-30T15:51:21-04:00] 2026-09-30-MEIC-13:00-CALL close REJECTED (Your limit price is significantly away from the current market price. Please adj) — retry 1/3
[2026-09-30T15:51:21-04:00] 2026-09-30-MEIC-13:30-PUT close REJECTED (Your limit price is significantly away from the current market price. Please adj) — retry 1/3
[2026-09-30T15:51:22-04:00] 2026-09-30-MEIC-13:30-CALL close REJECTED (Your limit price is significantly away from the current market price. Please adj) — retry 1/3
[2026-09-30T15:51:22-04:00] 2026-09-30-MEIC-14:00-CALL close REJECTED (Your limit price is significantly away from the current market price. Please adj) — retry 1/3
[2026-09-30T15:51:23-04:00] 2026-09-30-MEIC-12:00-CALL CLOSE (HALT) submitted @ +30.00
[2026-09-30T15:51:23-04:00] 2026-09-30-MEIC-12:30-CALL CLOSE (HALT) submitted @ +30.00
[2026-09-30T15:51:24-04:00] 2026-09-30-MEIC-13:00-CALL CLOSE (HALT) submitted @ +30.00
[2026-09-30T15:51:24-04:00] 2026-09-30-MEIC-13:30-PUT CLOSE (HALT) submitted @ +30.00
[2026-09-30T15:51:25-04:00] 2026-09-30-MEIC-13:30-CALL CLOSE (HALT) submitted @ +30.00
[2026-09-30T15:51:26-04:00] 2026-09-30-MEIC-14:00-CALL CLOSE (HALT) submitted @ +30.00
[2026-09-30T15:51:58-04:00] 2026-09-30-MEIC-12:00-CALL close REJECTED (Your limit price is significantly away from the current market price. Please adj) — retry 1/3
[2026-09-30T15:51:58-04:00] 2026-09-30-MEIC-12:30-CALL close REJECTED (Your limit price is significantly away from the current market price. Please adj) — retry 1/3
[2026-09-30T15:51:58-04:00] 2026-09-30-MEIC-13:00-CALL close REJECTED (Your limit price is significantly away from the current market price. Please adj) — retry 1/3
[2026-09-30T15:51:59-04:00] 2026-09-30-MEIC-13:30-PUT close REJECTED (Your limit price is significantly away from the current market price. Please adj) — retry 1/3
[2026-09-30T15:51:59-04:00] 2026-09-30-MEIC-13:30-CALL close REJECTED (Your limit price is significantly away from the current market price. Please adj) — retry 1/3
[2026-09-30T15:52:00-04:00] 2026-09-30-MEIC-14:00-CALL close REJECTED (Your limit price is significantly away from the current market price. Please adj) — retry 1/3
[2026-09-30T15:52:00-04:00] 2026-09-30-MEIC-12:00-CALL CLOSE (HALT) submitted @ +30.00
[2026-09-30T15:52:01-04:00] 2026-09-30-MEIC-12:30-CALL CLOSE (HALT) submitted @ +30.00
[2026-09-30T15:52:02-04:00] 2026-09-30-MEIC-13:00-CALL CLOSE (HALT) submitted @ +30.00
[2026-09-30T15:52:02-04:00] 2026-09-30-MEIC-13:30-PUT CLOSE (HALT) submitted @ +30.00
[2026-09-30T15:52:03-04:00] 2026-09-30-MEIC-13:30-CALL CLOSE (HALT) submitted @ +30.00
[2026-09-30T15:52:03-04:00] 2026-09-30-MEIC-14:00-CALL CLOSE (HALT) submitted @ +30.00
[2026-09-30T15:52:36-04:00] 2026-09-30-MEIC-12:00-CALL close REJECTED (Your limit price is significantly away from the current market price. Please adj) — retry 1/3
[2026-09-30T15:52:36-04:00] 2026-09-30-MEIC-12:30-CALL close REJECTED (Your limit price is significantly away from the current market price. Please adj) — retry 1/3
[2026-09-30T15:52:36-04:00] 2026-09-30-MEIC-13:00-CALL close REJECTED (Your limit price is significantly away from the current market price. Please adj) — retry 1/3
[2026-09-30T15:52:37-04:00] 2026-09-30-MEIC-13:30-PUT close REJECTED (Your limit price is significantly away from the current market price. Please adj) — retry 1/3
[2026-09-30T15:52:37-04:00] 2026-09-30-MEIC-13:30-CALL close REJECTED (Your limit price is significantly away from the current market price. Please adj) — retry 1/3
[2026-09-30T15:52:38-04:00] 2026-09-30-MEIC-14:00-CALL close REJECTED (Your limit price is significantly away from the current market price. Please adj) — retry 1/3
[2026-09-30T15:52:38-04:00] 2026-09-30-MEIC-12:00-CALL CLOSE (HALT) submitted @ +30.00
[2026-09-30T15:52:39-04:00] 2026-09-30-MEIC-12:30-CALL CLOSE (HALT) submitted @ +30.00
[2026-09-30T15:52:39-04:00] 2026-09-30-MEIC-13:00-CALL CLOSE (HALT) submitted @ +30.00
[2026-09-30T15:52:40-04:00] 2026-09-30-MEIC-13:30-PUT CLOSE (HALT) submitted @ +30.00
[2026-09-30T15:52:40-04:00] 2026-09-30-MEIC-13:30-CALL CLOSE (HALT) submitted @ +30.00
[2026-09-30T15:52:40-04:00] 2026-09-30-MEIC-14:00-CALL CLOSE (HALT) submitted @ +30.00
[2026-09-30T15:53:13-04:00] 2026-09-30-MEIC-12:00-CALL close REJECTED (Your limit price is significantly away from the current market price. Please adj) — retry 1/3
[2026-09-30T15:53:13-04:00] 2026-09-30-MEIC-12:30-CALL close REJECTED (Your limit price is significantly away from the current market price. Please adj) — retry 1/3
[2026-09-30T15:53:14-04:00] 2026-09-30-MEIC-13:00-CALL close REJECTED (Your limit price is significantly away from the current market price. Please adj) — retry 1/3
[2026-09-30T15:53:14-04:00] 2026-09-30-MEIC-13:30-PUT close REJECTED (Your limit price is significantly away from the current market price. Please adj) — retry 1/3
[2026-09-30T15:53:14-04:00] 2026-09-30-MEIC-13:30-CALL close REJECTED (Your limit price is significantly away from the current market price. Please adj) — retry 1/3
[2026-09-30T15:53:15-04:00] 2026-09-30-MEIC-14:00-CALL close REJECTED (Your limit price is significantly away from the current market price. Please adj) — retry 1/3
[2026-09-30T15:53:15-04:00] 2026-09-30-MEIC-12:00-CALL CLOSE (HALT) submitted @ +30.00
[2026-09-30T15:53:16-04:00] 2026-09-30-MEIC-12:30-CALL CLOSE (HALT) submitted @ +30.00
[2026-09-30T15:53:16-04:00] 2026-09-30-MEIC-13:00-CALL CLOSE (HALT) submitted @ +30.00
[2026-09-30T15:53:17-04:00] 2026-09-30-MEIC-13:30-PUT CLOSE (HALT) submitted @ +30.00
[2026-09-30T15:53:17-04:00] 2026-09-30-MEIC-13:30-CALL CLOSE (HALT) submitted @ +30.00
[2026-09-30T15:53:18-04:00] 2026-09-30-MEIC-14:00-CALL CLOSE (HALT) submitted @ +30.00
[2026-09-30T15:53:50-04:00] 2026-09-30-MEIC-12:00-CALL close REJECTED (Your limit price is significantly away from the current market price. Please adj) — retry 1/3
[2026-09-30T15:53:51-04:00] 2026-09-30-MEIC-12:30-CALL close REJECTED (Your limit price is significantly away from the current market price. Please adj) — retry 1/3
[2026-09-30T15:53:51-04:00] 2026-09-30-MEIC-13:00-CALL close REJECTED (Your limit price is significantly away from the current market price. Please adj) — retry 1/3
[2026-09-30T15:53:52-04:00] 2026-09-30-MEIC-13:30-PUT close REJECTED (Your limit price is significantly away from the current market price. Please adj) — retry 1/3
[2026-09-30T15:53:52-04:00] 2026-09-30-MEIC-13:30-CALL close REJECTED (Your limit price is significantly away from the current market price. Please adj) — retry 1/3
[2026-09-30T15:53:52-04:00] 2026-09-30-MEIC-14:00-CALL close REJECTED (Your limit price is significantly away from the current market price. Please adj) — retry 1/3
[2026-09-30T15:53:53-04:00] 2026-09-30-MEIC-12:00-CALL CLOSE (HALT) submitted @ +30.00
[2026-09-30T15:53:53-04:00] 2026-09-30-MEIC-12:30-CALL CLOSE (HALT) submitted @ +30.00
[2026-09-30T15:53:54-04:00] 2026-09-30-MEIC-13:00-CALL CLOSE (HALT) submitted @ +30.00
[2026-09-30T15:53:55-04:00] 2026-09-30-MEIC-13:30-PUT CLOSE (HALT) submitted @ +30.00
[2026-09-30T15:53:55-04:00] 2026-09-30-MEIC-13:30-CALL CLOSE (HALT) submitted @ +30.00
[2026-09-30T15:53:56-04:00] 2026-09-30-MEIC-14:00-CALL CLOSE (HALT) submitted @ +30.00
[2026-09-30T15:54:28-04:00] 2026-09-30-MEIC-12:00-CALL close REJECTED (Your limit price is significantly away from the current market price. Please adj) — retry 1/3
[2026-09-30T15:54:28-04:00] 2026-09-30-MEIC-12:30-CALL close REJECTED (Your limit price is significantly away from the current market price. Please adj) — retry 1/3
[2026-09-30T15:54:29-04:00] 2026-09-30-MEIC-13:00-CALL close REJECTED (Your limit price is significantly away from the current market price. Please adj) — retry 1/3
[2026-09-30T15:54:29-04:00] 2026-09-30-MEIC-13:30-PUT close REJECTED (Your limit price is significantly away from the current market price. Please adj) — retry 1/3
[2026-09-30T15:54:29-04:00] 2026-09-30-MEIC-13:30-CALL close REJECTED (Your limit price is significantly away from the current market price. Please adj) — retry 1/3
[2026-09-30T15:54:30-04:00] 2026-09-30-MEIC-14:00-CALL close REJECTED (Your limit price is significantly away from the current market price. Please adj) — retry 1/3
[2026-09-30T15:54:30-04:00] 2026-09-30-MEIC-12:00-CALL CLOSE (HALT) submitted @ +30.00
[2026-09-30T15:54:31-04:00] 2026-09-30-MEIC-12:30-CALL CLOSE (HALT) submitted @ +30.00
[2026-09-30T15:54:31-04:00] 2026-09-30-MEIC-13:00-CALL CLOSE (HALT) submitted @ +30.00
[2026-09-30T15:54:32-04:00] 2026-09-30-MEIC-13:30-PUT CLOSE (HALT) submitted @ +30.00
[2026-09-30T15:54:32-04:00] 2026-09-30-MEIC-13:30-CALL CLOSE (HALT) submitted @ +30.00
[2026-09-30T15:54:33-04:00] 2026-09-30-MEIC-14:00-CALL CLOSE (HALT) submitted @ +30.00
[2026-09-30T15:55:05-04:00] 2026-09-30-MEIC-12:00-CALL close REJECTED (Your limit price is significantly away from the current market price. Please adj) — retry 1/3
[2026-09-30T15:55:05-04:00] 2026-09-30-MEIC-12:30-CALL close REJECTED (Your limit price is significantly away from the current market price. Please adj) — retry 1/3
[2026-09-30T15:55:05-04:00] 2026-09-30-MEIC-13:00-CALL close REJECTED (Your limit price is significantly away from the current market price. Please adj) — retry 1/3
[2026-09-30T15:55:06-04:00] 2026-09-30-MEIC-13:30-PUT close REJECTED (Your limit price is significantly away from the current market price. Please adj) — retry 1/3
[2026-09-30T15:55:07-04:00] 2026-09-30-MEIC-13:30-CALL close REJECTED (Your limit price is significantly away from the current market price. Please adj) — retry 1/3
[2026-09-30T15:55:07-04:00] 2026-09-30-MEIC-14:00-CALL close REJECTED (Your limit price is significantly away from the current market price. Please adj) — retry 1/3
[2026-09-30T15:55:08-04:00] 2026-09-30-MEIC-12:00-CALL CLOSE (HALT) submitted @ +30.00
[2026-09-30T15:55:08-04:00] 2026-09-30-MEIC-12:30-CALL CLOSE (HALT) submitted @ +30.00
[2026-09-30T15:55:08-04:00] 2026-09-30-MEIC-13:00-CALL CLOSE (HALT) submitted @ +30.00
[2026-09-30T15:55:09-04:00] 2026-09-30-MEIC-13:30-PUT CLOSE (HALT) submitted @ +30.00
[2026-09-30T15:55:09-04:00] 2026-09-30-MEIC-13:30-CALL CLOSE (HALT) submitted @ +30.00
[2026-09-30T15:55:10-04:00] 2026-09-30-MEIC-14:00-CALL CLOSE (HALT) submitted @ +30.00
[2026-09-30T15:55:42-04:00] 2026-09-30-MEIC-12:00-CALL close REJECTED (Your limit price is significantly away from the current market price. Please adj) — retry 1/3
[2026-09-30T15:55:43-04:00] 2026-09-30-MEIC-12:30-CALL close REJECTED (Your limit price is significantly away from the current market price. Please adj) — retry 1/3
[2026-09-30T15:55:43-04:00] 2026-09-30-MEIC-13:00-CALL close REJECTED (Your limit price is significantly away from the current market price. Please adj) — retry 1/3
[2026-09-30T15:55:43-04:00] 2026-09-30-MEIC-13:30-PUT close REJECTED (Your limit price is significantly away from the current market price. Please adj) — retry 1/3
[2026-09-30T15:55:44-04:00] 2026-09-30-MEIC-13:30-CALL close REJECTED (Your limit price is significantly away from the current market price. Please adj) — retry 1/3
[2026-09-30T15:55:44-04:00] 2026-09-30-MEIC-14:00-CALL close REJECTED (Your limit price is significantly away from the current market price. Please adj) — retry 1/3
[2026-09-30T15:55:45-04:00] 2026-09-30-MEIC-12:00-CALL CLOSE (HALT) submitted @ +30.00
[2026-09-30T15:55:45-04:00] 2026-09-30-MEIC-12:30-CALL CLOSE (HALT) submitted @ +30.00
[2026-09-30T15:55:46-04:00] 2026-09-30-MEIC-13:00-CALL CLOSE (HALT) submitted @ +30.00
[2026-09-30T15:55:46-04:00] 2026-09-30-MEIC-13:30-PUT CLOSE (HALT) submitted @ +30.00
[2026-09-30T15:55:46-04:00] 2026-09-30-MEIC-13:30-CALL CLOSE (HALT) submitted @ +30.00
[2026-09-30T15:55:47-04:00] 2026-09-30-MEIC-14:00-CALL CLOSE (HALT) submitted @ +30.00
[2026-09-30T15:56:19-04:00] 2026-09-30-MEIC-12:00-CALL close REJECTED (Your limit price is significantly away from the current market price. Please adj) — retry 1/3
[2026-09-30T15:56:19-04:00] 2026-09-30-MEIC-12:30-CALL close REJECTED (Your limit price is significantly away from the current market price. Please adj) — retry 1/3
[2026-09-30T15:56:20-04:00] 2026-09-30-MEIC-13:00-CALL close REJECTED (Your limit price is significantly away from the current market price. Please adj) — retry 1/3
[2026-09-30T15:56:20-04:00] 2026-09-30-MEIC-13:30-PUT close REJECTED (Your limit price is significantly away from the current market price. Please adj) — retry 1/3
[2026-09-30T15:56:21-04:00] 2026-09-30-MEIC-13:30-CALL close REJECTED (Your limit price is significantly away from the current market price. Please adj) — retry 1/3
[2026-09-30T15:56:21-04:00] 2026-09-30-MEIC-14:00-CALL close REJECTED (Your limit price is significantly away from the current market price. Please adj) — retry 1/3
[2026-09-30T15:56:22-04:00] 2026-09-30-MEIC-12:00-CALL CLOSE (HALT) submitted @ +30.00
[2026-09-30T15:56:22-04:00] 2026-09-30-MEIC-12:30-CALL CLOSE (HALT) submitted @ +30.00
[2026-09-30T15:56:23-04:00] 2026-09-30-MEIC-13:00-CALL CLOSE (HALT) submitted @ +30.00
[2026-09-30T15:56:23-04:00] 2026-09-30-MEIC-13:30-PUT CLOSE (HALT) submitted @ +30.00
[2026-09-30T15:56:24-04:00] 2026-09-30-MEIC-13:30-CALL CLOSE (HALT) submitted @ +30.00
[2026-09-30T15:56:24-04:00] 2026-09-30-MEIC-14:00-CALL CLOSE (HALT) submitted @ +30.00
[2026-09-30T15:56:57-04:00] 2026-09-30-MEIC-12:00-CALL close REJECTED (Your limit price is significantly away from the current market price. Please adj) — retry 1/3
[2026-09-30T15:56:57-04:00] 2026-09-30-MEIC-12:30-CALL close REJECTED (Your limit price is significantly away from the current market price. Please adj) — retry 1/3
[2026-09-30T15:56:57-04:00] 2026-09-30-MEIC-13:00-CALL close REJECTED (Your limit price is significantly away from the current market price. Please adj) — retry 1/3
[2026-09-30T15:56:58-04:00] 2026-09-30-MEIC-13:30-PUT close REJECTED (Your limit price is significantly away from the current market price. Please adj) — retry 1/3
[2026-09-30T15:56:58-04:00] 2026-09-30-MEIC-13:30-CALL close REJECTED (Your limit price is significantly away from the current market price. Please adj) — retry 1/3
[2026-09-30T15:56:59-04:00] 2026-09-30-MEIC-14:00-CALL close REJECTED (Your limit price is significantly away from the current market price. Please adj) — retry 1/3
[2026-09-30T15:56:59-04:00] 2026-09-30-MEIC-12:00-CALL CLOSE (HALT) submitted @ +30.00
[2026-09-30T15:57:00-04:00] 2026-09-30-MEIC-12:30-CALL CLOSE (HALT) submitted @ +30.00
[2026-09-30T15:57:00-04:00] 2026-09-30-MEIC-13:00-CALL CLOSE (HALT) submitted @ +30.00
[2026-09-30T15:57:01-04:00] 2026-09-30-MEIC-13:30-PUT CLOSE (HALT) submitted @ +30.00
[2026-09-30T15:57:01-04:00] 2026-09-30-MEIC-13:30-CALL CLOSE (HALT) submitted @ +30.00
[2026-09-30T15:57:02-04:00] 2026-09-30-MEIC-14:00-CALL CLOSE (HALT) submitted @ +30.00
[2026-09-30T15:57:34-04:00] 2026-09-30-MEIC-12:00-CALL close REJECTED (Your limit price is significantly away from the current market price. Please adj) — retry 1/3
[2026-09-30T15:57:35-04:00] 2026-09-30-MEIC-12:30-CALL close REJECTED (Your limit price is significantly away from the current market price. Please adj) — retry 1/3
[2026-09-30T15:57:35-04:00] 2026-09-30-MEIC-13:00-CALL close REJECTED (Your limit price is significantly away from the current market price. Please adj) — retry 1/3
[2026-09-30T15:57:36-04:00] 2026-09-30-MEIC-13:30-PUT close REJECTED (Your limit price is significantly away from the current market price. Please adj) — retry 1/3
[2026-09-30T15:57:36-04:00] 2026-09-30-MEIC-13:30-CALL close REJECTED (Your limit price is significantly away from the current market price. Please adj) — retry 1/3
[2026-09-30T15:57:37-04:00] 2026-09-30-MEIC-14:00-CALL close REJECTED (Your limit price is significantly away from the current market price. Please adj) — retry 1/3
[2026-09-30T15:57:37-04:00] 2026-09-30-MEIC-12:00-CALL CLOSE (HALT) submitted @ +30.00
[2026-09-30T15:57:38-04:00] 2026-09-30-MEIC-12:30-CALL CLOSE (HALT) submitted @ +30.00
[2026-09-30T15:57:38-04:00] 2026-09-30-MEIC-13:00-CALL CLOSE (HALT) submitted @ +30.00
[2026-09-30T15:57:39-04:00] 2026-09-30-MEIC-13:30-PUT CLOSE (HALT) submitted @ +30.00
[2026-09-30T15:57:39-04:00] 2026-09-30-MEIC-13:30-CALL CLOSE (HALT) submitted @ +30.00
[2026-09-30T15:57:40-04:00] 2026-09-30-MEIC-14:00-CALL CLOSE (HALT) submitted @ +30.00
[2026-09-30T15:58:12-04:00] 2026-09-30-MEIC-12:00-CALL close REJECTED (Your limit price is significantly away from the current market price. Please adj) — retry 1/3
[2026-09-30T15:58:12-04:00] 2026-09-30-MEIC-12:30-CALL close REJECTED (Your limit price is significantly away from the current market price. Please adj) — retry 1/3
[2026-09-30T15:58:13-04:00] 2026-09-30-MEIC-13:00-CALL close REJECTED (Your limit price is significantly away from the current market price. Please adj) — retry 1/3
[2026-09-30T15:58:13-04:00] 2026-09-30-MEIC-13:30-PUT close REJECTED (Your limit price is significantly away from the current market price. Please adj) — retry 1/3
[2026-09-30T15:58:13-04:00] 2026-09-30-MEIC-13:30-CALL close REJECTED (Your limit price is significantly away from the current market price. Please adj) — retry 1/3
[2026-09-30T15:58:14-04:00] 2026-09-30-MEIC-14:00-CALL close REJECTED (Your limit price is significantly away from the current market price. Please adj) — retry 1/3
[2026-09-30T15:58:14-04:00] 2026-09-30-MEIC-12:00-CALL CLOSE (HALT) submitted @ +30.00
[2026-09-30T15:58:15-04:00] 2026-09-30-MEIC-12:30-CALL CLOSE (HALT) submitted @ +30.00
[2026-09-30T15:58:15-04:00] 2026-09-30-MEIC-13:00-CALL CLOSE (HALT) submitted @ +30.00
[2026-09-30T15:58:16-04:00] 2026-09-30-MEIC-13:30-PUT CLOSE (HALT) submitted @ +30.00
[2026-09-30T15:58:16-04:00] 2026-09-30-MEIC-13:30-CALL CLOSE (HALT) submitted @ +30.00
[2026-09-30T15:58:17-04:00] 2026-09-30-MEIC-14:00-CALL CLOSE (HALT) submitted @ +30.00
[2026-09-30T15:58:49-04:00] 2026-09-30-MEIC-12:00-CALL close REJECTED (Your limit price is significantly away from the current market price. Please adj) — retry 1/3
[2026-09-30T15:58:49-04:00] 2026-09-30-MEIC-12:30-CALL close REJECTED (Your limit price is significantly away from the current market price. Please adj) — retry 1/3
[2026-09-30T15:58:50-04:00] 2026-09-30-MEIC-13:00-CALL close REJECTED (Your limit price is significantly away from the current market price. Please adj) — retry 1/3
[2026-09-30T15:58:50-04:00] 2026-09-30-MEIC-13:30-PUT close REJECTED (Your limit price is significantly away from the current market price. Please adj) — retry 1/3
[2026-09-30T15:58:51-04:00] 2026-09-30-MEIC-13:30-CALL close REJECTED (Your limit price is significantly away from the current market price. Please adj) — retry 1/3
[2026-09-30T15:58:51-04:00] 2026-09-30-MEIC-14:00-CALL close REJECTED (Your limit price is significantly away from the current market price. Please adj) — retry 1/3
[2026-09-30T15:58:52-04:00] 2026-09-30-MEIC-12:00-CALL CLOSE (HALT) submitted @ +30.00
[2026-09-30T15:58:52-04:00] 2026-09-30-MEIC-12:30-CALL CLOSE (HALT) submitted @ +30.00
[2026-09-30T15:58:53-04:00] 2026-09-30-MEIC-13:00-CALL CLOSE (HALT) submitted @ +30.00
[2026-09-30T15:58:53-04:00] 2026-09-30-MEIC-13:30-PUT CLOSE (HALT) submitted @ +30.00
[2026-09-30T15:58:54-04:00] 2026-09-30-MEIC-13:30-CALL CLOSE (HALT) submitted @ +30.00
[2026-09-30T15:58:54-04:00] 2026-09-30-MEIC-14:00-CALL CLOSE (HALT) submitted @ +30.00
[2026-09-30T15:59:26-04:00] 2026-09-30-MEIC-12:00-CALL close REJECTED (Your limit price is significantly away from the current market price. Please adj) — retry 1/3
[2026-09-30T15:59:27-04:00] 2026-09-30-MEIC-12:30-CALL close REJECTED (Your limit price is significantly away from the current market price. Please adj) — retry 1/3
[2026-09-30T15:59:27-04:00] 2026-09-30-MEIC-13:00-CALL close REJECTED (Your limit price is significantly away from the current market price. Please adj) — retry 1/3
[2026-09-30T15:59:27-04:00] 2026-09-30-MEIC-13:30-PUT close REJECTED (Your limit price is significantly away from the current market price. Please adj) — retry 1/3
[2026-09-30T15:59:28-04:00] 2026-09-30-MEIC-13:30-CALL close REJECTED (Your limit price is significantly away from the current market price. Please adj) — retry 1/3
[2026-09-30T15:59:28-04:00] 2026-09-30-MEIC-14:00-CALL close REJECTED (Your limit price is significantly away from the current market price. Please adj) — retry 1/3
[2026-09-30T15:59:29-04:00] 2026-09-30-MEIC-12:00-CALL CLOSE (HALT) submitted @ +30.00
[2026-09-30T15:59:30-04:00] 2026-09-30-MEIC-12:30-CALL CLOSE (HALT) submitted @ +30.00
[2026-09-30T15:59:30-04:00] 2026-09-30-MEIC-13:00-CALL CLOSE (HALT) submitted @ +30.00
[2026-09-30T15:59:31-04:00] 2026-09-30-MEIC-13:30-PUT CLOSE (HALT) submitted @ +30.00
[2026-09-30T15:59:31-04:00] 2026-09-30-MEIC-13:30-CALL CLOSE (HALT) submitted @ +30.00
[2026-09-30T15:59:32-04:00] 2026-09-30-MEIC-14:00-CALL CLOSE (HALT) submitted @ +30.00
[2026-09-30T16:00:05-04:00] 2026-09-30-MEIC-12:00-CALL close REJECTED (Your limit price is significantly away from the current market price. Please adj) — retry 1/3
[2026-09-30T16:00:06-04:00] 2026-09-30-MEIC-12:30-CALL close REJECTED (Your limit price is significantly away from the current market price. Please adj) — retry 1/3
[2026-09-30T16:00:07-04:00] 2026-09-30-MEIC-13:00-CALL close REJECTED (Your limit price is significantly away from the current market price. Please adj) — retry 1/3
[2026-09-30T16:00:07-04:00] 2026-09-30-MEIC-13:30-PUT close REJECTED (Your limit price is significantly away from the current market price. Please adj) — retry 1/3
[2026-09-30T16:00:08-04:00] 2026-09-30-MEIC-13:30-CALL close REJECTED (Your limit price is significantly away from the current market price. Please adj) — retry 1/3
[2026-09-30T16:00:09-04:00] 2026-09-30-MEIC-14:00-CALL close REJECTED (Your limit price is significantly away from the current market price. Please adj) — retry 1/3
[2026-09-30T16:00:10-04:00] 2026-09-30-MEIC-12:00-CALL CLOSE (HALT) submitted @ +30.00
[2026-09-30T16:00:10-04:00] 2026-09-30-MEIC-12:30-CALL CLOSE (HALT) submitted @ +30.00
[2026-09-30T16:00:11-04:00] 2026-09-30-MEIC-13:00-CALL CLOSE (HALT) submitted @ +30.00
[2026-09-30T16:00:12-04:00] 2026-09-30-MEIC-13:30-PUT CLOSE (HALT) submitted @ +30.00
[2026-09-30T16:00:12-04:00] 2026-09-30-MEIC-13:30-CALL CLOSE (HALT) submitted @ +30.00
[2026-09-30T16:00:13-04:00] 2026-09-30-MEIC-14:00-CALL CLOSE (HALT) submitted @ +30.00
[2026-09-30T16:00:46-04:00] 2026-09-30-MEIC-12:00-CALL close REJECTED (Your limit price is significantly away from the current market price. Please adj) — retry 1/3
[2026-09-30T16:00:46-04:00] 2026-09-30-MEIC-12:30-CALL close REJECTED (Your limit price is significantly away from the current market price. Please adj) — retry 1/3
[2026-09-30T16:00:47-04:00] 2026-09-30-MEIC-13:00-CALL close REJECTED (Your limit price is significantly away from the current market price. Please adj) — retry 1/3
[2026-09-30T16:00:47-04:00] 2026-09-30-MEIC-13:30-PUT close REJECTED (This option contract is no longer valid. Please check the expiration date.) — retry 1/3
[2026-09-30T16:00:48-04:00] 2026-09-30-MEIC-13:30-CALL close REJECTED (Your limit price is significantly away from the current market price. Please adj) — retry 1/3
[2026-09-30T16:00:48-04:00] 2026-09-30-MEIC-14:00-CALL close REJECTED (Your limit price is significantly away from the current market price. Please adj) — retry 1/3
[2026-09-30T16:00:49-04:00] 2026-09-30-MEIC-12:00-CALL CLOSE (HALT) submitted @ +30.00
[2026-09-30T16:00:50-04:00] 2026-09-30-MEIC-12:30-CALL CLOSE (HALT) submitted @ +30.00
[2026-09-30T16:00:50-04:00] 2026-09-30-MEIC-13:00-CALL CLOSE (HALT) submitted @ +30.00
[2026-09-30T16:00:51-04:00] 2026-09-30-MEIC-13:30-PUT CLOSE (HALT) submitted @ +30.00
[2026-09-30T16:00:52-04:00] 2026-09-30-MEIC-13:30-CALL CLOSE (HALT) submitted @ +30.00
[2026-09-30T16:00:52-04:00] 2026-09-30-MEIC-14:00-CALL CLOSE (HALT) submitted @ +30.00
[2026-09-30T16:01:25-04:00] 2026-09-30-MEIC-12:00-CALL close REJECTED (Your limit price is significantly away from the current market price. Please adj) — retry 1/3
[2026-09-30T16:01:25-04:00] 2026-09-30-MEIC-12:30-CALL close REJECTED (Your limit price is significantly away from the current market price. Please adj) — retry 1/3
[2026-09-30T16:01:26-04:00] 2026-09-30-MEIC-13:00-CALL close REJECTED (Your limit price is significantly away from the current market price. Please adj) — retry 1/3
[2026-09-30T16:01:26-04:00] 2026-09-30-MEIC-13:30-PUT close REJECTED (Your order was not placed. It was direct routed to a market center that does not) — retry 1/3
[2026-09-30T16:01:27-04:00] 2026-09-30-MEIC-13:30-CALL close REJECTED (Your limit price is significantly away from the current market price. Please adj) — retry 1/3
[2026-09-30T16:01:27-04:00] 2026-09-30-MEIC-14:00-CALL close REJECTED (Your limit price is significantly away from the current market price. Please adj) — retry 1/3
[2026-09-30T16:01:28-04:00] 2026-09-30-MEIC-12:00-CALL CLOSE (HALT) submitted @ +30.00
[2026-09-30T16:01:29-04:00] 2026-09-30-MEIC-12:30-CALL CLOSE (HALT) submitted @ +30.00
[2026-09-30T16:01:29-04:00] 2026-09-30-MEIC-13:00-CALL CLOSE (HALT) submitted @ +30.00
[2026-09-30T16:01:30-04:00] 2026-09-30-MEIC-13:30-PUT CLOSE (HALT) submitted @ +30.00
[2026-09-30T16:01:30-04:00] 2026-09-30-MEIC-13:30-CALL CLOSE (HALT) submitted @ +30.00
[2026-09-30T16:01:31-04:00] 2026-09-30-MEIC-14:00-CALL CLOSE (HALT) submitted @ +30.00
[2026-09-30T16:02:03-04:00] 2026-09-30-MEIC-12:00-CALL close REJECTED (Your limit price is significantly away from the current market price. Please adj) — retry 1/3
[2026-09-30T16:02:05-04:00] 2026-09-30-MEIC-12:30-CALL close REJECTED (Your limit price is significantly away from the current market price. Please adj) — retry 1/3
[2026-09-30T16:02:05-04:00] 2026-09-30-MEIC-13:00-CALL close REJECTED (Your limit price is significantly away from the current market price. Please adj) — retry 1/3
[2026-09-30T16:02:06-04:00] 2026-09-30-MEIC-13:30-PUT close REJECTED (This option contract has either changed, no longer trades or has expired.) — retry 1/3
[2026-09-30T16:02:07-04:00] 2026-09-30-MEIC-13:30-CALL close REJECTED (Your limit price is significantly away from the current market price. Please adj) — retry 1/3
[2026-09-30T16:02:07-04:00] 2026-09-30-MEIC-14:00-CALL close REJECTED (Your limit price is significantly away from the current market price. Please adj) — retry 1/3
[2026-09-30T16:02:08-04:00] 2026-09-30-MEIC-12:00-CALL CLOSE (HALT) submitted @ +30.00
[2026-09-30T16:02:08-04:00] 2026-09-30-MEIC-12:30-CALL CLOSE (HALT) submitted @ +30.00
[2026-09-30T16:02:09-04:00] 2026-09-30-MEIC-13:00-CALL CLOSE (HALT) submitted @ +30.00
[2026-09-30T16:02:09-04:00] 2026-09-30-MEIC-13:30-PUT CLOSE (HALT) submitted @ +30.00
[2026-09-30T16:02:10-04:00] 2026-09-30-MEIC-13:30-CALL CLOSE (HALT) submitted @ +30.00
[2026-09-30T16:02:11-04:00] 2026-09-30-MEIC-14:00-CALL CLOSE (HALT) submitted @ +30.00
[2026-09-30T16:02:43-04:00] 2026-09-30-MEIC-12:00-CALL close REJECTED (Your limit price is significantly away from the current market price. Please adj) — retry 1/3
[2026-09-30T16:02:43-04:00] 2026-09-30-MEIC-12:30-CALL close REJECTED (Your limit price is significantly away from the current market price. Please adj) — retry 1/3
[2026-09-30T16:02:44-04:00] 2026-09-30-MEIC-13:00-CALL close REJECTED (Your limit price is significantly away from the current market price. Please adj) — retry 1/3
[2026-09-30T16:02:45-04:00] 2026-09-30-MEIC-13:30-CALL close REJECTED (Your limit price is significantly away from the current market price. Please adj) — retry 1/3
[2026-09-30T16:02:45-04:00] 2026-09-30-MEIC-14:00-CALL close REJECTED (Your limit price is significantly away from the current market price. Please adj) — retry 1/3
[2026-09-30T16:02:46-04:00] 2026-09-30-MEIC-12:00-CALL CLOSE (HALT) submitted @ +30.00
[2026-09-30T16:02:46-04:00] 2026-09-30-MEIC-12:30-CALL CLOSE (HALT) submitted @ +30.00
[2026-09-30T16:02:47-04:00] 2026-09-30-MEIC-13:00-CALL CLOSE (HALT) submitted @ +30.00
[2026-09-30T16:02:48-04:00] 2026-09-30-MEIC-13:30-CALL CLOSE (HALT) submitted @ +30.00
[2026-09-30T16:02:48-04:00] 2026-09-30-MEIC-14:00-CALL CLOSE (HALT) submitted @ +30.00
[2026-09-30T16:03:21-04:00] 2026-09-30-MEIC-12:00-CALL close REJECTED (Your limit price is significantly away from the current market price. Please adj) — retry 1/3
[2026-09-30T16:03:21-04:00] 2026-09-30-MEIC-12:30-CALL close REJECTED (Your limit price is significantly away from the current market price. Please adj) — retry 1/3
[2026-09-30T16:03:22-04:00] 2026-09-30-MEIC-13:00-CALL close REJECTED (Your limit price is significantly away from the current market price. Please adj) — retry 1/3
[2026-09-30T16:03:22-04:00] 2026-09-30-MEIC-13:30-CALL close REJECTED (Your limit price is significantly away from the current market price. Please adj) — retry 1/3
[2026-09-30T16:03:23-04:00] 2026-09-30-MEIC-14:00-CALL close REJECTED (Your limit price is significantly away from the current market price. Please adj) — retry 1/3
[2026-09-30T16:03:23-04:00] 2026-09-30-MEIC-12:00-CALL CLOSE (HALT) submitted @ +30.00
[2026-09-30T16:03:24-04:00] 2026-09-30-MEIC-12:30-CALL CLOSE (HALT) submitted @ +30.00
[2026-09-30T16:03:24-04:00] 2026-09-30-MEIC-13:00-CALL CLOSE (HALT) submitted @ +30.00
[2026-09-30T16:03:25-04:00] 2026-09-30-MEIC-13:30-CALL CLOSE (HALT) submitted @ +30.00
[2026-09-30T16:03:25-04:00] 2026-09-30-MEIC-14:00-CALL CLOSE (HALT) submitted @ +30.00
[2026-09-30T16:03:58-04:00] 2026-09-30-MEIC-12:00-CALL close REJECTED (Your limit price is significantly away from the current market price. Please adj) — retry 1/3
[2026-09-30T16:03:58-04:00] 2026-09-30-MEIC-12:30-CALL close REJECTED (Your limit price is significantly away from the current market price. Please adj) — retry 1/3
[2026-09-30T16:03:58-04:00] 2026-09-30-MEIC-13:00-CALL close REJECTED (Your limit price is significantly away from the current market price. Please adj) — retry 1/3
[2026-09-30T16:03:59-04:00] 2026-09-30-MEIC-13:30-CALL close REJECTED (Your limit price is significantly away from the current market price. Please adj) — retry 1/3
[2026-09-30T16:04:00-04:00] 2026-09-30-MEIC-14:00-CALL close REJECTED (Your limit price is significantly away from the current market price. Please adj) — retry 1/3
[2026-09-30T16:04:00-04:00] 2026-09-30-MEIC-12:00-CALL CLOSE (HALT) submitted @ +30.00
[2026-09-30T16:04:01-04:00] 2026-09-30-MEIC-12:30-CALL CLOSE (HALT) submitted @ +30.00
[2026-09-30T16:04:01-04:00] 2026-09-30-MEIC-13:00-CALL CLOSE (HALT) submitted @ +30.00
[2026-09-30T16:04:02-04:00] 2026-09-30-MEIC-13:30-CALL CLOSE (HALT) submitted @ +30.00
[2026-09-30T16:04:02-04:00] 2026-09-30-MEIC-14:00-CALL CLOSE (HALT) submitted @ +30.00
[2026-09-30T16:04:34-04:00] 2026-09-30-MEIC-12:00-CALL close REJECTED (Your limit price is significantly away from the current market price. Please adj) — retry 1/3
[2026-09-30T16:04:35-04:00] 2026-09-30-MEIC-12:30-CALL close REJECTED (Your limit price is significantly away from the current market price. Please adj) — retry 1/3
[2026-09-30T16:04:35-04:00] 2026-09-30-MEIC-13:00-CALL close REJECTED (Your limit price is significantly away from the current market price. Please adj) — retry 1/3
[2026-09-30T16:04:36-04:00] 2026-09-30-MEIC-13:30-CALL close REJECTED (Your limit price is significantly away from the current market price. Please adj) — retry 1/3
[2026-09-30T16:04:36-04:00] 2026-09-30-MEIC-14:00-CALL close REJECTED (Your limit price is significantly away from the current market price. Please adj) — retry 1/3
[2026-09-30T16:04:37-04:00] 2026-09-30-MEIC-12:00-CALL CLOSE (HALT) submitted @ +30.00
[2026-09-30T16:04:37-04:00] 2026-09-30-MEIC-12:30-CALL CLOSE (HALT) submitted @ +30.00
[2026-09-30T16:04:38-04:00] 2026-09-30-MEIC-13:00-CALL CLOSE (HALT) submitted @ +30.00
[2026-09-30T16:04:38-04:00] 2026-09-30-MEIC-13:30-CALL CLOSE (HALT) submitted @ +30.00
[2026-09-30T16:04:39-04:00] 2026-09-30-MEIC-14:00-CALL CLOSE (HALT) submitted @ +30.00
[2026-09-30T16:05:11-04:00] 2026-09-30-MEIC-12:00-CALL close REJECTED (Your limit price is significantly away from the current market price. Please adj) — retry 1/3
[2026-09-30T16:05:12-04:00] 2026-09-30-MEIC-12:30-CALL close REJECTED (Your limit price is significantly away from the current market price. Please adj) — retry 1/3
[2026-09-30T16:05:12-04:00] 2026-09-30-MEIC-13:00-CALL close REJECTED (Your limit price is significantly away from the current market price. Please adj) — retry 1/3
[2026-09-30T16:05:13-04:00] 2026-09-30-MEIC-13:30-CALL close REJECTED (Your limit price is significantly away from the current market price. Please adj) — retry 1/3
[2026-09-30T16:05:13-04:00] 2026-09-30-MEIC-14:00-CALL close REJECTED (Your limit price is significantly away from the current market price. Please adj) — retry 1/3
[2026-09-30T16:05:14-04:00] 2026-09-30-MEIC-12:00-CALL CLOSE (HALT) submitted @ +30.00
[2026-09-30T16:05:14-04:00] 2026-09-30-MEIC-12:30-CALL CLOSE (HALT) submitted @ +30.00
[2026-09-30T16:05:15-04:00] 2026-09-30-MEIC-13:00-CALL CLOSE (HALT) submitted @ +30.00
[2026-09-30T16:05:15-04:00] 2026-09-30-MEIC-13:30-CALL CLOSE (HALT) submitted @ +30.00
[2026-09-30T16:05:16-04:00] 2026-09-30-MEIC-14:00-CALL CLOSE (HALT) submitted @ +30.00
[2026-09-30T16:05:49-04:00] 2026-09-30-MEIC-12:00-CALL close REJECTED (Your limit price is significantly away from the current market price. Please adj) — retry 1/3
[2026-09-30T16:05:49-04:00] 2026-09-30-MEIC-12:30-CALL close REJECTED (Your limit price is significantly away from the current market price. Please adj) — retry 1/3
[2026-09-30T16:05:50-04:00] 2026-09-30-MEIC-13:00-CALL close REJECTED (Your limit price is significantly away from the current market price. Please adj) — retry 1/3
[2026-09-30T16:05:51-04:00] 2026-09-30-MEIC-13:30-CALL close REJECTED (Your limit price is significantly away from the current market price. Please adj) — retry 1/3
[2026-09-30T16:05:52-04:00] 2026-09-30-MEIC-14:00-CALL close REJECTED (Your limit price is significantly away from the current market price. Please adj) — retry 1/3
[2026-09-30T16:05:52-04:00] 2026-09-30-MEIC-12:00-CALL CLOSE (HALT) submitted @ +30.00
[2026-09-30T16:05:53-04:00] 2026-09-30-MEIC-12:30-CALL CLOSE (HALT) submitted @ +30.00
[2026-09-30T16:05:53-04:00] 2026-09-30-MEIC-13:00-CALL CLOSE (HALT) submitted @ +30.00
[2026-09-30T16:05:54-04:00] 2026-09-30-MEIC-13:30-CALL CLOSE (HALT) submitted @ +30.00
[2026-09-30T16:05:54-04:00] 2026-09-30-MEIC-14:00-CALL CLOSE (HALT) submitted @ +30.00
[2026-09-30T16:06:26-04:00] 2026-09-30-MEIC-12:00-CALL close REJECTED (Your limit price is significantly away from the current market price. Please adj) — retry 1/3
[2026-09-30T16:06:26-04:00] 2026-09-30-MEIC-12:30-CALL close REJECTED (Your limit price is significantly away from the current market price. Please adj) — retry 1/3
[2026-09-30T16:06:27-04:00] 2026-09-30-MEIC-13:00-CALL close REJECTED (Your limit price is significantly away from the current market price. Please adj) — retry 1/3
[2026-09-30T16:06:27-04:00] 2026-09-30-MEIC-13:30-CALL close REJECTED (Your limit price is significantly away from the current market price. Please adj) — retry 1/3
[2026-09-30T16:06:28-04:00] 2026-09-30-MEIC-14:00-CALL close REJECTED (Your limit price is significantly away from the current market price. Please adj) — retry 1/3
[2026-09-30T16:06:28-04:00] 2026-09-30-MEIC-12:00-CALL CLOSE (HALT) submitted @ +30.00
[2026-09-30T16:06:29-04:00] 2026-09-30-MEIC-12:30-CALL CLOSE (HALT) submitted @ +30.00
[2026-09-30T16:06:29-04:00] 2026-09-30-MEIC-13:00-CALL CLOSE (HALT) submitted @ +30.00
[2026-09-30T16:06:30-04:00] 2026-09-30-MEIC-13:30-CALL CLOSE (HALT) submitted @ +30.00
[2026-09-30T16:06:30-04:00] 2026-09-30-MEIC-14:00-CALL CLOSE (HALT) submitted @ +30.00
[2026-09-30T16:07:03-04:00] 2026-09-30-MEIC-12:00-CALL close REJECTED (Your limit price is significantly away from the current market price. Please adj) — retry 1/3
[2026-09-30T16:07:03-04:00] 2026-09-30-MEIC-12:30-CALL close REJECTED (Your limit price is significantly away from the current market price. Please adj) — retry 1/3
[2026-09-30T16:07:04-04:00] 2026-09-30-MEIC-13:00-CALL close REJECTED (Your limit price is significantly away from the current market price. Please adj) — retry 1/3
[2026-09-30T16:07:05-04:00] 2026-09-30-MEIC-13:30-CALL close REJECTED (Your limit price is significantly away from the current market price. Please adj) — retry 1/3
[2026-09-30T16:07:05-04:00] 2026-09-30-MEIC-14:00-CALL close REJECTED (Your limit price is significantly away from the current market price. Please adj) — retry 1/3
[2026-09-30T16:07:06-04:00] 2026-09-30-MEIC-12:00-CALL CLOSE (HALT) submitted @ +30.00
[2026-09-30T16:07:06-04:00] 2026-09-30-MEIC-12:30-CALL CLOSE (HALT) submitted @ +30.00
[2026-09-30T16:07:07-04:00] 2026-09-30-MEIC-13:00-CALL CLOSE (HALT) submitted @ +30.00
[2026-09-30T16:07:07-04:00] 2026-09-30-MEIC-13:30-CALL CLOSE (HALT) submitted @ +30.00
[2026-09-30T16:07:08-04:00] 2026-09-30-MEIC-14:00-CALL CLOSE (HALT) submitted @ +30.00
[2026-09-30T16:07:10-04:00] cancel 1008127818562: HTTP 400
[2026-09-30T16:07:10-04:00] 2026-09-30-MEIC-12:00-CALL settled at intrinsic +0.00 pnl +148
[2026-09-30T16:07:10-04:00] cancel 1008127818564: HTTP 400
[2026-09-30T16:07:10-04:00] 2026-09-30-MEIC-12:30-CALL settled at intrinsic +0.00 pnl +178
[2026-09-30T16:07:11-04:00] cancel 1008127818566: HTTP 400
[2026-09-30T16:07:11-04:00] 2026-09-30-MEIC-13:00-CALL settled at intrinsic +0.00 pnl +153
[2026-09-30T16:07:11-04:00] 2026-09-30-MEIC-13:30-PUT settled at intrinsic +28.42 pnl -2649
[2026-09-30T16:07:12-04:00] cancel 1008127818569: HTTP 400
[2026-09-30T16:07:12-04:00] 2026-09-30-MEIC-13:30-CALL settled at intrinsic +0.00 pnl +143
[2026-09-30T16:07:12-04:00] cancel 1008127818571: HTTP 400
[2026-09-30T16:07:12-04:00] 2026-09-30-MEIC-14:00-CALL settled at intrinsic +0.00 pnl +168
[2026-09-30T16:07:42-04:00] GLOBAL DAILY STOP hit (-3369) — halting all
[2026-10-01T10:30:30-04:00] DRY-RUN …910 place NET_DEBIT 10.00
[2026-10-01T10:30:30-04:00] 2026-10-01-ORB-PUT OPEN submitted -10.00 (order dry-1790865030421)
[2026-10-01T10:31:00-04:00] 2026-10-01-ORB-PUT FILLED @ -10.00 (limit -10.00)
[2026-10-01T12:00:15-04:00] 2026-10-01-MEIC-12:00-PUT OPEN submitted +1.70 (order 1008137152640)
[2026-10-01T12:00:16-04:00] 2026-10-01-MEIC-12:00-CALL OPEN submitted +1.95 (order 1008137152642)
[2026-10-01T12:00:47-04:00] 2026-10-01-MEIC-12:00-PUT FILLED @ +2.10 (limit 1.70)
[2026-10-01T12:00:47-04:00] 2026-10-01-MEIC-12:00-CALL FILLED @ +1.95 (limit 1.95)
[2026-10-01T12:30:22-04:00] 2026-10-01-MEIC-12:30-PUT OPEN submitted +1.55 (order 1008138282312)
[2026-10-01T12:30:23-04:00] 2026-10-01-MEIC-12:30-CALL OPEN submitted +1.55 (order 1008138282314)
[2026-10-01T12:30:54-04:00] 2026-10-01-MEIC-12:30-CALL FILLED @ +1.70 (limit 1.55)
[2026-10-01T12:31:27-04:00] DRY-RUN …910 place NET_CREDIT 4.60
[2026-10-01T12:31:27-04:00] 2026-10-01-ORB-PUT CLOSE (STOPPED) submitted @ -4.60
[2026-10-01T12:31:57-04:00] 2026-10-01-ORB-PUT CLOSED @ -4.60 pnl -545
[2026-10-01T12:33:37-04:00] 2026-10-01-MEIC-12:00-CALL CLOSE (STOPPED) submitted @ +4.30
[2026-10-01T12:34:07-04:00] 2026-10-01-MEIC-12:00-CALL CLOSED @ +4.30 pnl -240
[2026-10-01T12:34:41-04:00] 2026-10-01-MEIC-12:30-PUT repriced to +1.45
[2026-10-01T12:38:25-04:00] 2026-10-01-MEIC-12:30-PUT unfilled after reprice — skipped
[2026-10-01T13:00:08-04:00] 2026-10-01-MEIC-13:00-PUT OPEN submitted +1.60 (order 1008139434267)
[2026-10-01T13:00:09-04:00] 2026-10-01-MEIC-13:00-CALL OPEN submitted +1.75 (order 1008139434270)
[2026-10-01T13:00:10-04:00] 2026-10-01-FLY-PUT OPEN submitted +10.70 (order 1008138101795)
[2026-10-01T13:00:10-04:00] 2026-10-01-FLY-CALL OPEN submitted +8.60 (order 1008138101798)
[2026-10-01T13:00:41-04:00] 2026-10-01-MEIC-13:00-PUT FILLED @ +1.60 (limit 1.60)
[2026-10-01T13:00:42-04:00] 2026-10-01-MEIC-13:00-CALL FILLED @ +1.90 (limit 1.75)
[2026-10-01T13:00:43-04:00] 2026-10-01-FLY-PUT FILLED @ +10.70 (limit 10.70)
[2026-10-01T13:00:43-04:00] 2026-10-01-FLY-CALL FILLED @ +9.20 (limit 8.60)
[2026-10-01T13:05:32-04:00] 2026-10-01-MEIC-13:00-CALL CLOSE (STOPPED) submitted @ +3.70
[2026-10-01T13:06:03-04:00] 2026-10-01-MEIC-13:00-CALL CLOSED @ +3.65 pnl -180
[2026-10-01T13:22:26-04:00] 2026-10-01-MEIC-12:30-CALL CLOSE (STOPPED) submitted @ +3.80
[2026-10-01T13:22:56-04:00] 2026-10-01-MEIC-12:30-CALL CLOSED @ +3.75 pnl -210
[2026-10-01T13:25:36-04:00] 2026-10-01-FLY-PUT CLOSE (STOPPED) submitted @ +2.55
[2026-10-01T13:25:36-04:00] 2026-10-01-FLY-CALL CLOSE (STOPPED) submitted @ +24.10
[2026-10-01T13:26:07-04:00] 2026-10-01-FLY-PUT CLOSED @ +2.55 pnl +810
[2026-10-01T13:26:08-04:00] 2026-10-01-FLY-CALL CLOSED @ +23.55 pnl -1440
[2026-10-01T13:26:08-04:00] FLY DAILY STOP hit (-629) — halting
[2026-10-01T13:30:22-04:00] 2026-10-01-MEIC-13:30-PUT OPEN submitted +1.80 (order 1008139435933)
[2026-10-01T13:30:23-04:00] 2026-10-01-MEIC-13:30-CALL OPEN submitted +1.65 (order 1008139435935)
[2026-10-01T13:30:54-04:00] 2026-10-01-MEIC-13:30-CALL open REJECTED (Your limit price is significantly away from the current market price. Please adj)
[2026-10-01T13:34:39-04:00] 2026-10-01-MEIC-13:30-PUT repriced to +1.70
[2026-10-01T13:38:23-04:00] 2026-10-01-MEIC-13:30-PUT unfilled after reprice — skipped
[2026-10-01T14:00:04-04:00] 2026-10-01-MEIC-14:00-PUT OPEN submitted +1.65 (order 1008140695680)
[2026-10-01T14:00:05-04:00] 2026-10-01-MEIC-14:00-CALL OPEN submitted +1.55 (order 1008140695683)
[2026-10-01T14:00:35-04:00] 2026-10-01-MEIC-14:00-PUT FILLED @ +1.95 (limit 1.65)
[2026-10-01T14:00:36-04:00] 2026-10-01-MEIC-14:00-CALL FILLED @ +1.55 (limit 1.55)
[2026-10-01T14:06:26-04:00] 2026-10-01-MEIC-14:00-PUT CLOSE (STOPPED) submitted @ +3.90
[2026-10-01T14:06:57-04:00] 2026-10-01-MEIC-14:00-PUT CLOSED @ +3.90 pnl -200
[2026-10-01T14:30:09-04:00] 2026-10-01-MEIC-14:30-PUT OPEN submitted +1.65 (order 1008141927378)
[2026-10-01T14:30:10-04:00] 2026-10-01-MEIC-14:30-CALL OPEN submitted +1.60 (order 1008141927380)
[2026-10-01T14:30:41-04:00] 2026-10-01-MEIC-14:30-PUT FILLED @ +1.65 (limit 1.65)
[2026-10-01T14:30:41-04:00] 2026-10-01-MEIC-14:30-CALL FILLED @ +1.70 (limit 1.60)
[2026-10-01T14:35:27-04:00] 2026-10-01-MEIC-14:00-CALL CLOSE (STOPPED) submitted @ +3.90
[2026-10-01T14:35:27-04:00] 2026-10-01-MEIC-14:30-CALL CLOSE (STOPPED) submitted @ +3.90
[2026-10-01T14:35:58-04:00] 2026-10-01-MEIC-14:00-CALL CLOSED @ +3.35 pnl -185
[2026-10-01T14:35:59-04:00] 2026-10-01-MEIC-14:30-CALL CLOSED @ +3.40 pnl -175
[2026-10-01T14:35:59-04:00] MEIC DAILY STOP hit (-1188) — halting
[2026-10-01T14:36:00-04:00] 2026-10-01-MEIC-12:00-PUT CLOSE (HALT) submitted @ +0.25
[2026-10-01T14:36:00-04:00] 2026-10-01-MEIC-13:00-PUT CLOSE (HALT) submitted @ +0.25
[2026-10-01T14:36:01-04:00] 2026-10-01-MEIC-14:30-PUT CLOSE (HALT) submitted @ +1.15
[2026-10-01T14:36:02-04:00] 2026-10-01-MEIC-12:00-PUT absorbed external close @ +0.05 pnl +200
[2026-10-01T14:36:02-04:00] 2026-10-01-MEIC-13:00-PUT absorbed external close @ +0.05 pnl +150
[2026-10-01T14:36:02-04:00] 2026-10-01-MEIC-14:30-PUT absorbed external close @ +1.00 pnl +60
[2026-10-02T10:30:03-04:00] DRY-RUN …910 place NET_DEBIT 9.90
[2026-10-02T10:30:03-04:00] 2026-10-02-ORB-CALL OPEN submitted -9.90 (order dry-1790951403056)
[2026-10-02T10:30:33-04:00] 2026-10-02-ORB-CALL FILLED @ -9.90 (limit -9.90)
[2026-10-02T11:03:45-04:00] DRY-RUN …910 place NET_CREDIT 3.90
[2026-10-02T11:03:45-04:00] 2026-10-02-ORB-CALL CLOSE (STOPPED) submitted @ -3.90
[2026-10-02T11:04:15-04:00] 2026-10-02-ORB-CALL CLOSED @ -3.90 pnl -605
[2026-10-02T11:04:15-04:00] ORB DAILY STOP hit (-605) — halting
[2026-10-02T12:00:15-04:00] 2026-10-02-MEIC-12:00-PUT OPEN submitted +1.55 (order 1008155570008)
[2026-10-02T12:00:15-04:00] 2026-10-02-MEIC-12:00-CALL OPEN submitted +2.00 (order 1008155570010)
[2026-10-02T12:00:46-04:00] 2026-10-02-MEIC-12:00-PUT FILLED @ +1.55 (limit 1.55)
[2026-10-02T12:00:47-04:00] 2026-10-02-MEIC-12:00-CALL FILLED @ +2.25 (limit 2.00)
[2026-10-02T12:30:28-04:00] 2026-10-02-MEIC-12:30-PUT OPEN submitted +1.55 (order 1008156618073)
[2026-10-02T12:30:29-04:00] 2026-10-02-MEIC-12:30-CALL OPEN submitted +1.55 (order 1008156618075)
[2026-10-02T12:31:00-04:00] 2026-10-02-MEIC-12:30-PUT FILLED @ +1.55 (limit 1.55)
[2026-10-02T12:31:00-04:00] 2026-10-02-MEIC-12:30-CALL FILLED @ +1.60 (limit 1.55)
[2026-10-02T13:00:06-04:00] 2026-10-02-MEIC-13:00-PUT OPEN submitted +1.85 (order 1008156619889)
[2026-10-02T13:00:07-04:00] 2026-10-02-MEIC-13:00-CALL OPEN submitted +2.00 (order 1008156619891)
[2026-10-02T13:00:07-04:00] 2026-10-02-FLY-PUT OPEN submitted +6.80 (order 1008157308508)
[2026-10-02T13:00:08-04:00] 2026-10-02-FLY-CALL OPEN submitted +9.20 (order 1008157308510)
[2026-10-02T13:00:39-04:00] 2026-10-02-MEIC-13:00-PUT FILLED @ +1.95 (limit 1.85)
[2026-10-02T13:00:40-04:00] 2026-10-02-MEIC-13:00-CALL FILLED @ +2.00 (limit 2.00)
[2026-10-02T13:00:40-04:00] 2026-10-02-FLY-PUT FILLED @ +6.80 (limit 6.80)
[2026-10-02T13:00:41-04:00] 2026-10-02-FLY-CALL FILLED @ +9.25 (limit 9.20)
[2026-10-02T13:30:11-04:00] 2026-10-02-MEIC-13:30-PUT OPEN submitted +1.80 (order 1008157753164)
[2026-10-02T13:30:11-04:00] 2026-10-02-MEIC-13:30-CALL OPEN submitted +2.15 (order 1008157753166)
[2026-10-02T13:30:42-04:00] 2026-10-02-MEIC-13:30-PUT FILLED @ +1.80 (limit 1.80)
[2026-10-02T13:30:42-04:00] 2026-10-02-MEIC-13:30-CALL FILLED @ +2.25 (limit 2.15)
[2026-10-02T14:00:14-04:00] 2026-10-02-MEIC-14:00-PUT OPEN submitted +1.75 (order 1008159266445)
[2026-10-02T14:00:15-04:00] 2026-10-02-MEIC-14:00-CALL OPEN submitted +1.50 (order 1008159266449)
[2026-10-02T14:00:46-04:00] 2026-10-02-MEIC-14:00-PUT FILLED @ +1.80 (limit 1.75)
[2026-10-02T14:00:46-04:00] 2026-10-02-MEIC-14:00-CALL FILLED @ +1.55 (limit 1.50)
[2026-10-02T14:08:11-04:00] 2026-10-02-FLY-PUT CLOSE (TP) submitted @ +6.50
[2026-10-02T14:08:11-04:00] 2026-10-02-FLY-CALL CLOSE (TP) submitted @ +5.80
[2026-10-02T14:08:42-04:00] 2026-10-02-FLY-PUT CLOSED @ +6.25 pnl +50
[2026-10-02T14:08:42-04:00] 2026-10-02-FLY-CALL CLOSED @ +5.80 pnl +340
[2026-10-02T14:09:15-04:00] DRY-RUN …910 place NET_CREDIT 6.40
[2026-10-02T14:09:15-04:00] 2026-10-02-FLYR1-PUT OPEN submitted +6.40 (order dry-1790964555689)
[2026-10-02T14:09:15-04:00] DRY-RUN …910 place NET_CREDIT 5.30
[2026-10-02T14:09:15-04:00] 2026-10-02-FLYR1-CALL OPEN submitted +5.30 (order dry-1790964555690)
[2026-10-02T14:09:45-04:00] 2026-10-02-FLYR1-PUT FILLED @ +6.40 (limit 6.40)
[2026-10-02T14:09:45-04:00] 2026-10-02-FLYR1-CALL FILLED @ +5.30 (limit 5.30)
[2026-10-02T14:56:44-04:00] DRY-RUN …910 place NET_DEBIT 4.20
[2026-10-02T14:56:44-04:00] 2026-10-02-FLYR1-PUT CLOSE (TP) submitted @ +4.20
[2026-10-02T14:56:44-04:00] DRY-RUN …910 place NET_DEBIT 5.00
[2026-10-02T14:56:44-04:00] 2026-10-02-FLYR1-CALL CLOSE (TP) submitted @ +5.00
[2026-10-02T14:57:14-04:00] 2026-10-02-FLYR1-PUT CLOSED @ +4.20 pnl +215
[2026-10-02T14:57:14-04:00] 2026-10-02-FLYR1-CALL CLOSED @ +5.00 pnl +25
[2026-10-02T15:46:23-04:00] 2026-10-02-MEIC-12:00-PUT CLOSE (TP) submitted @ +0.10
[2026-10-02T15:46:24-04:00] 2026-10-02-MEIC-12:30-PUT CLOSE (TP) submitted @ +0.10
[2026-10-02T15:46:24-04:00] 2026-10-02-MEIC-13:30-PUT CLOSE (TP) submitted @ +0.10
[2026-10-02T15:50:16-04:00] 2026-10-02-MEIC-12:00-CALL CLOSE (TP) submitted @ +0.15
[2026-10-02T15:50:16-04:00] 2026-10-02-MEIC-12:30-CALL CLOSE (TP) submitted @ +0.15
[2026-10-02T15:50:48-04:00] 2026-10-02-MEIC-12:00-PUT CLOSE (TP) submitted @ +0.30
[2026-10-02T15:50:50-04:00] 2026-10-02-MEIC-12:30-PUT CLOSE (TP) submitted @ +0.30
[2026-10-02T15:50:52-04:00] 2026-10-02-MEIC-13:30-PUT CLOSE (TP) submitted @ +0.30
[2026-10-02T15:54:48-04:00] 2026-10-02-MEIC-12:00-CALL CLOSE (TP) submitted @ +0.35
[2026-10-02T15:54:49-04:00] 2026-10-02-MEIC-12:30-CALL CLOSE (TP) submitted @ +0.35
[2026-10-02T15:54:51-04:00] 2026-10-02-MEIC-13:00-PUT CLOSE (TP) submitted @ +0.10
[2026-10-02T15:55:23-04:00] 2026-10-02-MEIC-12:00-PUT CLOSE (TP) submitted @ +0.75
[2026-10-02T15:55:24-04:00] 2026-10-02-MEIC-12:00-CALL close REJECTED (Your limit price is significantly away from the current market price. Please adj) — retry 1/3
[2026-10-02T15:55:25-04:00] 2026-10-02-MEIC-12:30-PUT CLOSE (TP) submitted @ +0.75
[2026-10-02T15:55:26-04:00] 2026-10-02-MEIC-12:30-CALL close REJECTED (Your limit price is significantly away from the current market price. Please adj) — retry 1/3
[2026-10-02T15:55:27-04:00] 2026-10-02-MEIC-13:30-PUT CLOSE (TP) submitted @ +0.75
[2026-10-02T15:55:29-04:00] 2026-10-02-MEIC-12:00-CALL CLOSE (TP) submitted @ +0.25
[2026-10-02T15:55:30-04:00] 2026-10-02-MEIC-12:30-CALL CLOSE (TP) submitted @ +0.25
[2026-10-02T15:55:30-04:00] 2026-10-02-MEIC-13:00-CALL CLOSE (TP) submitted @ +0.10
[2026-10-02T15:55:31-04:00] 2026-10-02-MEIC-14:00-PUT CLOSE (TP) submitted @ +0.10
[2026-10-02T15:55:31-04:00] 2026-10-02-MEIC-14:00-CALL CLOSE (TP) submitted @ +0.10
[2026-10-02T15:56:02-04:00] 2026-10-02-MEIC-12:00-PUT close REJECTED (Your limit price is significantly away from the current market price. Please adj) — retry 1/3
[2026-10-02T15:56:03-04:00] 2026-10-02-MEIC-12:30-PUT close REJECTED (Your limit price is significantly away from the current market price. Please adj) — retry 1/3
[2026-10-02T15:56:04-04:00] 2026-10-02-MEIC-13:30-PUT close REJECTED (Your limit price is significantly away from the current market price. Please adj) — retry 1/3
[2026-10-02T15:56:07-04:00] 2026-10-02-MEIC-12:00-PUT CLOSE (TP) submitted @ +0.25
[2026-10-02T15:56:08-04:00] 2026-10-02-MEIC-12:30-PUT CLOSE (TP) submitted @ +0.25
[2026-10-02T15:56:09-04:00] 2026-10-02-MEIC-13:30-PUT CLOSE (TP) submitted @ +0.25
[2026-10-02T15:59:04-04:00] 2026-10-02-MEIC-13:00-PUT too late to close — leaving to settlement
[2026-10-02T15:59:38-04:00] 2026-10-02-MEIC-12:00-CALL too late to close — leaving to settlement
[2026-10-02T15:59:39-04:00] 2026-10-02-MEIC-12:30-CALL too late to close — leaving to settlement
[2026-10-02T15:59:40-04:00] 2026-10-02-MEIC-13:00-CALL too late to close — leaving to settlement
[2026-10-02T15:59:42-04:00] 2026-10-02-MEIC-14:00-PUT too late to close — leaving to settlement
[2026-10-02T15:59:42-04:00] 2026-10-02-MEIC-14:00-CALL too late to close — leaving to settlement
[2026-10-02T15:59:43-04:00] 2026-10-02-MEIC-13:30-CALL too late to close — leaving to settlement
[2026-10-02T16:00:14-04:00] 2026-10-02-MEIC-12:00-PUT close REJECTED (Your order was not placed. It was direct routed to a market center that does not) — retry 2/3
[2026-10-02T16:00:15-04:00] 2026-10-02-MEIC-12:30-PUT too late to close — leaving to settlement
[2026-10-02T16:00:15-04:00] 2026-10-02-MEIC-13:30-PUT close REJECTED (This option contract has either changed, no longer trades or has expired.) — retry 2/3
[2026-10-02T16:00:17-04:00] 2026-10-02-MEIC-12:00-PUT too late to close — leaving to settlement
[2026-10-02T16:00:17-04:00] 2026-10-02-MEIC-13:30-PUT too late to close — leaving to settlement
[2026-10-02T16:01:14-04:00] FLYR DISARMED
[2026-10-02T16:01:21-04:00] FLYR ARMED on …910
[2026-10-02T16:07:07-04:00] cancel 1008162687211: HTTP 400
[2026-10-02T16:07:07-04:00] 2026-10-02-MEIC-12:00-PUT settled at intrinsic +0.00 pnl +153
[2026-10-02T16:07:07-04:00] cancel 1008162687136: HTTP 400
[2026-10-02T16:07:07-04:00] 2026-10-02-MEIC-12:00-CALL settled at intrinsic +0.00 pnl +223
[2026-10-02T16:07:08-04:00] cancel 1008162687213: HTTP 400
[2026-10-02T16:07:08-04:00] 2026-10-02-MEIC-12:30-PUT settled at intrinsic +0.00 pnl +153
[2026-10-02T16:07:08-04:00] cancel 1008162687138: HTTP 400
[2026-10-02T16:07:08-04:00] 2026-10-02-MEIC-12:30-CALL settled at intrinsic +0.00 pnl +158
[2026-10-02T16:07:08-04:00] cancel 1008162687042: HTTP 400
[2026-10-02T16:07:08-04:00] 2026-10-02-MEIC-13:00-PUT settled at intrinsic +0.00 pnl +193
[2026-10-02T16:07:09-04:00] cancel 1008162687141: HTTP 400
[2026-10-02T16:07:09-04:00] 2026-10-02-MEIC-13:00-CALL settled at intrinsic +0.00 pnl +198
[2026-10-02T16:07:09-04:00] cancel 1008162687215: HTTP 400
[2026-10-02T16:07:09-04:00] 2026-10-02-MEIC-13:30-PUT settled at intrinsic +0.00 pnl +178
[2026-10-02T16:07:09-04:00] 2026-10-02-MEIC-13:30-CALL settled at intrinsic +0.00 pnl +223
[2026-10-02T16:07:10-04:00] cancel 1008162687143: HTTP 400
[2026-10-02T16:07:10-04:00] 2026-10-02-MEIC-14:00-PUT settled at intrinsic +0.00 pnl +178
[2026-10-02T16:07:10-04:00] cancel 1008162687147: HTTP 400
[2026-10-02T16:07:10-04:00] 2026-10-02-MEIC-14:00-CALL settled at intrinsic +0.00 pnl +153
[2026-10-03T20:25:54-04:00] schwab audit …719: 503 Server Error: Service Unavailable for url: https://api.schwabapi.com/trader/v1/accounts/9243454752FF7A9222225FC96965292E4009F109774DD4E0BA2FA5E318884C14?fields=positions
[2026-10-03T20:25:55-04:00] schwab audit …910: 503 Server Error: Service Unavailable for url: https://api.schwabapi.com/trader/v1/accounts/1D9F603788777667377D3FCBED414E510D13B74A6A525C2AE1E26FC26A7B273A?fields=positions
[2026-10-03T20:35:56-04:00] schwab audit …719: 503 Server Error: Service Unavailable for url: https://api.schwabapi.com/trader/v1/accounts/9243454752FF7A9222225FC96965292E4009F109774DD4E0BA2FA5E318884C14?fields=positions
[2026-10-03T20:35:56-04:00] schwab audit …910: 503 Server Error: Service Unavailable for url: https://api.schwabapi.com/trader/v1/accounts/1D9F603788777667377D3FCBED414E510D13B74A6A525C2AE1E26FC26A7B273A?fields=positions
[2026-10-03T20:45:58-04:00] schwab audit …719: 503 Server Error: Service Unavailable for url: https://api.schwabapi.com/trader/v1/accounts/9243454752FF7A9222225FC96965292E4009F109774DD4E0BA2FA5E318884C14?fields=positions
[2026-10-03T20:45:58-04:00] schwab audit …910: 503 Server Error: Service Unavailable for url: https://api.schwabapi.com/trader/v1/accounts/1D9F603788777667377D3FCBED414E510D13B74A6A525C2AE1E26FC26A7B273A?fields=positions
[2026-10-03T20:55:59-04:00] schwab audit …719: 503 Server Error: Service Unavailable for url: https://api.schwabapi.com/trader/v1/accounts/9243454752FF7A9222225FC96965292E4009F109774DD4E0BA2FA5E318884C14?fields=positions
[2026-10-03T20:56:00-04:00] schwab audit …910: 503 Server Error: Service Unavailable for url: https://api.schwabapi.com/trader/v1/accounts/1D9F603788777667377D3FCBED414E510D13B74A6A525C2AE1E26FC26A7B273A?fields=positions
[2026-10-05T10:30:17-04:00] DRY-RUN …910 place NET_DEBIT 7.00
[2026-10-05T10:30:17-04:00] 2026-10-05-ORB-CALL OPEN submitted -7.00 (order dry-1791210617417)
[2026-10-05T10:30:47-04:00] 2026-10-05-ORB-CALL FILLED @ -7.00 (limit -7.00)
[2026-10-05T12:00:22-04:00] 2026-10-05-MEIC-12:00-PUT OPEN submitted +1.90 (order 1008172733719)
[2026-10-05T12:00:23-04:00] 2026-10-05-MEIC-12:00-CALL OPEN submitted +1.90 (order 1008172733723)
[2026-10-05T12:00:54-04:00] 2026-10-05-MEIC-12:00-PUT FILLED @ +2.10 (limit 1.90)
[2026-10-05T12:03:03-04:00] 2026-10-05-MEIC-12:00-CALL FILLED @ +1.90 (limit 1.90)
[2026-10-05T12:30:31-04:00] 2026-10-05-MEIC-12:30-PUT OPEN submitted +1.75 (order 1008173957554)
[2026-10-05T12:30:32-04:00] 2026-10-05-MEIC-12:30-CALL OPEN submitted +2.10 (order 1008173957556)
[2026-10-05T12:31:03-04:00] 2026-10-05-MEIC-12:30-PUT FILLED @ +1.75 (limit 1.75)
[2026-10-05T12:31:03-04:00] 2026-10-05-MEIC-12:30-CALL FILLED @ +2.10 (limit 2.10)
[2026-10-05T12:41:37-04:00] 2026-10-05-MEIC-12:00-CALL CLOSE (STOPPED) submitted @ +4.10
[2026-10-05T12:41:37-04:00] 2026-10-05-MEIC-12:30-CALL CLOSE (STOPPED) submitted @ +4.10
[2026-10-05T12:42:08-04:00] 2026-10-05-MEIC-12:00-CALL CLOSED @ +4.10 pnl -225
[2026-10-05T12:42:09-04:00] 2026-10-05-MEIC-12:30-CALL CLOSED @ +4.10 pnl -205
[2026-10-05T13:00:04-04:00] 2026-10-05-MEIC-13:00-PUT OPEN submitted +1.60 (order 1008175442189)
[2026-10-05T13:00:05-04:00] 2026-10-05-MEIC-13:00-CALL OPEN submitted +2.30 (order 1008175442197)
[2026-10-05T13:00:05-04:00] 2026-10-05-FLY-PUT OPEN submitted +5.80 (order 1008175147036)
[2026-10-05T13:00:06-04:00] 2026-10-05-FLY-CALL OPEN submitted +6.00 (order 1008175147038)
[2026-10-05T13:00:37-04:00] 2026-10-05-MEIC-13:00-PUT FILLED @ +1.60 (limit 1.60)
[2026-10-05T13:00:37-04:00] 2026-10-05-MEIC-13:00-CALL FILLED @ +2.30 (limit 2.30)
[2026-10-05T13:00:38-04:00] 2026-10-05-FLY-PUT FILLED @ +6.00 (limit 5.80)
[2026-10-05T13:00:38-04:00] 2026-10-05-FLY-CALL FILLED @ +6.00 (limit 6.00)
[2026-10-05T13:30:06-04:00] 2026-10-05-MEIC-13:30-PUT OPEN submitted +2.35 (order 1008176482193)
[2026-10-05T13:30:06-04:00] 2026-10-05-MEIC-13:30-CALL OPEN submitted +1.90 (order 1008176482196)
[2026-10-05T13:30:37-04:00] 2026-10-05-MEIC-13:30-PUT FILLED @ +2.35 (limit 2.35)
[2026-10-05T13:30:38-04:00] 2026-10-05-MEIC-13:30-CALL FILLED @ +1.90 (limit 1.90)
[2026-10-05T14:00:13-04:00] 2026-10-05-MEIC-14:00-PUT OPEN submitted +2.10 (order 1008177310721)
[2026-10-05T14:00:13-04:00] 2026-10-05-MEIC-14:00-CALL OPEN submitted +1.55 (order 1008177310727)
[2026-10-05T14:00:44-04:00] 2026-10-05-MEIC-14:00-PUT FILLED @ +2.15 (limit 2.10)
[2026-10-05T14:01:17-04:00] 2026-10-05-MEIC-14:00-CALL FILLED @ +1.55 (limit 1.55)
[2026-10-05T14:28:48-04:00] 2026-10-05-MEIC-13:00-CALL CLOSE (STOPPED) submitted @ +4.40
[2026-10-05T14:29:50-04:00] 2026-10-05-MEIC-13:00-CALL CLOSED @ +4.40 pnl -215
[2026-10-05T14:29:52-04:00] 2026-10-05-MEIC-13:30-CALL CLOSE (STOPPED) submitted @ +4.80
[2026-10-05T14:30:23-04:00] 2026-10-05-MEIC-13:30-CALL CLOSED @ +4.10 pnl -225
[2026-10-05T14:30:25-04:00] 2026-10-05-MEIC-14:30-PUT OPEN submitted +2.00 (order 1008178486288)
[2026-10-05T14:30:25-04:00] 2026-10-05-MEIC-14:30-CALL OPEN submitted +2.10 (order 1008178486292)
[2026-10-05T14:30:56-04:00] 2026-10-05-MEIC-14:30-PUT open REJECTED (The order is not an opening transaction. It will decrease or close an existing o)
[2026-10-05T14:30:56-04:00] 2026-10-05-MEIC-14:30-CALL FILLED @ +2.50 (limit 2.10)
[2026-10-05T14:59:57-04:00] 2026-10-05-FLY-PUT CLOSE (STOPPED) submitted @ +0.60
[2026-10-05T14:59:57-04:00] 2026-10-05-FLY-CALL CLOSE (STOPPED) submitted @ +14.70
[2026-10-05T15:00:28-04:00] 2026-10-05-FLY-PUT CLOSED @ +0.55 pnl +540
[2026-10-05T15:00:29-04:00] 2026-10-05-FLY-CALL CLOSED @ +14.55 pnl -860
[2026-10-05T15:01:02-04:00] 2026-10-05-MEIC-14:00-CALL CLOSE (STOPPED) submitted @ +4.10
[2026-10-05T15:01:33-04:00] 2026-10-05-MEIC-14:00-CALL CLOSED @ +4.10 pnl -260
[2026-10-05T15:01:33-04:00] MEIC DAILY STOP hit (-1129) — halting
[2026-10-05T15:01:34-04:00] 2026-10-05-MEIC-12:00-PUT CLOSE (HALT) submitted @ +0.25
[2026-10-05T15:01:35-04:00] 2026-10-05-MEIC-12:30-PUT CLOSE (HALT) submitted @ +0.25
[2026-10-05T15:01:35-04:00] 2026-10-05-MEIC-13:00-PUT CLOSE (HALT) submitted @ +0.30
[2026-10-05T15:01:36-04:00] 2026-10-05-MEIC-13:30-PUT CLOSE (HALT) submitted @ +0.45
[2026-10-05T15:01:37-04:00] 2026-10-05-MEIC-14:00-PUT CLOSE (HALT) submitted @ +0.70
[2026-10-05T15:01:38-04:00] 2026-10-05-MEIC-14:30-CALL CLOSE (HALT) submitted @ +6.10
[2026-10-05T15:01:39-04:00] 2026-10-05-MEIC-12:00-PUT absorbed external close @ +0.10 pnl +195
[2026-10-05T15:01:39-04:00] 2026-10-05-MEIC-12:30-PUT absorbed external close @ +0.10 pnl +160
[2026-10-05T15:01:39-04:00] 2026-10-05-MEIC-13:00-PUT absorbed external close @ +0.10 pnl +145
[2026-10-05T15:01:39-04:00] 2026-10-05-MEIC-13:30-PUT absorbed external close @ +0.25 pnl +205
[2026-10-05T15:02:10-04:00] 2026-10-05-MEIC-14:00-PUT CLOSED @ +0.50 pnl +160
[2026-10-05T15:02:11-04:00] 2026-10-05-MEIC-14:30-CALL CLOSED @ +5.40 pnl -295
[2026-10-05T16:00:07-04:00] 2026-10-05-ORB-CALL EXPIRED (cash settle -14.67) pnl +765
[2026-10-06T10:30:13-04:00] DRY-RUN …910 place NET_DEBIT 7.70
[2026-10-06T10:30:13-04:00] 2026-10-06-ORB-CALL OPEN submitted -7.70 (order dry-1791297013618)
[2026-10-06T10:30:43-04:00] 2026-10-06-ORB-CALL FILLED @ -7.70 (limit -7.70)
[2026-10-06T12:00:19-04:00] 2026-10-06-MEIC-12:00-PUT OPEN submitted +1.50 (order 1008190977335)
[2026-10-06T12:00:19-04:00] 2026-10-06-MEIC-12:00-CALL OPEN submitted +1.75 (order 1008190977339)
[2026-10-06T12:00:50-04:00] 2026-10-06-MEIC-12:00-PUT FILLED @ +1.55 (limit 1.50)
[2026-10-06T12:00:50-04:00] 2026-10-06-MEIC-12:00-CALL FILLED @ +1.75 (limit 1.75)
[2026-10-06T12:30:26-04:00] 2026-10-06-MEIC-12:30-PUT OPEN submitted +1.60 (order 1008192388673)
[2026-10-06T12:30:26-04:00] 2026-10-06-MEIC-12:30-CALL OPEN submitted +1.65 (order 1008192388677)
[2026-10-06T12:30:57-04:00] 2026-10-06-MEIC-12:30-PUT FILLED @ +1.85 (limit 1.60)
[2026-10-06T12:30:57-04:00] 2026-10-06-MEIC-12:30-CALL FILLED @ +1.65 (limit 1.65)
[2026-10-06T13:00:32-04:00] 2026-10-06-MEIC-13:00-PUT OPEN submitted +1.85 (order 1008193237903)
[2026-10-06T13:00:32-04:00] 2026-10-06-MEIC-13:00-CALL OPEN submitted +1.80 (order 1008193237905)
[2026-10-06T13:00:32-04:00] 2026-10-06-FLY-PUT OPEN submitted +6.70 (order 1008193502142)
[2026-10-06T13:00:33-04:00] 2026-10-06-FLY-CALL OPEN submitted +5.10 (order 1008193502144)
[2026-10-06T13:01:04-04:00] 2026-10-06-MEIC-13:00-PUT FILLED @ +1.85 (limit 1.85)
[2026-10-06T13:01:04-04:00] 2026-10-06-MEIC-13:00-CALL FILLED @ +1.85 (limit 1.80)
[2026-10-06T13:01:05-04:00] 2026-10-06-FLY-PUT FILLED @ +6.70 (limit 6.70)
[2026-10-06T13:01:06-04:00] 2026-10-06-FLY-CALL FILLED @ +5.30 (limit 5.10)
[2026-10-06T13:03:13-04:00] 2026-10-06-MEIC-12:00-PUT CLOSE (STOPPED) submitted @ +3.80
[2026-10-06T13:03:44-04:00] 2026-10-06-MEIC-12:00-PUT CLOSED @ +3.70 pnl -220
[2026-10-06T13:18:32-04:00] 2026-10-06-MEIC-12:30-PUT CLOSE (STOPPED) submitted @ +3.90
[2026-10-06T13:18:32-04:00] 2026-10-06-MEIC-13:00-PUT CLOSE (STOPPED) submitted @ +3.90
[2026-10-06T13:19:03-04:00] 2026-10-06-MEIC-12:30-PUT CLOSED @ +3.60 pnl -180
[2026-10-06T13:19:03-04:00] 2026-10-06-MEIC-13:00-PUT CLOSED @ +3.60 pnl -180
[2026-10-06T13:23:53-04:00] 2026-10-06-FLY-PUT CLOSE (STOPPED) submitted @ +13.90
[2026-10-06T13:23:54-04:00] 2026-10-06-FLY-CALL CLOSE (STOPPED) submitted @ +2.20
[2026-10-06T13:24:25-04:00] 2026-10-06-FLY-PUT CLOSED @ +12.70 pnl -605
[2026-10-06T13:24:26-04:00] FLY DAILY STOP hit (-605) — halting
[2026-10-06T13:28:18-04:00] 2026-10-06-FLY-CALL CLOSE (STOPPED) submitted @ +2.40
[2026-10-06T13:30:29-04:00] 2026-10-06-MEIC-13:30-PUT OPEN submitted +1.50 (order 1008194326897)
[2026-10-06T13:30:29-04:00] 2026-10-06-MEIC-13:30-CALL OPEN submitted +1.90 (order 1008194326900)
[2026-10-06T13:31:01-04:00] 2026-10-06-MEIC-13:30-PUT FILLED @ +1.80 (limit 1.50)
[2026-10-06T13:32:39-04:00] 2026-10-06-FLY-CALL CLOSE (STOPPED) submitted @ +2.85
[2026-10-06T13:32:40-04:00] 2026-10-06-MEIC-13:30-CALL FILLED @ +1.90 (limit 1.90)
[2026-10-06T13:56:06-04:00] 2026-10-06-FLY-CALL CLOSED @ +2.85 pnl +240
[2026-10-06T14:00:21-04:00] 2026-10-06-MEIC-14:00-PUT OPEN submitted +1.45 (order 1008195045469)
[2026-10-06T14:00:22-04:00] 2026-10-06-MEIC-14:00-CALL OPEN submitted +1.55 (order 1008195045475)
[2026-10-06T14:00:53-04:00] 2026-10-06-MEIC-14:00-PUT FILLED @ +1.45 (limit 1.45)
[2026-10-06T14:00:53-04:00] 2026-10-06-MEIC-14:00-CALL FILLED @ +1.60 (limit 1.55)
[2026-10-06T14:30:26-04:00] 2026-10-06-MEIC-14:30-PUT OPEN submitted +1.75 (order 1008196492552)
[2026-10-06T14:30:27-04:00] 2026-10-06-MEIC-14:30-CALL OPEN submitted +2.15 (order 1008196492556)
[2026-10-06T14:30:58-04:00] 2026-10-06-MEIC-14:30-PUT FILLED @ +2.00 (limit 1.75)
[2026-10-06T14:32:35-04:00] 2026-10-06-MEIC-14:30-CALL FILLED @ +2.15 (limit 2.15)
[2026-10-06T15:14:10-04:00] 2026-10-06-MEIC-12:00-CALL CLOSE (TP) submitted @ +0.10
[2026-10-06T15:18:25-04:00] 2026-10-06-MEIC-12:00-CALL CLOSE (TP) submitted @ +0.30
[2026-10-06T15:22:43-04:00] 2026-10-06-MEIC-12:00-CALL CLOSE (TP) submitted @ +0.75
[2026-10-06T15:23:15-04:00] 2026-10-06-MEIC-12:00-CALL close REJECTED (Your limit price is significantly away from the current market price. Please adj) — retry 1/3
[2026-10-06T15:23:17-04:00] 2026-10-06-MEIC-12:00-CALL CLOSE (TP) submitted @ +0.25
[2026-10-06T15:24:21-04:00] 2026-10-06-MEIC-12:30-CALL CLOSE (TP) submitted @ +0.10
[2026-10-06T15:27:35-04:00] 2026-10-06-MEIC-12:00-CALL CLOSE (TP) submitted @ +0.25
[2026-10-06T15:28:41-04:00] 2026-10-06-MEIC-12:30-CALL CLOSE (TP) submitted @ +0.30
[2026-10-06T15:31:57-04:00] 2026-10-06-MEIC-12:00-CALL CLOSE (TP) submitted @ +0.25
[2026-10-06T15:33:03-04:00] 2026-10-06-MEIC-12:30-CALL CLOSE (TP) submitted @ +0.75
[2026-10-06T15:33:36-04:00] 2026-10-06-MEIC-12:30-CALL close REJECTED (Your limit price is significantly away from the current market price. Please adj) — retry 1/3
[2026-10-06T15:33:38-04:00] 2026-10-06-MEIC-12:30-CALL CLOSE (TP) submitted @ +0.25
[2026-10-06T15:37:58-04:00] 2026-10-06-MEIC-12:30-CALL CLOSE (TP) submitted @ +0.25
[2026-10-06T15:39:37-04:00] 2026-10-06-MEIC-13:00-CALL CLOSE (TP) submitted @ +0.10
[2026-10-06T15:42:21-04:00] 2026-10-06-MEIC-12:30-CALL CLOSE (TP) submitted @ +0.25
[2026-10-06T15:44:01-04:00] 2026-10-06-MEIC-13:00-CALL CLOSE (TP) submitted @ +0.30
[2026-10-06T15:48:25-04:00] 2026-10-06-MEIC-13:00-CALL CLOSE (TP) submitted @ +0.75
[2026-10-06T15:48:57-04:00] 2026-10-06-MEIC-13:00-CALL close REJECTED (Your limit price is significantly away from the current market price. Please adj) — retry 1/3
[2026-10-06T15:49:00-04:00] 2026-10-06-MEIC-13:00-CALL CLOSE (TP) submitted @ +0.25
[2026-10-06T15:50:39-04:00] 2026-10-06-MEIC-13:30-CALL CLOSE (TP) submitted @ +0.10
[2026-10-06T15:50:40-04:00] 2026-10-06-MEIC-14:00-CALL CLOSE (TP) submitted @ +0.10
[2026-10-06T15:51:47-04:00] DRY-RUN …910 place NET_CREDIT 3.10
[2026-10-06T15:51:47-04:00] 2026-10-06-ORB-CALL CLOSE (STOPPED) submitted @ -3.10
[2026-10-06T15:52:17-04:00] 2026-10-06-ORB-CALL CLOSED @ -3.10 pnl -465
[2026-10-06T15:53:29-04:00] 2026-10-06-MEIC-13:00-CALL CLOSE (TP) submitted @ +0.25
[2026-10-06T15:54:06-04:00] 2026-10-06-MEIC-14:30-CALL CLOSE (TP) submitted @ +0.10
[2026-10-06T15:55:13-04:00] 2026-10-06-MEIC-13:30-CALL CLOSE (TP) submitted @ +0.30
[2026-10-06T15:55:14-04:00] 2026-10-06-MEIC-14:00-CALL CLOSE (TP) submitted @ +0.30
[2026-10-06T15:57:30-04:00] 2026-10-06-MEIC-13:00-CALL too late to close — leaving to settlement
[2026-10-06T15:58:39-04:00] 2026-10-06-MEIC-14:30-CALL too late to close — leaving to settlement
[2026-10-06T15:59:13-04:00] 2026-10-06-MEIC-13:30-PUT too late to close — leaving to settlement
[2026-10-06T15:59:45-04:00] 2026-10-06-MEIC-13:30-CALL too late to close — leaving to settlement
[2026-10-06T15:59:46-04:00] 2026-10-06-MEIC-14:00-CALL too late to close — leaving to settlement
[2026-10-06T15:59:47-04:00] 2026-10-06-MEIC-14:00-PUT too late to close — leaving to settlement
[2026-10-06T16:00:18-04:00] 2026-10-06-MEIC-12:00-CALL close REJECTED (This option contract has either changed, no longer trades or has expired.) — retry 2/3
[2026-10-06T16:00:20-04:00] 2026-10-06-MEIC-12:00-CALL too late to close — leaving to settlement
[2026-10-06T16:00:20-04:00] 2026-10-06-MEIC-14:30-PUT EXPIRED (cash settle +0.76) pnl +122
[2026-10-06T16:07:16-04:00] cancel 1008198356114: HTTP 400
[2026-10-06T16:07:17-04:00] 2026-10-06-MEIC-12:00-CALL settled at intrinsic +0.00 pnl +173
[2026-10-06T16:07:17-04:00] 2026-10-06-MEIC-12:30-CALL settled at intrinsic +0.00 pnl +163
[2026-10-06T16:07:17-04:00] cancel 1008198357097: HTTP 400
[2026-10-06T16:07:17-04:00] 2026-10-06-MEIC-13:00-CALL settled at intrinsic +0.00 pnl +183
[2026-10-06T16:07:17-04:00] 2026-10-06-MEIC-13:30-PUT settled at intrinsic +0.00 pnl +178
[2026-10-06T16:07:18-04:00] cancel 1008198357222: HTTP 400
[2026-10-06T16:07:18-04:00] 2026-10-06-MEIC-13:30-CALL settled at intrinsic +0.00 pnl +188
[2026-10-06T16:07:18-04:00] 2026-10-06-MEIC-14:00-PUT settled at intrinsic +0.00 pnl +143
[2026-10-06T16:07:18-04:00] cancel 1008198357226: HTTP 400
[2026-10-06T16:07:18-04:00] 2026-10-06-MEIC-14:00-CALL settled at intrinsic +0.00 pnl +158
[2026-10-06T16:07:19-04:00] cancel 1008198357136: HTTP 400
[2026-10-06T16:07:19-04:00] 2026-10-06-MEIC-14:30-CALL settled at intrinsic +0.00 pnl +213
[2026-10-07T10:30:06-04:00] DRY-RUN …910 place NET_DEBIT 7.80
[2026-10-07T10:30:06-04:00] 2026-10-07-ORB-PUT OPEN submitted -7.80 (order dry-1791383406588)
[2026-10-07T10:30:36-04:00] 2026-10-07-ORB-PUT FILLED @ -7.80 (limit -7.80)
